Fondo;Descripción;Centro;Sección;Programa;Subconcepto;Programa de Financiación;Definición proyecto;Título;Distrito;Texto Distrito;Línea de Inversión;Descripción Línea de Inversión;Sublínea de Inversión;Descripción Sublínea de Inversión;Etiqueta 16;Descripción etiqueta 16;Etiqueta 17;Descripción etiqueta 17;Etiqueta 18;Descripción etiqueta 18;Cred. Inicial;Modifc. ;C. Definitivo ;C Disponible ;Re. Pte. Util.;C. Autorizado ;C. Dispuesto ;Obl. Reconoc. ;C. Ordenado ;Pagos Real;
;;001;100;91216;61900;2025/000089;2025/000089;EDIFICIO PLAZA DE LA VILLA, 4. RESTAURACIÓN DE LÁMPARAS, FAROLES Y OTROS;201;CENTRO;10;CULTURA;05;PROMOCIÓN DE LA CULTURA;;;;;;;12000;0;12000;12000;0;0;0;0;0;0;
;;001;100;91230;62500;2025/000091;2025/000091;EQUIPAMIENTO SERVICIOS ADMINISTRATIVOS SECRETARÍA GENERAL DEL PLENO;999;NO DISTRITALIZABLE;00;INVERSIONES DE CARÁCTER GENERAL;01;SERVICIOS ADMINISTRATIVOS CENTRALES;;;;;;;4000;0;4000;2389,25;0;1610,75;1610,75;1610,75;0;1610,75;
;;001;100;91230;62599;2025/000091;2025/000091;EQUIPAMIENTO SERVICIOS ADMINISTRATIVOS SECRETARÍA GENERAL DEL PLENO;999;NO DISTRITALIZABLE;00;INVERSIONES DE CARÁCTER GENERAL;01;SERVICIOS ADMINISTRATIVOS CENTRALES;;;;;;;2000;17000;19000;3580,24;0;15419,76;15419,76;556,6;0;556,6;
;;001;100;91230;62901;2025/000098;2025/000098;SERVICIOS SECRETARÍA GENERAL DEL PLENO. SEÑALIZACIÓN;999;NO DISTRITALIZABLE;00;INVERSIONES DE CARÁCTER GENERAL;01;SERVICIOS ADMINISTRATIVOS CENTRALES;;;;;;;2000;0;2000;2000;0;0;0;0;0;0;
;;001;100;91230;63200;2025/000099;2025/000099;EDIFICIO PLAZA DE LA VILLA, 4. OBRAS DE ADECUACIÓN DE CLIMATIZACIÓN;201;CENTRO;00;INVERSIONES DE CARÁCTER GENERAL;01;SERVICIOS ADMINISTRATIVOS CENTRALES;;;;;;;15000;31800;46800;1813,11;0;44986,89;44986,89;33518,51;0;33518,51;
;;001;100;91230;63301;2025/000091;2025/000091;EQUIPAMIENTO SERVICIOS ADMINISTRATIVOS SECRETARÍA GENERAL DEL PLENO;999;NO DISTRITALIZABLE;00;INVERSIONES DE CARÁCTER GENERAL;01;SERVICIOS ADMINISTRATIVOS CENTRALES;;;;;;;0;18000;18000;2906,07;0;15093,93;15093,93;0;0;0;
;;001;100;91230;63600;2025/000092;2025/000092;SERVICIOS SECRETARÍA GENERAL DEL PLENO. ELEMENTOS DE COMUNICACIÓN Y TRANSCRIPCIONES;999;NO DISTRITALIZABLE;00;INVERSIONES DE CARÁCTER GENERAL;01;SERVICIOS ADMINISTRATIVOS CENTRALES;;;;;;;12000;-4000;8000;8000;0;0;0;0;0;0;
;;001;100;91240;62500;2025/000100;2025/000100;EQUIPAMIENTO SERVICIOS GRUPOS POLITICOS MUNCIPALES;999;NO DISTRITALIZABLE;00;INVERSIONES DE CARÁCTER GENERAL;01;SERVICIOS ADMINISTRATIVOS CENTRALES;;;;;;;5000;0;5000;5000;0;0;0;0;0;0;
;;001;100;91240;62599;2025/000100;2025/000100;EQUIPAMIENTO SERVICIOS GRUPOS POLITICOS MUNCIPALES;999;NO DISTRITALIZABLE;00;INVERSIONES DE CARÁCTER GENERAL;01;SERVICIOS ADMINISTRATIVOS CENTRALES;;;;;;;2000;0;2000;1875,37;0;124,63;124,63;124,63;0;124,63;
;;001;100;91240;62901;2025/000097;2025/000097;SERVICIOS GRUPOS POLITICOS MUNICIPALES. SEÑALIZACIÓN;999;NO DISTRITALIZABLE;00;INVERSIONES DE CARÁCTER GENERAL;01;SERVICIOS ADMINISTRATIVOS CENTRALES;;;;;;;2000;0;2000;2000;0;0;0;0;0;0;
;;001;102;92012;60900;2025/000341;2025/000341;BELÉN ARTÍSTICO DEL AYUNTAMIENTO DE MADRID. ADQUISICIÓN DE NUEVAS FIGURAS;203;RETIRO;10;CULTURA;05;PROMOCIÓN DE LA CULTURA;;;;;;;5000;0;5000;1128;0;3872;3872;0;0;0;
;;001;102;92012;62302;2025/000061;2025/000061;EQUIPAMIENTO SERVICIOS DE COORDINACIÓN GENERAL DE LA ALCALDÍA;999;NO DISTRITALIZABLE;00;INVERSIONES DE CARÁCTER GENERAL;01;SERVICIOS ADMINISTRATIVOS CENTRALES;;;;;;;1000;0;1000;58,52;0;941,48;941,48;941,48;0;941,48;
;;001;102;92012;62500;2025/000062;2025/000062;SERVICIOS COORDINACIÓN GENERAL ALCALDÍA. MOBILIARIO Y EQUIPOS OFICINA;999;NO DISTRITALIZABLE;00;INVERSIONES DE CARÁCTER GENERAL;01;SERVICIOS ADMINISTRATIVOS CENTRALES;;;;;;;15000;0;15000;9789,13;0;5210,87;5210,87;5210,87;0;5210,87;
;;001;102;92012;62599;2025/000061;2025/000061;EQUIPAMIENTO SERVICIOS DE COORDINACIÓN GENERAL DE LA ALCALDÍA;999;NO DISTRITALIZABLE;00;INVERSIONES DE CARÁCTER GENERAL;01;SERVICIOS ADMINISTRATIVOS CENTRALES;;;;;;;15000;3000;18000;3128,35;0;14871,65;14871,65;13182,49;0;13182,49;
;;001;102;92012;62600;2025/000061;2025/000061;EQUIPAMIENTO SERVICIOS DE COORDINACIÓN GENERAL DE LA ALCALDÍA;999;NO DISTRITALIZABLE;00;INVERSIONES DE CARÁCTER GENERAL;01;SERVICIOS ADMINISTRATIVOS CENTRALES;;;;;;;0;6000;6000;527,41;0;5472,59;0;0;0;0;
;;001;102;92012;63200;2025/001450;2025/001450;EDIFICIO CAMINO DE HORMIGUERAS, 133. OBRAS DE INSTALACIÓN DE PUERTA CORTAFUEGOS;218;VILLA DE VALLECAS;00;INVERSIONES DE CARÁCTER GENERAL;01;SERVICIOS ADMINISTRATIVOS CENTRALES;;;;;;;0;2000;2000;2000;0;0;0;0;0;0;
;;001;102;92012;63301;2025/000063;2025/000063;SERVICIOS COORDINACIÓN GENERAL DE LA ALCALDÍA. INSTALACIONES;999;NO DISTRITALIZABLE;00;INVERSIONES DE CARÁCTER GENERAL;01;SERVICIOS ADMINISTRATIVOS CENTRALES;;;;;;;95000;-88000;7000;3237,32;0;3762,68;3762,68;3762,68;0;0;
;;001;102;92012;63400;2025/000315;2025/000315;SERVICIOS COORDINACIÓN GENERAL DE LA ALCALDÍA. FURGONETA;999;NO DISTRITALIZABLE;00;INVERSIONES DE CARÁCTER GENERAL;01;SERVICIOS ADMINISTRATIVOS CENTRALES;;;;;;;95000;0;95000;4250;10527;80223;80223;80223;0;80223;
;;001;102;92012;63500;2025/000062;2025/000062;SERVICIOS COORDINACIÓN GENERAL ALCALDÍA. MOBILIARIO Y EQUIPOS OFICINA;999;NO DISTRITALIZABLE;00;INVERSIONES DE CARÁCTER GENERAL;01;SERVICIOS ADMINISTRATIVOS CENTRALES;;;;;;;1000;0;1000;1000;0;0;0;0;0;0;
;;001;102;92012;63599;2025/000061;2025/000061;EQUIPAMIENTO SERVICIOS DE COORDINACIÓN GENERAL DE LA ALCALDÍA;999;NO DISTRITALIZABLE;00;INVERSIONES DE CARÁCTER GENERAL;01;SERVICIOS ADMINISTRATIVOS CENTRALES;;;;;;;0;13000;13000;1137,34;0;11862,66;11862,66;0;0;0;
;;001;120;13000;62500;2025/001156;2025/001156;SERVICIOS ADMINISTRATIVOS VICEALCALDÍA, PORTAVOZ, SEGURIDAD Y EMERGENCIAS. MOBILIARIO DE OFICINA;999;NO DISTRITALIZABLE;00;INVERSIONES DE CARÁCTER GENERAL;01;SERVICIOS ADMINISTRATIVOS CENTRALES;;;;;;;0;5619;5619;0,61;0;5618,39;5618,39;5617,95;0;5617,95;
;;001;120;13000;62599;2025/001500;2025/001500;EQUIPAMIENTO SERVICIOS ADMINISTRATIVOS VICEALCALDIA, PORTAVOZ, SEGURIDAD Y EMERGENCIAS;999;NO DISTRITALIZABLE;00;INVERSIONES DE CARÁCTER GENERAL;01;SERVICIOS ADMINISTRATIVOS CENTRALES;;;;;;;0;11000;11000;11000;0;0;0;0;0;0;
;;001;120;13000;63200;2021/000406;2021/000406;EDIFICIO POLICÍA MUNICIPAL C/ PLOMO, 14. OBRAS DE REHABILITACIÓN PARCIAL;202;ARGANZUELA;01;PROTECCIÓN CIVIL Y SEGURIDAD CIUDADANA;00;POLICIA MUNICIPAL;;;;;;;0;6787,2;6787,2;0;0;6787,2;6787,2;6787,2;0;6787,2;
;;001;120;13000;63200;2023/001530;2023/001530;PARQUE DE BOMBEROS Nº 9. OBRAS REFORMA Y AMPLIACIÓN EN SÓTANO, EDIFICIO GIMNASIO Y COCHERAS TRASERAS;208;FUENCARRAL-EL PARDO;01;PROTECCIÓN CIVIL Y SEGURIDAD CIUDADANA;01;BOMBEROS;;;;;;;1002153;0;1002153;0,06;0;1002152,94;1002152,94;1000739,06;0;931543,83;
;;001;120;13000;63200;2024/001247;2024/001247;PARQUE DE BOMBEROS NÚMERO 9, EDIFICIO OESTE. OBRAS DE REFORMA Y AMPLIACIÓN;208;FUENCARRAL-EL PARDO;01;PROTECCIÓN CIVIL Y SEGURIDAD CIUDADANA;01;BOMBEROS;;;;;;;1289172;0;1289172;0,71;0;1289171,29;1289171,29;610531,73;0;368545,56;
;;001;120;13000;63200;2024/001341;2024/001341;EDIFICIO AVENIDA ORCASUR, 51. OBRAS REHABILITACIÓN PARA CENTRO LOGÍSTICO POLICÍA MUNICIPAL ORCASUR;212;USERA;01;PROTECCIÓN CIVIL Y SEGURIDAD CIUDADANA;00;POLICIA MUNICIPAL;;;17;FONDO REEQUILIBRIO TERRITORIAL;;;0;116220;116220;0;116220;0;0;0;0;0;
;;001;120;13000;63200;2024/001513;2024/001513;BASE 10 SAMUR-PROTECCIÓN CIVIL. OBRAS DE ADECUACIÓN DE CLIMATIZACIÓN;206;TETUAN;01;PROTECCIÓN CIVIL Y SEGURIDAD CIUDADANA;02;SAMUR - PROTECCIÓN CIVIL;;;;;;;0;78258,75;78258,75;0;0;78258,75;78258,75;78258,75;0;78258,75;
;;001;120;13000;63200;2025/000352;2025/000352;BASE 0 SAMUR-PROTECCIÓN CIVIL. OBRAS DE REFORMA EDIFICIO 2;209;MONCLOA-ARAVACA;01;PROTECCIÓN CIVIL Y SEGURIDAD CIUDADANA;02;SAMUR - PROTECCIÓN CIVIL;;;;;;;1241653;-91432,1;1150220,9;196893,06;0;953327,84;953327,84;96658,9;0;96658,9;
;;001;120;13000;63200;2025/001084;2025/001084;EDIFICIO CALLE PRÍNCIPE DE VERGARA, 140. OBRAS INSTALACIÓN MAMPARAS PARA ACONDICIONAMIENTO ESPACIO;205;CHAMARTIN;00;INVERSIONES DE CARÁCTER GENERAL;01;SERVICIOS ADMINISTRATIVOS CENTRALES;;;;;;;0;1600;1600;341,6;0;1258,4;1258,4;1258,4;0;1258,4;
;;001;120;13000;63200;2025/001254;2025/001254;PARQUE DE BOMBEROS Nº 11. OBRAS DE REPARACIÓN DE DAÑOS DEL MURO FRONTÓN;216;HORTALEZA;01;PROTECCIÓN CIVIL Y SEGURIDAD CIUDADANA;01;BOMBEROS;;;;;;;0;14031,03;14031,03;3315,09;0;10715,94;10715,94;0;0;0;
;;001;120;13000;63200;2025/001255;2025/001255;CAMPA DEL PARQUE DE BOMBEROS Nº 9. OBRAS DE INSTALACIÓN DE GRUPO ELECTRÓGENO;208;FUENCARRAL-EL PARDO;01;PROTECCIÓN CIVIL Y SEGURIDAD CIUDADANA;01;BOMBEROS;;;;;;;0;14106,94;14106,94;0;0;14106,94;14106,94;0;0;0;
;;001;120;13000;63200;2025/001256;2025/001256;PARQUE DE BOMBEROS Nº 1. OBRAS DE ADECUACIÓN DE LA INSTALACIÓN DE CLIMATIZACIÓN;207;CHAMBERI;01;PROTECCIÓN CIVIL Y SEGURIDAD CIUDADANA;01;BOMBEROS;;;;;;;0;48148,18;48148,18;0;0;48148,18;48148,18;0;0;0;
;;001;120;13000;63200;2025/001274;2025/001274;COMISARÍA INTEGRAL POLICÍA MUNICIPAL, DISTRITO TETUÁN. OBRAS ACONDICIONAMIENTO SISTEMA CLIMATIZACIÓN;206;TETUAN;01;PROTECCIÓN CIVIL Y SEGURIDAD CIUDADANA;00;POLICIA MUNICIPAL;;;;;;;0;363000;363000;33919,54;0;329080,46;329080,46;158062,38;0;30353,76;
;;001;120;13000;63200;2025/001299;2025/001299;PARQUE DE BOMBEROS Nº 12. ADECUACIÓN DE INSTALACIÓN ELÉCTRICA Y DE CLIMATIZACIÓN;210;LATINA;01;PROTECCIÓN CIVIL Y SEGURIDAD CIUDADANA;01;BOMBEROS;;;;;;;0;405000;405000;0;0;405000;405000;0;0;0;
;;001;120;13000;63200;2025/001300;2025/001300;PARQUE DE BOMBEROS Nº 10. MEJORA DE LA EFICIENCIA ENERGÉTICA DEL TALLER ALMACÉN;217;VILLAVERDE;01;PROTECCIÓN CIVIL Y SEGURIDAD CIUDADANA;01;BOMBEROS;;;;;;;0;440000;440000;0;0;440000;440000;125045,22;0;125045,22;
5;FONDO DE REEQUILIBRIO TERRITORIAL;001;120;13000;63200;2024/001341;2024/001341;EDIFICIO AVENIDA ORCASUR, 51. OBRAS REHABILITACIÓN PARA CENTRO LOGÍSTICO POLICÍA MUNICIPAL ORCASUR;212;USERA;01;PROTECCIÓN CIVIL Y SEGURIDAD CIUDADANA;00;POLICIA MUNICIPAL;;;17;FONDO REEQUILIBRIO TERRITORIAL;;;1410000;0;1410000;0,01;0;1409999,99;1409999,99;839646,49;0;805807,23;
;;001;120;13000;63301;2025/001425;2025/001425;EDIFICIO CALLE PRÍNCIPE DE VERGARA, 140. INSTALACIONES TÉCNICAS;999;NO DISTRITALIZABLE;00;INVERSIONES DE CARÁCTER GENERAL;01;SERVICIOS ADMINISTRATIVOS CENTRALES;;;;;;;0;2100;2100;129,76;0;1970,24;1970,24;0;0;0;
;;001;120;13000;63599;2025/001310;2025/001310;EDIFICIO CALLE PRÍNCIPE DE VERGARA, 140. FUENTES DE AGUA REFRIGERADA;999;NO DISTRITALIZABLE;00;INVERSIONES DE CARÁCTER GENERAL;01;SERVICIOS ADMINISTRATIVOS CENTRALES;;;;;;;0;12100;12100;355,13;0;11744,87;11744,87;0;0;0;
;;001;120;13001;62300;2025/001268;2025/001268;CENTRO INTEGRADO DE FORMACIÓN DE SEGURIDAD Y EMERGENCIAS. MAQUINARIA;998;VARIOS DISTRITOS;01;PROTECCIÓN CIVIL Y SEGURIDAD CIUDADANA;00;POLICIA MUNICIPAL;;;;;;;0;2350;2350;234,27;0;2115,73;2115,73;0;0;0;
;;001;120;13001;62301;2025/000366;2025/000366;CENTRO INTEGRADO DE FORMACIÓN DE SEGURIDAD Y EMERGENCIAS. INSTALACIONES TÉCNICAS;998;VARIOS DISTRITOS;01;PROTECCIÓN CIVIL Y SEGURIDAD CIUDADANA;00;POLICIA MUNICIPAL;;;;;;;300000;-18700;281300;1297,84;0;280002,16;0;0;0;0;
;;001;120;13001;62302;2025/000020;2025/000020;CENTRO INTEGRADO DE FORMACIÓN DE SEGURIDAD Y EMERGENCIAS. ÚTILES Y HERRAMIENTAS;998;VARIOS DISTRITOS;01;PROTECCIÓN CIVIL Y SEGURIDAD CIUDADANA;00;POLICIA MUNICIPAL;;;;;;;18000;-15005;2995;2995;0;0;0;0;0;0;
;;001;120;13001;62500;2025/000021;2025/000021;CENTRO INTEGRADO DE FORMACIÓN DE SEGURIDAD Y EMERGENCIAS. ADQUISICIÓN MOBILIARIO OFICINA;998;VARIOS DISTRITOS;01;PROTECCIÓN CIVIL Y SEGURIDAD CIUDADANA;00;POLICIA MUNICIPAL;;;;;;;7000;0;7000;6456,71;0;543,29;543,29;0;0;0;
;;001;120;13001;62599;2025/000023;2025/000023;CENTRO INTEGRADO DE FORMACIÓN DE SEGURIDAD Y EMERGENCIAS. OTRO MOBILIARIO Y ENSERES;998;VARIOS DISTRITOS;01;PROTECCIÓN CIVIL Y SEGURIDAD CIUDADANA;00;POLICIA MUNICIPAL;;;;;;;0;5900;5900;2209,77;0;3690,23;3690,23;0;0;0;
;;001;120;13001;62601;2025/000022;2025/000022;CENTRO INTEGRADO DE FORMACIÓN DE SEGURIDAD Y EMERGENCIAS. EQUIPOS PROCESOS DE DATOS;998;VARIOS DISTRITOS;01;PROTECCIÓN CIVIL Y SEGURIDAD CIUDADANA;00;POLICIA MUNICIPAL;;;;;;;36300;18000;54300;7507,48;0;46792,52;46792,52;46792,52;0;46792,52;
;;001;120;13001;63200;2025/001316;2025/001316;CENTRO INTEGRAL DE FORMACION DE SEGURIDAD Y EMERGENCIAS (CIFSE). OBRAS DE CONSERVACIÓN Y MEJORA;210;LATINA;01;PROTECCIÓN CIVIL Y SEGURIDAD CIUDADANA;00;POLICIA MUNICIPAL;;;;;;;0;20855;20855;17082,64;0;3772,36;3772,36;242;0;242;
;;001;120;13001;63300;2025/001284;2025/001284;CENTRO INTEGRAL DE FORMACION DE SEGURIDAD Y EMERGENCIAS (CIFSE). MAQUINARIA;998;VARIOS DISTRITOS;01;PROTECCIÓN CIVIL Y SEGURIDAD CIUDADANA;00;POLICIA MUNICIPAL;;;;;;;0;7000;7000;492,77;0;6507,23;6507,23;6507,23;0;0;
;;001;120;13001;63301;2025/000366;2025/000366;CENTRO INTEGRADO DE FORMACIÓN DE SEGURIDAD Y EMERGENCIAS. INSTALACIONES TÉCNICAS;998;VARIOS DISTRITOS;01;PROTECCIÓN CIVIL Y SEGURIDAD CIUDADANA;00;POLICIA MUNICIPAL;;;;;;;0;77200;77200;216,19;0;76983,81;1997,69;0;0;0;
;;001;120;13001;63599;2025/000023;2025/000023;CENTRO INTEGRADO DE FORMACIÓN DE SEGURIDAD Y EMERGENCIAS. OTRO MOBILIARIO Y ENSERES;998;VARIOS DISTRITOS;01;PROTECCIÓN CIVIL Y SEGURIDAD CIUDADANA;00;POLICIA MUNICIPAL;;;;;;;5000;-3400;1600;1600;0;0;0;0;0;0;
;;001;120;13001;63600;2025/000024;2025/000024;CENTRO INTEGRADO DE FORMACIÓN DE SEGURIDAD Y EMERGENCIAS. RENOVACION EQUIPOS DE COMUNICACIÓN;998;VARIOS DISTRITOS;01;PROTECCIÓN CIVIL Y SEGURIDAD CIUDADANA;00;POLICIA MUNICIPAL;;;;;;;40000;-40000;0;0;0;0;0;0;0;0;
;;001;120;13001;64100;2025/000025;2025/000025;CENTRO INTEGRADO DE FORMACIÓN DE SEGURIDAD Y EMERGENCIAS. ADQUISICIÓN LICENCIAS INFORMÁTICAS;998;VARIOS DISTRITOS;01;PROTECCIÓN CIVIL Y SEGURIDAD CIUDADANA;00;POLICIA MUNICIPAL;;;;;;;16300;-16300;0;0;0;0;0;0;0;0;
;;001;120;13201;62302;2024/000124;2024/000124;OTRO EQUIPAMIENTO DIVERSO PARA LOS SERVICIOS DE POLICÍA MUNICIPAL;998;VARIOS DISTRITOS;01;PROTECCIÓN CIVIL Y SEGURIDAD CIUDADANA;00;POLICIA MUNICIPAL;;;;;;;0;1608,2;1608,2;1100;0;508,2;508,2;508,2;0;508,2;
;;001;120;13201;62302;2025/001191;2025/001191;SERVICIOS POLICÍA MUNICIPAL.ÚTILES DE MEDIDA PARAMETROS CONFORT DEPENDENCIAS Y PREVENCIÓN RIESGOS;999;NO DISTRITALIZABLE;01;PROTECCIÓN CIVIL Y SEGURIDAD CIUDADANA;00;POLICIA MUNICIPAL;;;;;;;0;2700;2700;2700;0;0;0;0;0;0;
;;001;120;13201;62302;2025/001215;2025/001215;SERVICIOS POLICÍA MUNICIPAL. ADQUISICIÓN DE CASCOS DE SEGURIDAD;998;VARIOS DISTRITOS;01;PROTECCIÓN CIVIL Y SEGURIDAD CIUDADANA;00;POLICIA MUNICIPAL;;;;;;;0;45891,8;45891,8;21965,04;0;23926,76;23926,76;6080,25;0;0;
;;001;120;13201;62500;2024/000110;2024/010110;UNIDAD LOGÍSTICA POLÍCIA MUNICIPAL. MOBILIARIO Y EQUIPOS DE OFICINA;998;VARIOS DISTRITOS;01;PROTECCIÓN CIVIL Y SEGURIDAD CIUDADANA;00;POLICIA MUNICIPAL;;;;;;;0;1173,7;1173,7;0;0;1173,7;1173,7;1173,7;0;1173,7;
;;001;120;13201;62500;2024/000110;2024/020110;COMISARÍA PRINCIPAL POLICÍA JUDICIAL DE MADRID, C/ PLOMO 14. MOBILIARIO Y EQUIPOS DE OFICINA;202;ARGANZUELA;01;PROTECCIÓN CIVIL Y SEGURIDAD CIUDADANA;00;POLICIA MUNICIPAL;;;;;;;0;47848,24;47848,24;0;0;47848,24;47848,24;47848,24;0;47848,24;
;;001;120;13201;62500;2024/000110;2024/030110;COMISARÍA INTEGRAL POLICÍA MUNICIPAL DISTRITO PUENTE VALLECAS. MOBILIARIO Y EQUIPOS DE OFICINA;213;PUENTE DE VALLECAS;01;PROTECCIÓN CIVIL Y SEGURIDAD CIUDADANA;00;POLICIA MUNICIPAL;;;;;;;0;4537,5;4537,5;0;0;4537,5;4537,5;4537,5;0;4537,5;
;;001;120;13201;62500;2024/000110;2024/040110;CENTRO INTEGRADO DE SEGURIDAD Y EMERGENCIAS (CISEM). MOBILIARIO Y EQUIPOS DE OFICINA;204;SALAMANCA;01;PROTECCIÓN CIVIL Y SEGURIDAD CIUDADANA;00;POLICIA MUNICIPAL;;;;;;;0;17728,92;17728,92;0;0;17728,92;17728,92;17728,92;0;17728,92;
;;001;120;13201;62500;2024/000110;2024/050110;NUEVO ALMACEN VESTUARIO POLICÍA MUNICIPAL C/ REAL DE SAN VICENTE, 8. MOBILIARIO Y EQUIPOS OFICINA;216;HORTALEZA;01;PROTECCIÓN CIVIL Y SEGURIDAD CIUDADANA;00;POLICIA MUNICIPAL;;;;;;;0;14298,57;14298,57;0;0;14298,57;14298,57;14298,57;0;14298,57;
;;001;120;13201;62500;2024/000110;2024/060110;SECCIÓN CANINA DE LA POLICÍA MUNICIPAL. MOBILIARIO Y EQUIPOS DE OFICINA;209;MONCLOA-ARAVACA;01;PROTECCIÓN CIVIL Y SEGURIDAD CIUDADANA;00;POLICIA MUNICIPAL;;;;;;;0;7151,1;7151,1;0;0;7151,1;7151,1;7151,1;0;7151,1;
;;001;120;13201;62500;2024/000110;2024/070110;COMISARÍA INTEGRAL POLICÍA MUNICIPAL DISTRITO SAN BLAS-CANILLEJAS. MOBILIARIO Y EQUIPOS DE OFICINA;220;SAN BLAS-CANILLEJAS;01;PROTECCIÓN CIVIL Y SEGURIDAD CIUDADANA;00;POLICIA MUNICIPAL;;;;;;;0;6521,9;6521,9;0;0;6521,9;6521,9;6521,9;0;6521,9;
;;001;120;13201;62500;2024/000110;2024/080110;COMISARÍA INTEGRAL DE POLICÍA MUNICIPAL DISTRITO BARAJAS. MOBILIARIO Y EQUIPOS DE OFICINA;221;BARAJAS;01;PROTECCIÓN CIVIL Y SEGURIDAD CIUDADANA;00;POLICIA MUNICIPAL;;;;;;;0;2940,3;2940,3;0;0;2940,3;2940,3;2940,3;0;2940,3;
;;001;120;13201;62500;2024/000110;2024/090110;SERVICIOS DIRECCIÓN GENERAL DE LA POLICÍA MUNICIPAL. MOBILIARIO Y EQUIPOS DE OFICINA;999;NO DISTRITALIZABLE;00;INVERSIONES DE CARÁCTER GENERAL;01;SERVICIOS ADMINISTRATIVOS CENTRALES;;;;;;;0;34708,85;34708,85;0;0;34708,85;34708,85;34708,85;0;34708,85;
;;001;120;13201;62500;2024/000110;2024/100110;COMISARÍA INTEGRAL DE LA POLICÍA MUNICIPAL DISTRITO CENTRO-NORTE. MOBILIARIO Y EQUIPOS DE OFICINA;201;CENTRO;01;PROTECCIÓN CIVIL Y SEGURIDAD CIUDADANA;00;POLICIA MUNICIPAL;;;;;;;0;2940,3;2940,3;0;0;2940,3;2940,3;2940,3;0;2940,3;
;;001;120;13201;62500;2024/000110;2024/110110;DEPENDENCIA POLICÍA MUNICIPAL T-4 AEROPUERTO ADOLFO SUAREZ BARAJAS. MOBILIARIO Y EQUIPOS OFICINA;221;BARAJAS;01;PROTECCIÓN CIVIL Y SEGURIDAD CIUDADANA;00;POLICIA MUNICIPAL;;;;;;;0;453,75;453,75;0;0;453,75;453,75;453,75;0;453,75;
;;001;120;13201;62500;2025/000111;2025/000111;EQUIPAMIENTO UNIDADES Y DEPENDENCIAS DE LA POLICÍA MUNICIPAL;998;VARIOS DISTRITOS;01;PROTECCIÓN CIVIL Y SEGURIDAD CIUDADANA;00;POLICIA MUNICIPAL;;;;;;;38350;-37955,97;394,03;394,03;0;0;0;0;0;0;
;;001;120;13201;62500;2025/000111;2025/020111;EQUIPAMIENTO DEPENDENCIAS ALMACÉN VESTUARIO POLICÍA MUNICIPAL, CALLE REAL DE SAN VICENTE, 8;218;VILLA DE VALLECAS;01;PROTECCIÓN CIVIL Y SEGURIDAD CIUDADANA;00;POLICIA MUNICIPAL;;;;;;;0;1730,3;1730,3;0;378,37;1351,93;1351,93;0;0;0;
;;001;120;13201;62500;2025/000111;2025/030111;EQUIPAMIENTO COMISARÍA INTEGRAL POLICÍA MUNICIPAL DEL DISTRITO DE VILLA DE VALLECAS;218;VILLA DE VALLECAS;01;PROTECCIÓN CIVIL Y SEGURIDAD CIUDADANA;00;POLICIA MUNICIPAL;;;;;;;0;4444,33;4444,33;0;968,81;3475,52;3475,52;0;0;0;
;;001;120;13201;62500;2025/000111;2025/040111;EQUIPAMIENTO COMISARÍA INTEGRAL POLICÍA MUNICIPAL DEL DISTRITO DE PUENTE DE VALLECAS;213;PUENTE DE VALLECAS;01;PROTECCIÓN CIVIL Y SEGURIDAD CIUDADANA;00;POLICIA MUNICIPAL;;;;;;;0;1539,89;1539,89;0;0;1539,89;1539,89;0;0;0;
;;001;120;13201;62500;2025/000111;2025/050111;EQUIPAMIENTO COMISARÍA INTEGRAL POLICÍA MUNICIPAL DEL DISTRITO DE CIUDAD LINEAL;215;CIUDAD LINEAL;01;PROTECCIÓN CIVIL Y SEGURIDAD CIUDADANA;00;POLICIA MUNICIPAL;;;;;;;0;1539,89;1539,89;0;0;1539,89;1539,89;0;0;0;
;;001;120;13201;62500;2025/000111;2025/060111;EQUIPAMIENTO COMISARÍA INTEGRAL POLICÍA MUNICIPAL DEL DISTRITO DE CARABANCHEL;211;CARABANCHEL;01;PROTECCIÓN CIVIL Y SEGURIDAD CIUDADANA;00;POLICIA MUNICIPAL;;;;;;;0;1539,89;1539,89;0;0;1539,89;1539,89;0;0;0;
;;001;120;13201;62500;2025/000111;2025/070111;SERVICIOS DIRECCIÓN GENERAL DE LA POLICÍA MUNICIPAL. MOBILIARIO, EQUIPOS DE OFICINA Y ENSERES;999;NO DISTRITALIZABLE;00;INVERSIONES DE CARÁCTER GENERAL;01;SERVICIOS ADMINISTRATIVOS CENTRALES;;;;;;;0;6037,8;6037,8;0;95,17;5942,63;5942,63;5590,1;0;5590,1;
;;001;120;13201;62500;2025/000111;2025/080111;EQUIPAMIENTO COMISARÍA INTEGRAL POLICÍA MUNICIPAL DEL DISTRITO DE VICÁLVARO;219;VICALVARO;01;PROTECCIÓN CIVIL Y SEGURIDAD CIUDADANA;00;POLICIA MUNICIPAL;;;;;;;0;1539,89;1539,89;0;0;1539,89;1539,89;0;0;0;
;;001;120;13201;62500;2025/000111;2025/090111;EQUIPAMIENTO COMISARÍA INTEGRAL POLICÍA MUNICIPAL DEL DISTRITO DE USERA;212;USERA;01;PROTECCIÓN CIVIL Y SEGURIDAD CIUDADANA;00;POLICIA MUNICIPAL;;;;;;;0;1539,89;1539,89;0;0;1539,89;1539,89;0;0;0;
;;001;120;13201;62500;2025/000111;2025/100111;EQUIPAMIENTO COMISARÍA INTEGRAL POLICÍA MUNICIPAL DEL DISTRITO DE TETUÁN;206;TETUAN;01;PROTECCIÓN CIVIL Y SEGURIDAD CIUDADANA;00;POLICIA MUNICIPAL;;;;;;;0;1539,89;1539,89;0;0;1539,89;1539,89;0;0;0;
;;001;120;13201;62500;2025/000111;2025/110111;EQUIPAMIENTO COMISARÍA INTEGRAL POLICÍA MUNICIPAL DEL DISTRITO DE SAN BLAS-CANILLEJAS;220;SAN BLAS-CANILLEJAS;01;PROTECCIÓN CIVIL Y SEGURIDAD CIUDADANA;00;POLICIA MUNICIPAL;;;;;;;0;1539,89;1539,89;0;0;1539,89;1539,89;0;0;0;
;;001;120;13201;62500;2025/000111;2025/120111;EQUIPAMIENTO COMISARÍA INTEGRAL POLICÍA MUNICIPAL DEL DISTRITO DE CENTRO-SUR;201;CENTRO;01;PROTECCIÓN CIVIL Y SEGURIDAD CIUDADANA;00;POLICIA MUNICIPAL;;;;;;;0;1539,89;1539,89;0;0;1539,89;1539,89;0;0;0;
;;001;120;13201;62500;2025/000111;2025/130111;EQUIPAMIENTO COMISARÍA INTEGRAL POLICÍA MUNICIPAL DEL DISTRITO DE CENTRO-NORTE;201;CENTRO;01;PROTECCIÓN CIVIL Y SEGURIDAD CIUDADANA;00;POLICIA MUNICIPAL;;;;;;;0;1539,89;1539,89;0;0;1539,89;1539,89;0;0;0;
;;001;120;13201;62500;2025/000111;2025/140111;EQUIPAMIENTO COMISARÍA INTEGRAL POLICÍA MUNICIPAL DEL DISTRITO DE BARAJAS;221;BARAJAS;01;PROTECCIÓN CIVIL Y SEGURIDAD CIUDADANA;00;POLICIA MUNICIPAL;;;;;;;0;1539,89;1539,89;0;0;1539,89;1539,89;0;0;0;
;;001;120;13201;62500;2025/000111;2025/150111;EQUIPAMIENTO COMISARÍA DE POLICÍA JUDICIAL DE TRÁFICO;998;VARIOS DISTRITOS;01;PROTECCIÓN CIVIL Y SEGURIDAD CIUDADANA;00;POLICIA MUNICIPAL;;;;;;;0;10766,14;10766,14;0;2001,95;8764,19;8764,19;0;0;0;
;;001;120;13201;62500;2025/000111;2025/160111;EQUIPAMIENTO COMISARÍA INTEGRAL POLICÍA MUNICIPAL DEL DISTRITO DE MONCLOA-ARAVACA;209;MONCLOA-ARAVACA;01;PROTECCIÓN CIVIL Y SEGURIDAD CIUDADANA;00;POLICIA MUNICIPAL;;;;;;;0;1028,5;1028,5;0;221,81;806,69;806,69;0;0;0;
;;001;120;13201;62599;2025/000111;2025/000111;EQUIPAMIENTO UNIDADES Y DEPENDENCIAS DE LA POLICÍA MUNICIPAL;998;VARIOS DISTRITOS;01;PROTECCIÓN CIVIL Y SEGURIDAD CIUDADANA;00;POLICIA MUNICIPAL;;;;;;;21430;5807,25;27237,25;27237,25;0;0;0;0;0;0;
;;001;120;13201;62599;2025/000111;2025/020111;EQUIPAMIENTO DEPENDENCIAS ALMACÉN VESTUARIO POLICÍA MUNICIPAL, CALLE REAL DE SAN VICENTE, 8;218;VILLA DE VALLECAS;01;PROTECCIÓN CIVIL Y SEGURIDAD CIUDADANA;00;POLICIA MUNICIPAL;;;;;;;0;51533,9;51533,9;0;4893,24;46640,66;46640,66;46640,66;0;46640,66;
;;001;120;13201;62599;2025/000111;2025/030111;EQUIPAMIENTO COMISARÍA INTEGRAL POLICÍA MUNICIPAL DEL DISTRITO DE VILLA DE VALLECAS;218;VILLA DE VALLECAS;01;PROTECCIÓN CIVIL Y SEGURIDAD CIUDADANA;00;POLICIA MUNICIPAL;;;;;;;0;2683,93;2683,93;0;0;2683,93;2683,93;2683,79;0;2683,79;
;;001;120;13201;62599;2025/000111;2025/040111;EQUIPAMIENTO COMISARÍA INTEGRAL POLICÍA MUNICIPAL DEL DISTRITO DE PUENTE DE VALLECAS;213;PUENTE DE VALLECAS;01;PROTECCIÓN CIVIL Y SEGURIDAD CIUDADANA;00;POLICIA MUNICIPAL;;;;;;;0;4155,77;4155,77;0;0;4155,77;4155,77;4155,77;0;4155,77;
;;001;120;13201;62599;2025/000111;2025/050111;EQUIPAMIENTO COMISARÍA INTEGRAL POLICÍA MUNICIPAL DEL DISTRITO DE CIUDAD LINEAL;215;CIUDAD LINEAL;01;PROTECCIÓN CIVIL Y SEGURIDAD CIUDADANA;00;POLICIA MUNICIPAL;;;;;;;0;1558,41;1558,41;0;0;1558,41;1558,41;1558,19;0;1558,19;
;;001;120;13201;62599;2025/000111;2025/060111;EQUIPAMIENTO COMISARÍA INTEGRAL POLICÍA MUNICIPAL DEL DISTRITO DE CARABANCHEL;211;CARABANCHEL;01;PROTECCIÓN CIVIL Y SEGURIDAD CIUDADANA;00;POLICIA MUNICIPAL;;;;;;;0;6579,97;6579,97;0;0;6579,97;6579,97;6579,91;0;6579,91;
;;001;120;13201;62599;2025/000111;2025/070111;SERVICIOS DIRECCIÓN GENERAL DE LA POLICÍA MUNICIPAL. MOBILIARIO, EQUIPOS DE OFICINA Y ENSERES;999;NO DISTRITALIZABLE;00;INVERSIONES DE CARÁCTER GENERAL;01;SERVICIOS ADMINISTRATIVOS CENTRALES;;;;;;;0;14880,77;14880,77;0;0;14880,77;14880,77;2244,55;0;2244,55;
;;001;120;13201;62601;2025/001081;2025/001081;SERVICIOS POLICÍA MUNICIPAL. ADQUISICIÓN DE EQUIPOS PARA CENTRO DE PROCESO DE DATOS;998;VARIOS DISTRITOS;01;PROTECCIÓN CIVIL Y SEGURIDAD CIUDADANA;00;POLICIA MUNICIPAL;;;;;;;0;883500;883500;1871,6;1021,09;880607,31;506717,31;0;0;0;
;;001;120;13201;62601;2025/001082;2025/001082;SERVICIOS POLICÍA MUNICIPAL. EQUIPOS INFORMÁTICOS PARA PUESTOS DE TRABAJO;998;VARIOS DISTRITOS;01;PROTECCIÓN CIVIL Y SEGURIDAD CIUDADANA;00;POLICIA MUNICIPAL;;;;;;;0;233275;233275;2737,81;0;230537,19;40478,13;14659,15;0;14659,15;
1;INCORPORACIONES REMANENTES OBLIGATORIAS;001;120;13201;62601;2021/001221;2021/001221;SERVICIOS RELACIONES INTERNACIONALES POLICÍA MUNICIPAL. EQUIPO INFORMÁTICO;998;VARIOS DISTRITOS;01;PROTECCIÓN CIVIL Y SEGURIDAD CIUDADANA;00;POLICIA MUNICIPAL;;;;;;;0;10000;10000;10000;0;0;0;0;0;0;
;;001;120;13201;62902;2025/000110;2025/000110;SERVICIOS POLICÍA MUNICIPAL. ADQUISICION DE SEMOVIENTES;998;VARIOS DISTRITOS;01;PROTECCIÓN CIVIL Y SEGURIDAD CIUDADANA;00;POLICIA MUNICIPAL;;;;;;;36000;58230;94230;85760;0;8470;0;0;0;0;
;;001;120;13201;62999;2024/000124;2024/000124;OTRO EQUIPAMIENTO DIVERSO PARA LOS SERVICIOS DE POLICÍA MUNICIPAL;998;VARIOS DISTRITOS;01;PROTECCIÓN CIVIL Y SEGURIDAD CIUDADANA;00;POLICIA MUNICIPAL;;;;;;;0;66954,63;66954,63;15800;0;51154,63;51154,63;51154,59;0;51154,59;
;;001;120;13201;62999;2024/001198;2024/001198;SERVICIOS DE POLICÍA MUNICIPAL. ADQUISICIÓN DE ARMAS Y SUS ACCESORIOS;998;VARIOS DISTRITOS;01;PROTECCIÓN CIVIL Y SEGURIDAD CIUDADANA;00;POLICIA MUNICIPAL;;;;;;;444682;-444682;0;0;0;0;0;0;0;0;
;;001;120;13201;62999;2025/000109;2025/000109;ARMAS Y ARMEROS PARA LOS SERVICIOS DE POLICÍA MUNICIPAL;998;VARIOS DISTRITOS;01;PROTECCIÓN CIVIL Y SEGURIDAD CIUDADANA;00;POLICIA MUNICIPAL;;;;;;;21000;-21000;0;0;0;0;0;0;0;0;
;;001;120;13201;62999;2025/000355;2025/000355;INSTRUMENTOS MUSICALES PARA LA BANDA DE LA POLICÍA MUNICIPAL;998;VARIOS DISTRITOS;01;PROTECCIÓN CIVIL Y SEGURIDAD CIUDADANA;00;POLICIA MUNICIPAL;;;;;;;12000;5620;17620;191;0;17429;17429;0;0;0;
;;001;120;13201;62999;2025/001129;2025/001129;SERVICIOS DE LA POLICÍA MUNICIPAL. ADQUISICIÓN DE DRONES;998;VARIOS DISTRITOS;01;PROTECCIÓN CIVIL Y SEGURIDAD CIUDADANA;00;POLICIA MUNICIPAL;;;;;;;0;13480;13480;0;0;13480;13480;13480;0;13480;
;;001;120;13201;62999;2025/001158;2025/001158;SERVICIOS DE POLICÍA MUNICIPAL. CHALECOS DE PROTECCIÓN;998;VARIOS DISTRITOS;01;PROTECCIÓN CIVIL Y SEGURIDAD CIUDADANA;00;POLICIA MUNICIPAL;;;;;;;0;912802;912802;139585,68;327573,01;445643,31;445643,31;5640,72;0;5640,72;
;;001;120;13201;62999;2025/001292;2025/001292;COMISARÍA DE EDUCACIÓN VIAL DE LA POLICÍA MUNICIPAL DE MADRID. ADQUISICIÓN DE PARQUE MÓVIL;998;VARIOS DISTRITOS;01;PROTECCIÓN CIVIL Y SEGURIDAD CIUDADANA;00;POLICIA MUNICIPAL;;;;;;;0;18100;18100;127,87;0;17972,13;17972,13;17972,13;0;17972,13;
5;FONDO DE REEQUILIBRIO TERRITORIAL;001;120;13201;62999;2025/000028;2025/000028;SISTEMA CÁMARAS DE VIDEOVIGILANCIA (CCTV) POLICÍA MUNICIAL EN BARRIO DE PRADOLONGO;212;USERA;01;PROTECCIÓN CIVIL Y SEGURIDAD CIUDADANA;00;POLICIA MUNICIPAL;;;17;FONDO REEQUILIBRIO TERRITORIAL;;;903003;0;903003;0,39;339723,81;563278,8;563278,8;0;0;0;
5;FONDO DE REEQUILIBRIO TERRITORIAL;001;120;13201;62999;2025/000029;2025/000029;SISTEMA CÁMARAS DE VIDEOVIGILANCIA (CCTV) POLICÍA MUNICIAL EN C/ CULLERA;210;LATINA;01;PROTECCIÓN CIVIL Y SEGURIDAD CIUDADANA;00;POLICIA MUNICIPAL;;;17;FONDO REEQUILIBRIO TERRITORIAL;;;846115;0;846115;0,87;290429,33;555684,8;555684,8;0;0;0;
5;FONDO DE REEQUILIBRIO TERRITORIAL;001;120;13201;62999;2025/000030;2025/000030;SISTEMA CÁMARAS DE VIDEOVIGILANCIA (CCTV) POLICÍA MUNICIPAL EN EL PARQUE CALERO;215;CIUDAD LINEAL;01;PROTECCIÓN CIVIL Y SEGURIDAD CIUDADANA;00;POLICIA MUNICIPAL;;;17;FONDO REEQUILIBRIO TERRITORIAL;;;278525;0;278525;0,46;93194,9;185329,64;185329,64;0;0;0;
;;001;120;13201;63302;2025/001121;2025/001121;EQUIPAMIENTO SECCIÓN CANINA DE LA POLICÍA MUNICIPAL;998;VARIOS DISTRITOS;01;PROTECCIÓN CIVIL Y SEGURIDAD CIUDADANA;00;POLICIA MUNICIPAL;;;;;;;0;550;550;7;0;543;543;543;0;543;
;;001;120;13201;63302;2025/001294;2025/001294;ESCUADRÓN DE CABALLERÍA POLICÍA MUNICIPAL. MONTURAS PARA CABALLOS;998;VARIOS DISTRITOS;01;PROTECCIÓN CIVIL Y SEGURIDAD CIUDADANA;00;POLICIA MUNICIPAL;;;;;;;0;11330;11330;1988,8;0;9341,2;9341,2;0;0;0;
;;001;120;13201;63400;2025/001079;2025/001079;SERVICIOS DE POLICÍA MUNICIPAL. ADAPTACIÓN VEHÍCULOS PICK UP (MERCANCÍAS) ESCUADRÓN DE CABALLERÍA;998;VARIOS DISTRITOS;01;PROTECCIÓN CIVIL Y SEGURIDAD CIUDADANA;00;POLICIA MUNICIPAL;;;;;;;0;21840;21840;393,1;0;21446,9;21446,9;17925,8;0;17925,8;
;;001;120;13201;63901;2024/000449;2024/000449;UNIDADES Y DEPENDENCIAS DE LA POLICÍA MUNICIPAL. SEÑALIZACIÓN EXTERIOR;998;VARIOS DISTRITOS;01;PROTECCIÓN CIVIL Y SEGURIDAD CIUDADANA;00;POLICIA MUNICIPAL;;;;;;;735632;-713860,09;21771,91;21771,91;0;0;0;0;0;0;
;;001;120;13201;63901;2024/000449;2024/010449;DEPENDENCIAS POLICÍA MUNICIPAL, AVDA. PRINCIPAL, 6. SEÑALIZACIÓN EXTERIOR;209;MONCLOA-ARAVACA;01;PROTECCIÓN CIVIL Y SEGURIDAD CIUDADANA;00;POLICIA MUNICIPAL;;;;;;;0;22055,25;22055,25;0;0;22055,25;22055,25;0;0;0;
;;001;120;13201;63901;2024/000449;2024/020449;COMISARÍA INTEGRAL DISTRITO CENTRO NORTE. SEÑALIZACIÓN EXTERIOR;201;CENTRO;01;PROTECCIÓN CIVIL Y SEGURIDAD CIUDADANA;00;POLICIA MUNICIPAL;;;;;;;0;18513,75;18513,75;0;0;18513,75;18513,75;0;0;0;
;;001;120;13201;63901;2024/000449;2024/030449;COMISARÍA INTEGRAL DISTRITO CENTRO SUR. SEÑALIZACIÓN EXTERIOR;201;CENTRO;01;PROTECCIÓN CIVIL Y SEGURIDAD CIUDADANA;00;POLICIA MUNICIPAL;;;;;;;0;30783,09;30783,09;0;0;30783,09;30783,09;0;0;0;
;;001;120;13201;63901;2024/000449;2024/040449;COMISARÍA INTEGRAL DISTRITO ARGANZUELA. SEÑALIZACIÓN EXTERIOR;202;ARGANZUELA;01;PROTECCIÓN CIVIL Y SEGURIDAD CIUDADANA;00;POLICIA MUNICIPAL;;;;;;;0;33565,69;33565,69;0;0;33565,69;33565,69;0;0;0;
;;001;120;13201;63901;2024/000449;2024/050449;COMISARÍA INTEGRAL DISTRITO CHAMBERÍ. SEÑALIZACIÓN EXTERIOR;207;CHAMBERI;01;PROTECCIÓN CIVIL Y SEGURIDAD CIUDADANA;00;POLICIA MUNICIPAL;;;;;;;0;6690,27;6690,27;0;0;6690,27;6690,27;0;0;0;
;;001;120;13201;63901;2024/000449;2024/060449;COMISARÍA INTEGRAL DISTRITO SALAMANCA. SEÑALIZACIÓN EXTERIOR;204;SALAMANCA;01;PROTECCIÓN CIVIL Y SEGURIDAD CIUDADANA;00;POLICIA MUNICIPAL;;;;;;;0;12804,15;12804,15;0;0;12804,15;12804,15;0;0;0;
;;001;120;13201;63901;2024/000449;2024/070449;COMISARÍA INTEGRAL DISTRITO TETUÁN. SEÑALIZACIÓN EXTERIOR;206;TETUAN;01;PROTECCIÓN CIVIL Y SEGURIDAD CIUDADANA;00;POLICIA MUNICIPAL;;;;;;;0;31105,36;31105,36;0;0;31105,36;31105,36;0;0;0;
;;001;120;13201;63901;2024/000449;2024/080449;COMISARÍA INTEGRAL DISTRITO CARABANCHEL. SEÑALIZACIÓN EXTERIOR;211;CARABANCHEL;01;PROTECCIÓN CIVIL Y SEGURIDAD CIUDADANA;00;POLICIA MUNICIPAL;;;;;;;0;28390,9;28390,9;0;0;28390,9;28390,9;0;0;0;
;;001;120;13201;63901;2024/000449;2024/090449;COMISARÍA INTEGRAL DISTRITO LATINA. SEÑALIZACIÓN EXTERIOR;210;LATINA;01;PROTECCIÓN CIVIL Y SEGURIDAD CIUDADANA;00;POLICIA MUNICIPAL;;;;;;;0;32266,22;32266,22;0;0;32266,22;32266,22;0;0;0;
;;001;120;13201;63901;2024/000449;2024/100449;COMISARÍA INTEGRAL DISTRITO MONCLOA-ARAVACA. SEÑALIZACIÓN EXTERIOR;209;MONCLOA-ARAVACA;01;PROTECCIÓN CIVIL Y SEGURIDAD CIUDADANA;00;POLICIA MUNICIPAL;;;;;;;0;18936,51;18936,51;0;0;18936,51;18936,51;0;0;0;
;;001;120;13201;63901;2024/000449;2024/110449;COMISARÍA INTEGRAL DISTRITO CIUDAD LINEAL. SEÑALIZACIÓN EXTERIOR;215;CIUDAD LINEAL;01;PROTECCIÓN CIVIL Y SEGURIDAD CIUDADANA;00;POLICIA MUNICIPAL;;;;;;;0;28390,9;28390,9;0;0;28390,9;28390,9;0;0;0;
;;001;120;13201;63901;2024/000449;2024/120449;COMISARÍA INTEGRAL DISTRITO BARAJAS. SEÑALIZACIÓN EXTERIOR;221;BARAJAS;01;PROTECCIÓN CIVIL Y SEGURIDAD CIUDADANA;00;POLICIA MUNICIPAL;;;;;;;0;33369,33;33369,33;0;0;33369,33;33369,33;0;0;0;
;;001;120;13201;63901;2024/000449;2024/130449;COMISARÍA INTEGRAL DISTRITO FUENCARRAL-EL PARDO. SEÑALIZACIÓN EXTERIOR;208;FUENCARRAL-EL PARDO;01;PROTECCIÓN CIVIL Y SEGURIDAD CIUDADANA;00;POLICIA MUNICIPAL;;;;;;;0;30325,68;30325,68;0;0;30325,68;30325,68;0;0;0;
;;001;120;13201;63901;2024/000449;2024/140449;COMISARÍA INTEGRAL DISTRITO MORATALAZ. SEÑALIZACIÓN EXTERIOR;214;MORATALAZ;01;PROTECCIÓN CIVIL Y SEGURIDAD CIUDADANA;00;POLICIA MUNICIPAL;;;;;;;0;1226,7;1226,7;0;0;1226,7;1226,7;0;0;0;
;;001;120;13201;63901;2024/000449;2024/150449;COMISARÍA INTEGRAL DISTRITO PUENTE DE VALLECAS. SEÑALIZACIÓN EXTERIOR;213;PUENTE DE VALLECAS;01;PROTECCIÓN CIVIL Y SEGURIDAD CIUDADANA;00;POLICIA MUNICIPAL;;;;;;;0;28390,9;28390,9;0;0;28390,9;28390,9;0;0;0;
;;001;120;13201;63901;2024/000449;2024/160449;DEPENDENCIAS POLICÍA MUNICIPAL EN C/ PUERTO CARDOSO, 7. SEÑALIZACIÓN EXTERIOR;213;PUENTE DE VALLECAS;01;PROTECCIÓN CIVIL Y SEGURIDAD CIUDADANA;00;POLICIA MUNICIPAL;;;;;;;0;2814,95;2814,95;0;0;2814,95;2814,95;0;0;0;
;;001;120;13201;63901;2024/000449;2024/170449;COMISARÍA INTEGRAL DISTRITO VILLA DE VALLECAS. SEÑALIZACIÓN EXTERIOR;218;VILLA DE VALLECAS;01;PROTECCIÓN CIVIL Y SEGURIDAD CIUDADANA;00;POLICIA MUNICIPAL;;;;;;;0;28390,9;28390,9;0;0;28390,9;28390,9;0;0;0;
;;001;120;13201;63901;2024/000449;2024/180449;COMISARÍA INTEGRAL DISTRITO USERA. SEÑALIZACIÓN EXTERIOR;212;USERA;01;PROTECCIÓN CIVIL Y SEGURIDAD CIUDADANA;00;POLICIA MUNICIPAL;;;;;;;0;33138,31;33138,31;0;0;33138,31;33138,31;0;0;0;
;;001;120;13201;63901;2024/000449;2024/190449;COMISARÍA GENERAL DE POLICÍA JUDICIAL. SEÑALIZACIÓN EXTERIOR;202;ARGANZUELA;01;PROTECCIÓN CIVIL Y SEGURIDAD CIUDADANA;00;POLICIA MUNICIPAL;;;;;;;0;20544,39;20544,39;0;0;20544,39;20544,39;0;0;0;
;;001;120;13201;63901;2024/000449;2024/200449;COMISARÍA DE MEDIO AMBIENTE. SEÑALIZACIÓN EXTERIOR;209;MONCLOA-ARAVACA;01;PROTECCIÓN CIVIL Y SEGURIDAD CIUDADANA;00;POLICIA MUNICIPAL;;;;;;;0;1111,19;1111,19;0;0;1111,19;1111,19;0;0;0;
;;001;120;13201;63901;2024/000449;2024/210449;COMISARÍA CENTRAL DE SEGURIDAD OESTE. SEÑALIZACIÓN EXTERIOR;209;MONCLOA-ARAVACA;01;PROTECCIÓN CIVIL Y SEGURIDAD CIUDADANA;00;POLICIA MUNICIPAL;;;;;;;0;6398,04;6398,04;0;0;6398,04;6398,04;0;0;0;
;;001;120;13201;63901;2024/000449;2024/220449;ESCUADRÓN DE CABALLERÍA DE LA POLICÍA MUNICIPAL. SEÑALIZACIÓN EXTERIOR;209;MONCLOA-ARAVACA;01;PROTECCIÓN CIVIL Y SEGURIDAD CIUDADANA;00;POLICIA MUNICIPAL;;;;;;;0;31191,99;31191,99;0;0;31191,99;31191,99;0;0;0;
;;001;120;13201;63901;2024/000449;2024/230449;SECCIÓN CANINA DE LA POLICÍA MUNICIPAL. SEÑALIZACIÓN EXTERIOR;209;MONCLOA-ARAVACA;01;PROTECCIÓN CIVIL Y SEGURIDAD CIUDADANA;00;POLICIA MUNICIPAL;;;;;;;0;2638,22;2638,22;0;0;2638,22;2638,22;0;0;0;
;;001;120;13201;63901;2024/000449;2024/240449;COMISARÍA EDUCACIÓN VIAL. SEÑALIZACIÓN EXTERIOR;214;MORATALAZ;01;PROTECCIÓN CIVIL Y SEGURIDAD CIUDADANA;00;POLICIA MUNICIPAL;;;;;;;0;32751,36;32751,36;0;0;32751,36;32751,36;0;0;0;
;;001;120;13201;63901;2024/000449;2024/250449;PARQUE EDUCACIÓN VIAL DISTRITO USERA. SEÑALIZACIÓN EXTERIOR;212;USERA;01;PROTECCIÓN CIVIL Y SEGURIDAD CIUDADANA;00;POLICIA MUNICIPAL;;;;;;;0;44007,69;44007,69;0;0;44007,69;44007,69;0;0;0;
;;001;120;13201;63901;2024/000449;2024/260449;COMISARÍA SERVICIOS ESPECIALES. SEÑALIZACIÓN EXTERIOR;202;ARGANZUELA;01;PROTECCIÓN CIVIL Y SEGURIDAD CIUDADANA;00;POLICIA MUNICIPAL;;;;;;;0;25021,51;25021,51;0;0;25021,51;25021,51;0;0;0;
;;001;120;13201;63901;2024/000449;2024/270449;SECCIÓN APOYO AÉREO DE LA POLICÍA MUNICIPAL. SEÑALIZACIÓN EXTERIOR;209;MONCLOA-ARAVACA;01;PROTECCIÓN CIVIL Y SEGURIDAD CIUDADANA;00;POLICIA MUNICIPAL;;;;;;;0;1527,03;1527,03;0;0;1527,03;1527,03;0;0;0;
;;001;120;13201;63901;2024/000449;2024/280449;SECCIÓN BANDA DE MÚSICA DE LA POLICÍA MUNICIPAL. SEÑALIZACIÓN EXTERIOR;209;MONCLOA-ARAVACA;01;PROTECCIÓN CIVIL Y SEGURIDAD CIUDADANA;00;POLICIA MUNICIPAL;;;;;;;0;3759,81;3759,81;0;0;3759,81;3759,81;0;0;0;
;;001;120;13201;63901;2025/001251;2025/001251;SERVICIOS POLICÍA MUNICIPAL. SEÑALIZACIÓN VIAL PORTÁTIL;998;VARIOS DISTRITOS;01;PROTECCIÓN CIVIL Y SEGURIDAD CIUDADANA;00;POLICIA MUNICIPAL;;;;;;;0;18000;18000;1779,95;0;16220,05;16220,05;16220,05;0;16220,05;
;;001;120;13201;64100;2024/001234;2024/001234;SERVICIOS POLICÍA MUNICIPAL. SISTEMAS DE INFORMACIÓN;998;VARIOS DISTRITOS;01;PROTECCIÓN CIVIL Y SEGURIDAD CIUDADANA;00;POLICIA MUNICIPAL;;;;;;;427562;-169079,11;258482,89;0;0;258482,89;258482,89;73852,25;0;73852,25;
;;001;120;13201;64100;2025/000375;2025/000375;LICENCIAS INFORMÁTICAS VMWARE PARA LA POLICÍA MUNICIPAL;998;VARIOS DISTRITOS;01;PROTECCIÓN CIVIL Y SEGURIDAD CIUDADANA;00;POLICIA MUNICIPAL;;;;;;;210000;-110000;100000;100000;0;0;0;0;0;0;
;;001;120;13201;64100;2025/001025;2025/001025;SERVICIOS POLICÍA MUNICIPAL. LICENCIAS Y OTRO EQUIPAMIENTO INFORMÁTICO;998;VARIOS DISTRITOS;01;PROTECCIÓN CIVIL Y SEGURIDAD CIUDADANA;00;POLICIA MUNICIPAL;;;;;;;0;529029,11;529029,11;15568,69;9665,51;503794,91;503794,91;30738,17;0;30738,17;
;;001;120;13510;62300;2023/000008;2023/000008;SAMUR-PROTECCIÓN CIVIL. APARATOS ELECTROMEDICINA,DISPOSITIVOS MÉDICOS Y OTRA MAQUINARIA;998;VARIOS DISTRITOS;01;PROTECCIÓN CIVIL Y SEGURIDAD CIUDADANA;02;SAMUR - PROTECCIÓN CIVIL;;;;;;;581617;-23976,45;557640,55;959,27;0;556681,28;556681,28;556681,27;0;556681,27;
;;001;120;13510;62300;2024/000348;2024/000348;EQUIPAMIENTO SERVICIOS DE SAMUR - PROTECCIÓN CIVIL;998;VARIOS DISTRITOS;01;PROTECCIÓN CIVIL Y SEGURIDAD CIUDADANA;02;SAMUR - PROTECCIÓN CIVIL;;;;;;;0;23976,45;23976,45;0;0;23976,45;23976,45;23976,45;0;23976,45;
;;001;120;13510;62300;2025/000351;2025/000351;SERVICIOS SAMUR-PROTECCIÓN CIVIL. APARATOS DE ELECTROMEDICINA;998;VARIOS DISTRITOS;01;PROTECCIÓN CIVIL Y SEGURIDAD CIUDADANA;02;SAMUR - PROTECCIÓN CIVIL;;;;;;;350000;0;350000;31,7;10499,05;339469,25;339469,25;339469,25;0;339469,25;
;;001;120;13510;62300;2025/001213;2025/001213;SERVICIOS SAMUR - PROTECCIÓN CIVIL. DESFIBRILADORES SEMIAUTOMÁTICOS POR MADRID;998;VARIOS DISTRITOS;01;PROTECCIÓN CIVIL Y SEGURIDAD CIUDADANA;02;SAMUR - PROTECCIÓN CIVIL;;;;;;;0;150000;150000;150000;0;0;0;0;0;0;
;;001;120;13510;62301;2025/001199;2025/001199;BASE 0 SAMUR-PROTECCIÓN CIVIL. INSTALACIÓN DE TERMINAL DE CONTROL REMOTO;209;MONCLOA-ARAVACA;01;PROTECCIÓN CIVIL Y SEGURIDAD CIUDADANA;02;SAMUR - PROTECCIÓN CIVIL;;;;;;;0;3500;3500;596;0;2904;2904;2904;0;2904;
;;001;120;13510;62302;2024/000348;2024/000348;EQUIPAMIENTO SERVICIOS DE SAMUR - PROTECCIÓN CIVIL;998;VARIOS DISTRITOS;01;PROTECCIÓN CIVIL Y SEGURIDAD CIUDADANA;02;SAMUR - PROTECCIÓN CIVIL;;;;;;;0;57686,07;57686,07;0,95;0;57685,12;57685,12;33892,95;0;33892,95;
;;001;120;13510;62302;2024/000351;2024/000351;SERVICIOS SAMUR-PROTECCIÓN CIVIL. MATERIAL PARA COOPERACIÓN INTERNACIONAL;999;NO DISTRITALIZABLE;01;PROTECCIÓN CIVIL Y SEGURIDAD CIUDADANA;02;SAMUR - PROTECCIÓN CIVIL;;;;;;;216784;-25875,4;190908,6;0;0;190908,6;190908,6;190908,6;0;190908,6;
;;001;120;13510;62302;2024/000353;2024/000353;MATERIAL INMOVILIZACIÓN PARA LOS SERVICIOS DE SAMUR - PROTECCIÓN CIVIL;998;VARIOS DISTRITOS;01;PROTECCIÓN CIVIL Y SEGURIDAD CIUDADANA;02;SAMUR - PROTECCIÓN CIVIL;;;;;;;149968;94147,33;244115,33;0;0;244115,33;244115,33;242477,81;0;242477,81;
;;001;120;13510;62302;2025/001503;2025/001503;SERVICIOS SAMUR-PROTECCIÓN CIVIL. MATERIAL DE FORMACIÓN EN REANIMACIÓN CARDIOPULMONAR;998;VARIOS DISTRITOS;01;PROTECCIÓN CIVIL Y SEGURIDAD CIUDADANA;02;SAMUR - PROTECCIÓN CIVIL;;;;;;;0;10334,82;10334,82;10334,82;0;0;0;0;0;0;
;;001;120;13510;62400;2025/001307;2025/001307;SERVICIOS SAMUR-PROTECCIÓN CIVIL. ADQUISICIÓN DE BICICLETAS ELÉCTRICAS;998;VARIOS DISTRITOS;01;PROTECCIÓN CIVIL Y SEGURIDAD CIUDADANA;02;SAMUR - PROTECCIÓN CIVIL;;;;;;;0;17000;17000;539,58;0;16460,42;16460,42;0;0;0;
;;001;120;13510;62500;2025/001252;2025/001252;SERVICIOS DIRECCIÓN GENERAL SAMUR-PROTECCIÓN CIVIL. MOBILIARIO Y EQUIPOS DE OFICINA;999;NO DISTRITALIZABLE;01;PROTECCIÓN CIVIL Y SEGURIDAD CIUDADANA;00;POLICIA MUNICIPAL;;;;;;;0;16200;16200;1885,83;0;14314,17;14314,17;0;0;0;
;;001;120;13510;62599;2024/000348;2024/000348;EQUIPAMIENTO SERVICIOS DE SAMUR - PROTECCIÓN CIVIL;998;VARIOS DISTRITOS;01;PROTECCIÓN CIVIL Y SEGURIDAD CIUDADANA;02;SAMUR - PROTECCIÓN CIVIL;;;;;;;0;16044,59;16044,59;0,75;0;16043,84;16043,84;0;0;0;
;;001;120;13510;62599;2025/001148;2025/001148;SERVICIOS SAMUR-PROTECCIÓN CIVIL.ADQUISICIÓN MENINA ORNAMENTAL,DISEÑO PERSONALIZADO Y REPRESENTATIVO;999;NO DISTRITALIZABLE;00;INVERSIONES DE CARÁCTER GENERAL;01;SERVICIOS ADMINISTRATIVOS CENTRALES;;;;;;;0;9970,4;9970,4;0;0;9970,4;9970,4;9970,4;0;9970,4;
;;001;120;13510;62599;2025/001209;2025/001209;BASE SAMUR-PROTECCIÓN CIVIL EN C/ BRUJAS, 28. ADQUISICIÓN DE MOBILIARIO DE COCINA;214;MORATALAZ;01;PROTECCIÓN CIVIL Y SEGURIDAD CIUDADANA;02;SAMUR - PROTECCIÓN CIVIL;;;;;;;0;6601,01;6601,01;0;0;6601,01;6601,01;0;0;0;
;;001;120;13510;62999;2024/000357;2024/000357;SERVICIOS SAMUR - PROTECCIÓN CIVIL. CENTROS ASISTENCIALES POLIVALENTES;998;VARIOS DISTRITOS;01;PROTECCIÓN CIVIL Y SEGURIDAD CIUDADANA;02;SAMUR - PROTECCIÓN CIVIL;;;;;;;183520;0;183520;0,67;0;183519,33;183519,33;183519,32;0;183519,32;
;;001;120;13510;63200;2025/000399;2025/000399;BASES DEL SAMUR - PROTECCIÓN CIVIL. OBRAS INSTALACIÓN DE REJAS Y PUERTAS;998;VARIOS DISTRITOS;01;PROTECCIÓN CIVIL Y SEGURIDAD CIUDADANA;02;SAMUR - PROTECCIÓN CIVIL;;;;;;;0;1490,37;1490,37;1490,37;0;0;0;0;0;0;
;;001;120;13510;63200;2025/000399;2025/010399;BASE 4 SAMUR-PROTECCIÓN CIVIL. OBRAS DE INSTALACIÓN DE REJAS;215;CIUDAD LINEAL;01;PROTECCIÓN CIVIL Y SEGURIDAD CIUDADANA;02;SAMUR - PROTECCIÓN CIVIL;;;;;;;0;4604,16;4604,16;0;0;4604,16;4604,16;4604,16;0;4604,16;
;;001;120;13510;63200;2025/000399;2025/020399;BASE 11 SAMUR-PROTECCIÓN CIVIL. OBRAS DE INSTALACIÓN DE REJAS;216;HORTALEZA;01;PROTECCIÓN CIVIL Y SEGURIDAD CIUDADANA;00;POLICIA MUNICIPAL;;;;;;;0;3990,27;3990,27;0;0;3990,27;3990,27;3990,27;0;3990,27;
;;001;120;13510;63200;2025/000399;2025/030399;BASE 26 SAMUR-PROTECCIÓN CIVIL. OBRAS DE INSTALACIÓN DE REJAS;213;PUENTE DE VALLECAS;01;PROTECCIÓN CIVIL Y SEGURIDAD CIUDADANA;02;SAMUR - PROTECCIÓN CIVIL;;;;;;;0;3990,26;3990,26;0;0;3990,26;3990,26;3990,26;0;3990,26;
;;001;120;13510;63200;2025/000399;2025/040399;BASE 25 SAMUR-PROTECCIÓN CIVIL. OBRAS DE INSTALACIÓN DE PUERTA DE ACCESO;207;CHAMBERI;01;PROTECCIÓN CIVIL Y SEGURIDAD CIUDADANA;02;SAMUR - PROTECCIÓN CIVIL;;;;;;;0;6119,58;6119,58;0;0;6119,58;6119,58;6119,58;0;6119,58;
;;001;120;13510;63200;2025/000399;2025/050399;BASE 0 SAMUR-PROTECCIÓN CIVIL. OBRAS DE INSTALACIÓN DE PUERTAS;209;MONCLOA-ARAVACA;01;PROTECCIÓN CIVIL Y SEGURIDAD CIUDADANA;02;SAMUR - PROTECCIÓN CIVIL;;;;;;;0;3405,36;3405,36;0;0;3405,36;3405,36;3405,36;0;3405,36;
;;001;120;13510;63400;2025/001114;2025/001114;SERVICIOS SAMUR-PROTECCIÓN CIVIL. VEHÍCULO DE INTERVENCIÓN LIGERA;998;VARIOS DISTRITOS;01;PROTECCIÓN CIVIL Y SEGURIDAD CIUDADANA;02;SAMUR - PROTECCIÓN CIVIL;;;;;;;0;95351,95;95351,95;86,23;19,36;95246,36;95246,36;0;0;0;
;;001;120;13510;63400;2025/001208;2025/001208;SERVICIOS SAMUR-PROTECCIÓN CIVIL. ADAPTACIÓN DE VEHÍCULOS;998;VARIOS DISTRITOS;01;PROTECCIÓN CIVIL Y SEGURIDAD CIUDADANA;02;SAMUR - PROTECCIÓN CIVIL;;;;;;;0;17715;17715;254,7;0;17460,3;17460,3;0;0;0;
;;001;120;13510;64100;2024/000356;2024/000356;APLICIACIONES INFORMÁTICAS PARA LOS SERVICIOS DE SAMUR-PROTECCIÓN CIVIL;998;VARIOS DISTRITOS;01;PROTECCIÓN CIVIL Y SEGURIDAD CIUDADANA;02;SAMUR - PROTECCIÓN CIVIL;;;;;;;118949;-1032;117917;417,03;0;117499,97;117499,97;19281,93;0;19281,93;
;;001;120;13510;64100;2025/000350;2025/000350;"SERVICIOS SAMUR- PROTECCIÓN CIVIL. APLICACIÓN INFORMÁTICA ""TU TAMBIEN ERES SAMUR""";998;VARIOS DISTRITOS;01;PROTECCIÓN CIVIL Y SEGURIDAD CIUDADANA;02;SAMUR - PROTECCIÓN CIVIL;;;;;;;26968;-26968;0;0;0;0;0;0;0;0;
1;INCORPORACIONES REMANENTES OBLIGATORIAS;001;120;13510;64100;2025/001219;2025/001219;SERVICIOS SAMUR-PROTECCIÓN CIVIL. DESARROLLO DE HERRAMIENTAS DE COMUNICACIÓN ACCESIBLES SANITARIAS;998;VARIOS DISTRITOS;01;PROTECCIÓN CIVIL Y SEGURIDAD CIUDADANA;02;SAMUR - PROTECCIÓN CIVIL;;;;;;;0;19939;19939;19939;0;0;0;0;0;0;
;;001;120;13610;62300;2024/000358;2024/000358;EQUIPAMIENTO SERVICIOS DE BOMBEROS;998;VARIOS DISTRITOS;01;PROTECCIÓN CIVIL Y SEGURIDAD CIUDADANA;01;BOMBEROS;;;;;;;355229;0;355229;39904,73;0;315324,27;315324,27;150064,84;0;150064,84;
;;001;120;13610;62302;2024/000358;2024/000358;EQUIPAMIENTO SERVICIOS DE BOMBEROS;998;VARIOS DISTRITOS;01;PROTECCIÓN CIVIL Y SEGURIDAD CIUDADANA;01;BOMBEROS;;;;;;;547959;0;547959;100062,29;1255,87;446640,84;446640,84;297535,96;0;293354,29;
;;001;120;13610;62302;2025/000012;2025/000012;EQUIPAMIENTO AUTÓNOMOS DE LA UNIDAD LOGÍSTICA DE BOMBEROS;998;VARIOS DISTRITOS;01;PROTECCIÓN CIVIL Y SEGURIDAD CIUDADANA;01;BOMBEROS;;;;;;;545000;-48457;496543;0,14;62067,85;434475,01;434475,01;0;0;0;
1;INCORPORACIONES REMANENTES OBLIGATORIAS;001;120;13610;62302;2024/000358;2024/000358;EQUIPAMIENTO SERVICIOS DE BOMBEROS;998;VARIOS DISTRITOS;01;PROTECCIÓN CIVIL Y SEGURIDAD CIUDADANA;01;BOMBEROS;;;;;;;0;19024,7;19024,7;19024,7;0;0;0;0;0;0;
;;001;120;13610;62400;2024/001053;2024/001053;VEHÍCULOS PESADOS PARA LOS SERVICIOS DE BOMBEROS. ADQUISICIÓN;998;VARIOS DISTRITOS;01;PROTECCIÓN CIVIL Y SEGURIDAD CIUDADANA;01;BOMBEROS;;;;;;;21086674;-532901,22;20553772,78;0,15;0;20553772,63;20553772,63;3927574,04;0;3795805,04;
;;001;120;13610;62599;2024/000360;2024/000360;UNIDAD DE LOGÍSTICA DE BOMBEROS. OTRO MOBILIARIO Y ENSERES;217;VILLAVERDE;01;PROTECCIÓN CIVIL Y SEGURIDAD CIUDADANA;01;BOMBEROS;;;;;;;137158;-8230;128928;0,3;0;128927,7;128927,7;128927,7;0;128927,7;
;;001;120;13610;62599;2025/000144;2025/000144;CENTRO INTEGRADO DE SEGURIDAD Y EMERGENCIAS (CISEM). OTRO MOBILIARIO Y ENSERES SALA DE CRISIS;998;VARIOS DISTRITOS;01;PROTECCIÓN CIVIL Y SEGURIDAD CIUDADANA;01;BOMBEROS;;;;;;;154584;-151712;2872;0,04;0;2871,96;2871,96;2871,96;0;2871,96;
;;001;120;13610;62601;2025/001128;2025/001128;SERVICIOS DE BOMBEROS. EQUIPOS PARA PROCESOS DE DATOS;998;VARIOS DISTRITOS;01;PROTECCIÓN CIVIL Y SEGURIDAD CIUDADANA;01;BOMBEROS;;;;;;;0;159533,54;159533,54;4259,18;84437,2;70837,16;70837,16;13704,36;0;13704,36;
;;001;120;13610;62999;2025/001226;2025/001226;EQUIPAMIENTO NUEVA AULA MÓVIL EXPERIMENTAL DE BOMBEROS;998;VARIOS DISTRITOS;01;PROTECCIÓN CIVIL Y SEGURIDAD CIUDADANA;01;BOMBEROS;;;;;;;0;50000;50000;50000;0;0;0;0;0;0;
;;001;120;13610;63300;2024/000358;2024/000358;EQUIPAMIENTO SERVICIOS DE BOMBEROS;998;VARIOS DISTRITOS;01;PROTECCIÓN CIVIL Y SEGURIDAD CIUDADANA;01;BOMBEROS;;;;;;;39750;-26743;13007;13007;0;0;0;0;0;0;
;;001;120;13610;63302;2024/000358;2024/000358;EQUIPAMIENTO SERVICIOS DE BOMBEROS;998;VARIOS DISTRITOS;01;PROTECCIÓN CIVIL Y SEGURIDAD CIUDADANA;01;BOMBEROS;;;;;;;39750;-39500;250;250;0;0;0;0;0;0;
;;001;120;13610;63599;2024/000442;2024/000442;PARQUES DE BOMBEROS. OTRO MOBILIARIO Y ENSERES;998;VARIOS DISTRITOS;01;PROTECCIÓN CIVIL Y SEGURIDAD CIUDADANA;01;BOMBEROS;;;;;;;481992;-481991,4;0,6;0,6;0;0;0;0;0;0;
;;001;120;13610;63599;2024/000442;2024/010442;PARQUES DE BOMBEROS Nº. 3 Y 6 DISTRITO CENTRO. OTRO MOBILIARIO Y ENSERES;201;CENTRO;01;PROTECCIÓN CIVIL Y SEGURIDAD CIUDADANA;01;BOMBEROS;;;;;;;0;94185,78;94185,78;0;0;94185,78;94185,78;94185,78;0;94185,78;
;;001;120;13610;63599;2024/000442;2024/020442;PARQUE DE BOMBEROS Nº 1 DISTRITO DE CHAMBERÍ. OTRO MOBILIARIO Y ENSERES;207;CHAMBERI;01;PROTECCIÓN CIVIL Y SEGURIDAD CIUDADANA;01;BOMBEROS;;;;;;;0;31162,34;31162,34;0;0;31162,34;31162,34;31162,34;0;31162,34;
;;001;120;13610;63599;2024/000442;2024/030442;PARQUE DE BOMBEROS Nº 9 DISTRITO DE FUENCARRAL-EL PARDO. OTRO MOBILIARIO Y ENSERES;208;FUENCARRAL-EL PARDO;01;PROTECCIÓN CIVIL Y SEGURIDAD CIUDADANA;01;BOMBEROS;;;;;;;0;68834,37;68834,37;0;0;68834,37;68834,37;68834,37;0;68834,37;
;;001;120;13610;63599;2024/000442;2024/040442;PARQUE DE BOMBEROS Nº 11 DISTRITO DE HORTALEZA. OTRO MOBILIARIO Y ENSERES;216;HORTALEZA;01;PROTECCIÓN CIVIL Y SEGURIDAD CIUDADANA;01;BOMBEROS;;;;;;;0;29015,8;29015,8;0;0;29015,8;29015,8;29015,8;0;29015,8;
;;001;120;13610;63599;2024/000442;2024/050442;PARQUE DE BOMBEROS Nº 12 DISTRITO DE LATINA. OTRO MOBILIARIO Y ENSERES;210;LATINA;01;PROTECCIÓN CIVIL Y SEGURIDAD CIUDADANA;01;BOMBEROS;;;;;;;0;47489,97;47489,97;0;0;47489,97;47489,97;47489,97;0;47489,97;
;;001;120;13610;63599;2024/000442;2024/060442;PARQUE DE BOMBEROS Nº 8 DISTRITO DE PUENTE DE VALLECAS. OTRO MOBILIARIO Y ENSERES;213;PUENTE DE VALLECAS;01;PROTECCIÓN CIVIL Y SEGURIDAD CIUDADANA;01;BOMBEROS;;;;;;;0;69563,82;69563,82;0;0;69563,82;69563,82;69563,82;0;69563,82;
;;001;120;13610;63599;2024/000442;2024/070442;PARQUE DE BOMBEROS Nº 2 DISTRITO DE SALAMANCA. OTRO MOBILIARIO Y ENSERES;204;SALAMANCA;01;PROTECCIÓN CIVIL Y SEGURIDAD CIUDADANA;01;BOMBEROS;;;;;;;0;103343,68;103343,68;0;0;103343,68;103343,68;103343,68;0;103343,68;
;;001;120;13610;63599;2024/000442;2024/080442;PARQUE DE BOMBEROS Nº 7 DISTRITO SAN BLAS-CANILLEJAS. OTRO MOBILIARIO Y ENSERES;220;SAN BLAS-CANILLEJAS;01;PROTECCIÓN CIVIL Y SEGURIDAD CIUDADANA;01;BOMBEROS;;;;;;;0;99297,6;99297,6;0;0;99297,6;99297,6;99297,6;0;99297,6;
;;001;120;13610;63599;2024/000442;2024/090442;PARQUE DE BOMBEROS Nº 4 DISTRITO DE TETUÁN. OTRO MOBILIARIO Y ENSERES;206;TETUAN;01;PROTECCIÓN CIVIL Y SEGURIDAD CIUDADANA;01;BOMBEROS;;;;;;;0;94159,67;94159,67;0;0;94159,67;94159,67;94159,67;0;94159,67;
;;001;120;13610;63599;2024/000442;2024/100442;PARQUE DE BOMBEROS Nº 13 DISTRITO DE VICÁLVARO. OTRO MOBILIARIO Y ENSERES;219;VICALVARO;01;PROTECCIÓN CIVIL Y SEGURIDAD CIUDADANA;01;BOMBEROS;;;;;;;0;59731,36;59731,36;0;0;59731,36;59731,36;59731,36;0;59731,36;
;;001;120;13610;63599;2024/000442;2024/110442;PARQUE DE BOMBEROS Nº 10 DISTRITO DE VILLAVERDE. OTRO MOBILIARIO Y ENSERES;217;VILLAVERDE;01;PROTECCIÓN CIVIL Y SEGURIDAD CIUDADANA;01;BOMBEROS;;;;;;;0;56840,85;56840,85;0;0;56840,85;56840,85;56840,85;0;56840,85;
;;001;120;13610;63599;2024/000442;2024/120442;NUEVA UNIDAD LOGÍSTICA DE BOMBEROS. OTRO MOBILIARIO Y ENSERES;218;VILLA DE VALLECAS;01;PROTECCIÓN CIVIL Y SEGURIDAD CIUDADANA;01;BOMBEROS;;;;;;;0;64041,34;64041,34;0;0;64041,34;64041,34;64041,34;0;53453,84;
;;001;120;13610;64100;2017/000107;2017/000107;APLICACIÓN INFORMÁTICA PARA LOS SERVICIOS DE BOMBEROS;998;VARIOS DISTRITOS;01;PROTECCIÓN CIVIL Y SEGURIDAD CIUDADANA;01;BOMBEROS;;;;;;;31830;0;31830;0,71;0;31829,29;31829,29;22101,82;0;22101,82;
;;001;120;13610;64100;2025/000010;2025/000010;SERVICIOS DE BOMBEROS. APLICACIONES INFORMÁTICAS;998;VARIOS DISTRITOS;01;PROTECCIÓN CIVIL Y SEGURIDAD CIUDADANA;01;BOMBEROS;;;;;;;70000;268516,37;338516,37;22642,76;54259,55;261614,06;261614,06;18847,77;0;18847,77;
;;001;120;92006;64100;2025/000080;2025/000080;SERVICIOS FOMENTO TRANSPARENCIA Y MEJORA GESTIÓN. ADQUISICIÓN APLICACIÓN INFORMÁTICA;999;NO DISTRITALIZABLE;00;INVERSIONES DE CARÁCTER GENERAL;01;SERVICIOS ADMINISTRATIVOS CENTRALES;;;;;;;250000;-250000;0;0;0;0;0;0;0;0;
;;001;120;92013;64100;2023/000076;2023/000076;DESARROLLO NUEVAS FUNCIONALIDADES SISTEMA INFORMÁTICO PARA GESTIÓN DE PROTECCIÓN DE DATOS;998;VARIOS DISTRITOS;12;OTROS BIENES PÚBLICOS DE CARÁCTER SOCIAL;00;ATENCIÓN AL CIUDADANO;;;;;;;21890;0;21890;0,13;0;21889,87;21889,87;21889,87;0;0;
;;001;120;92202;62302;2025/000008;2025/000008;SERVICIOS COMUNICACIÓN ÁREA VICEALCALDÍA, PORTAVOZ, SEGURIDAD Y EMERGENCIAS. ÚTILES Y HERRAMIENTAS;999;NO DISTRITALIZABLE;00;INVERSIONES DE CARÁCTER GENERAL;01;SERVICIOS ADMINISTRATIVOS CENTRALES;;;;;;;2000;10800;12800;0;1227,74;11572,26;11572,26;11572,26;0;11572,26;
;;001;120;92202;62500;2025/000009;2025/000009;EQUIPAMIENTO SERVICIOS COMUNICACIÓN ÁREA GOBIERNO DE VICEALCALDÍA, PORTAVOZ, SEGURIDAD Y EMERGENCIAS;999;NO DISTRITALIZABLE;00;INVERSIONES DE CARÁCTER GENERAL;01;SERVICIOS ADMINISTRATIVOS CENTRALES;;;;;;;5000;0;5000;5000;0;0;0;0;0;0;
;;001;120;92202;62599;2025/000009;2025/000009;EQUIPAMIENTO SERVICIOS COMUNICACIÓN ÁREA GOBIERNO DE VICEALCALDÍA, PORTAVOZ, SEGURIDAD Y EMERGENCIAS;999;NO DISTRITALIZABLE;00;INVERSIONES DE CARÁCTER GENERAL;01;SERVICIOS ADMINISTRATIVOS CENTRALES;;;;;;;1000;13000;14000;14000;0;0;0;0;0;0;
;;001;120;92401;62599;2025/001376;2025/001376;EQUIPAMIENTO CRAS! CENTRO RECURSOS PARA EL ASOCIACIONISMO Y LA CIUDADANÍA ACTIVA;998;VARIOS DISTRITOS;12;OTROS BIENES PÚBLICOS DE CARÁCTER SOCIAL;01;PARTICIPACIÓN CIUDADANA;;;;;;;0;9000;9000;9000;0;0;0;0;0;0;
;;001;120;92401;62600;2025/001376;2025/001376;EQUIPAMIENTO CRAS! CENTRO RECURSOS PARA EL ASOCIACIONISMO Y LA CIUDADANÍA ACTIVA;998;VARIOS DISTRITOS;12;OTROS BIENES PÚBLICOS DE CARÁCTER SOCIAL;01;PARTICIPACIÓN CIUDADANA;;;;;;;0;1000;1000;1000;0;0;0;0;0;0;
;;001;120;92501;62301;2025/001452;2025/001452;OFICINA ATENCIÓN A LA CIUDADANÍA DE LATINA. INSTALACIONES TÉCNICAS;210;LATINA;12;OTROS BIENES PÚBLICOS DE CARÁCTER SOCIAL;00;ATENCIÓN AL CIUDADANO;;;;;;;0;16117,2;16117,2;16117,2;0;0;0;0;0;0;
;;001;120;92501;62500;2025/000354;2025/000354;EQUIPAMIENTO OFICINAS ATENCIÓN A LA CIUDADANÍA LÍNEA MADRID;998;VARIOS DISTRITOS;12;OTROS BIENES PÚBLICOS DE CARÁCTER SOCIAL;00;ATENCIÓN AL CIUDADANO;;;;;;;122900;-112453,06;10446,94;10446,94;0;0;0;0;0;0;
;;001;120;92501;62500;2025/000354;2025/010354;EQUIPAMIENTO OFICINA DE ATENCIÓN A LA CIUDADANÍA (OAC) CHAMBERÍ. LÍNEA MADRID;207;CHAMBERI;12;OTROS BIENES PÚBLICOS DE CARÁCTER SOCIAL;00;ATENCIÓN AL CIUDADANO;;;;;;;0;4684,5;4684,5;0;0;4684,5;4684,5;4206,55;0;4206,55;
;;001;120;92501;62500;2025/000354;2025/020354;EQUIPAMIENTO OFICINA DE ATENCIÓN A LA CIUDADANÍA (OAC) RETIRO. LÍNEA MADRID;203;RETIRO;12;OTROS BIENES PÚBLICOS DE CARÁCTER SOCIAL;00;ATENCIÓN AL CIUDADANO;;;;;;;0;13739,61;13739,61;0;0;13739,61;13739,61;13261,66;0;13261,66;
;;001;120;92501;62500;2025/000354;2025/030354;EQUIPAMIENTO OFICINA DE ATENCIÓN A LA CIUDADANÍA (OAC) SALAMANCA, C/ POVEDILLA 4. LÍNEA MADRID;204;SALAMANCA;12;OTROS BIENES PÚBLICOS DE CARÁCTER SOCIAL;00;ATENCIÓN AL CIUDADANO;;;;;;;0;24121,35;24121,35;0;0;24121,35;24121,35;0;0;0;
;;001;120;92501;62500;2025/000354;2025/040354;EQUIPAMIENTO OFICINA DE ATENCIÓN A LA CIUDADANÍA (OAC) ARGANZUELA. LÍNEA MADRID;202;ARGANZUELA;12;OTROS BIENES PÚBLICOS DE CARÁCTER SOCIAL;00;ATENCIÓN AL CIUDADANO;;;;;;;0;477,95;477,95;0;0;477,95;477,95;0;0;0;
;;001;120;92501;62500;2025/000354;2025/050354;EQUIPAMIENTO OFICINA DE ATENCIÓN A LA CIUDADANÍA (OAC) BARAJAS. LÍNEA MADRID;221;BARAJAS;12;OTROS BIENES PÚBLICOS DE CARÁCTER SOCIAL;00;ATENCIÓN AL CIUDADANO;;;;;;;0;477,95;477,95;0;0;477,95;477,95;0;0;0;
;;001;120;92501;62500;2025/000354;2025/060354;EQUIPAMIENTO OFICINA DE ATENCIÓN A LA CIUDADANÍA (OAC) CARABANCHEL. LÍNEA MADRID;211;CARABANCHEL;12;OTROS BIENES PÚBLICOS DE CARÁCTER SOCIAL;00;ATENCIÓN AL CIUDADANO;;;;;;;0;477,95;477,95;0;0;477,95;477,95;0;0;0;
;;001;120;92501;62500;2025/000354;2025/070354;EQUIPAMIENTO OFICINA DE ATENCIÓN A LA CIUDADANÍA (OAC) CENTRO. LÍNEA MADRID;201;CENTRO;12;OTROS BIENES PÚBLICOS DE CARÁCTER SOCIAL;00;ATENCIÓN AL CIUDADANO;;;;;;;0;477,95;477,95;0;0;477,95;477,95;0;0;0;
;;001;120;92501;62500;2025/000354;2025/080354;EQUIPAMIENTO OFICINA DE ATENCIÓN A LA CIUDADANÍA (OAC) CHAMARTÍN. LÍNEA MADRID;205;CHAMARTIN;12;OTROS BIENES PÚBLICOS DE CARÁCTER SOCIAL;00;ATENCIÓN AL CIUDADANO;;;;;;;0;477,95;477,95;0;0;477,95;477,95;0;0;0;
;;001;120;92501;62500;2025/000354;2025/090354;EQUIPAMIENTO OFICINA DE ATENCIÓN A LA CIUDADANÍA (OAC) CIUDAD LINEAL. LÍNEA MADRID;215;CIUDAD LINEAL;12;OTROS BIENES PÚBLICOS DE CARÁCTER SOCIAL;00;ATENCIÓN AL CIUDADANO;;;;;;;0;477,95;477,95;0;0;477,95;477,95;0;0;0;
;;001;120;92501;62500;2025/000354;2025/100354;EQUIPAMIENTO OFICINA DE ATENCIÓN A LA CIUDADANÍA (OAC) FUENCARRAL-EL PARDO. LÍNEA MADRID;208;FUENCARRAL-EL PARDO;12;OTROS BIENES PÚBLICOS DE CARÁCTER SOCIAL;00;ATENCIÓN AL CIUDADANO;;;;;;;0;477,95;477,95;0;0;477,95;477,95;0;0;0;
;;001;120;92501;62500;2025/000354;2025/110354;EQUIPAMIENTO OFICINA AUXILIAR DE ATENCIÓN A LA CIUDADANÍA EL PARDO. LÍNEA MADRID;208;FUENCARRAL-EL PARDO;12;OTROS BIENES PÚBLICOS DE CARÁCTER SOCIAL;00;ATENCIÓN AL CIUDADANO;;;;;;;0;100,43;100,43;0;0;100,43;100,43;0;0;0;
;;001;120;92501;62500;2025/000354;2025/120354;EQUIPAMIENTO OFICINA DE APOYO EN LA ATENCIÓN A LA CIUDADANÍA (OAC) LAS TABLAS. LÍNEA MADRID;208;FUENCARRAL-EL PARDO;12;OTROS BIENES PÚBLICOS DE CARÁCTER SOCIAL;00;ATENCIÓN AL CIUDADANO;;;;;;;0;200,86;200,86;0;0;200,86;200,86;0;0;0;
;;001;120;92501;62500;2025/000354;2025/130354;EQUIPAMIENTO OFICINA DE ATENCIÓN A LA CIUDADANÍA (OAC) HORTALEZA. LÍNEA MADRID;216;HORTALEZA;12;OTROS BIENES PÚBLICOS DE CARÁCTER SOCIAL;00;ATENCIÓN AL CIUDADANO;;;;;;;0;477,95;477,95;0;0;477,95;477,95;0;0;0;
;;001;120;92501;62500;2025/000354;2025/140354;EQUIPAMIENTO OFICINA DE ATENCIÓN A LA CIUDADANÍA (OAC) SAN CHINARRO. LÍNEA MADRID;216;HORTALEZA;12;OTROS BIENES PÚBLICOS DE CARÁCTER SOCIAL;00;ATENCIÓN AL CIUDADANO;;;;;;;0;477,95;477,95;0;0;477,95;477,95;0;0;0;
;;001;120;92501;62500;2025/000354;2025/150354;EQUIPAMIENTO OFICINA DE ATENCIÓN A LA CIUDADANÍA (OAC) LATINA. LÍNEA MADRID;210;LATINA;12;OTROS BIENES PÚBLICOS DE CARÁCTER SOCIAL;00;ATENCIÓN AL CIUDADANO;;;;;;;0;477,95;477,95;0;0;477,95;477,95;0;0;0;
;;001;120;92501;62500;2025/000354;2025/160354;EQUIPAMIENTO OFICINA DE ATENCIÓN A LA CIUDADANÍA (OAC) MONCLOA-ARAVACA. LÍNEA MADRID;209;MONCLOA-ARAVACA;12;OTROS BIENES PÚBLICOS DE CARÁCTER SOCIAL;00;ATENCIÓN AL CIUDADANO;;;;;;;0;477,95;477,95;0;0;477,95;477,95;0;0;0;
;;001;120;92501;62500;2025/000354;2025/170354;EQUIPAMIENTO OFICINA AUXILIAR DE ATENCIÓN A LA CIUDADANÍA (OAC) ARAVACA. LÍNEA MADRID;209;MONCLOA-ARAVACA;12;OTROS BIENES PÚBLICOS DE CARÁCTER SOCIAL;00;ATENCIÓN AL CIUDADANO;;;;;;;0;200,86;200,86;0;0;200,86;200,86;0;0;0;
;;001;120;92501;62500;2025/000354;2025/180354;EQUIPAMIENTO OFICINA DE ATENCIÓN A LA CIUDADANÍA (OAC) MORATALAZ. LÍNEA MADRID;214;MORATALAZ;12;OTROS BIENES PÚBLICOS DE CARÁCTER SOCIAL;00;ATENCIÓN AL CIUDADANO;;;;;;;0;477,95;477,95;0;0;477,95;477,95;0;0;0;
;;001;120;92501;62500;2025/000354;2025/190354;EQUIPAMIENTO OFICINA DE ATENCIÓN A LA CIUDADANÍA (OAC) PUENTE DE VALLECAS. LÍNEA MADRID;213;PUENTE DE VALLECAS;12;OTROS BIENES PÚBLICOS DE CARÁCTER SOCIAL;00;ATENCIÓN AL CIUDADANO;;;;;;;0;1010,35;1010,35;0;0;1010,35;1010,35;0;0;0;
;;001;120;92501;62500;2025/000354;2025/200354;EQUIPAMIENTO OFICINA DE ATENCIÓN A LA CIUDADANÍA (OAC) NUMANCIA. LÍNEA MADRID;213;PUENTE DE VALLECAS;12;OTROS BIENES PÚBLICOS DE CARÁCTER SOCIAL;00;ATENCIÓN AL CIUDADANO;;;;;;;0;477,95;477,95;0;0;477,95;477,95;0;0;0;
;;001;120;92501;62500;2025/000354;2025/210354;EQUIPAMIENTO OFICINA DE ATENCIÓN A LA CIUDADANÍA (OAC) SAN BLAS-CANILLEJAS. LÍNEA MADRID;220;SAN BLAS-CANILLEJAS;12;OTROS BIENES PÚBLICOS DE CARÁCTER SOCIAL;00;ATENCIÓN AL CIUDADANO;;;;;;;0;477,95;477,95;0;0;477,95;477,95;0;0;0;
;;001;120;92501;62500;2025/000354;2025/220354;EQUIPAMIENTO OFICINA DE ATENCIÓN A LA CIUDADANÍA (OAC) TETUÁN. LÍNEA MADRID;206;TETUAN;12;OTROS BIENES PÚBLICOS DE CARÁCTER SOCIAL;00;ATENCIÓN AL CIUDADANO;;;;;;;0;477,95;477,95;0;0;477,95;477,95;0;0;0;
;;001;120;92501;62500;2025/000354;2025/230354;EQUIPAMIENTO OFICINA DE ATENCIÓN A LA CIUDADANÍA (OAC) USERA. LÍNEA MADRID;212;USERA;12;OTROS BIENES PÚBLICOS DE CARÁCTER SOCIAL;00;ATENCIÓN AL CIUDADANO;;;;;;;0;477,95;477,95;0;0;477,95;477,95;0;0;0;
;;001;120;92501;62500;2025/000354;2025/240354;EQUIPAMIENTO OFICINA DE ATENCIÓN A LA CIUDADANÍA (OAC) VICÁLVARO. LÍNEA MADRID;219;VICALVARO;12;OTROS BIENES PÚBLICOS DE CARÁCTER SOCIAL;00;ATENCIÓN AL CIUDADANO;;;;;;;0;477,95;477,95;0;0;477,95;477,95;0;0;0;
;;001;120;92501;62500;2025/000354;2025/250354;EQUIPAMIENTO OFICINA DE ATENCIÓN A LA CIUDADANÍA (OAC) VILLA DE VALLECAS. LÍNEA MADRID;218;VILLA DE VALLECAS;12;OTROS BIENES PÚBLICOS DE CARÁCTER SOCIAL;00;ATENCIÓN AL CIUDADANO;;;;;;;0;477,95;477,95;0;0;477,95;477,95;0;0;0;
;;001;120;92501;62500;2025/000354;2025/260354;EQUIPAMIENTO OFICINA DE ATENCIÓN A LA CIUDADANÍA (OAC) VILLAVERDE. LÍNEA MADRID;217;VILLAVERDE;12;OTROS BIENES PÚBLICOS DE CARÁCTER SOCIAL;00;ATENCIÓN AL CIUDADANO;;;;;;;0;477,95;477,95;0;0;477,95;477,95;0;0;0;
;;001;120;92501;62599;2025/000356;2025/000356;AULA DE FORMACIÓN LINEA MADRID. ADQUISICIÓN DE EQUIPO AUDIOVISUAL;998;VARIOS DISTRITOS;12;OTROS BIENES PÚBLICOS DE CARÁCTER SOCIAL;00;ATENCIÓN AL CIUDADANO;;;;;;;7000;0;7000;7000;0;0;0;0;0;0;
;;001;120;92501;62901;2025/000357;2025/000357;SEÑALIZACIÓN OFICINAS DE ATENCIÓN A LA CIUDADANÍA LÍNEA MADRID;998;VARIOS DISTRITOS;12;OTROS BIENES PÚBLICOS DE CARÁCTER SOCIAL;00;ATENCIÓN AL CIUDADANO;;;;;;;10000;0;10000;10000;0;0;0;0;0;0;
;;001;120;92501;63500;2024/000206;2024/000206;EQUIPAMIENTO OFICINAS DE ATENCIÓN AL CIUDADANO LÍNEA MADRID;998;VARIOS DISTRITOS;12;OTROS BIENES PÚBLICOS DE CARÁCTER SOCIAL;00;ATENCIÓN AL CIUDADANO;;;;;;;0;0,32;0,32;0,32;0;0;0;0;0;0;
;;001;120;92501;63500;2024/000206;2024/010206;EQUIPAMIENTO OFICINA DE ATENCIÓN AL CIUDADANO LÍNEA MADRID DE PUENTE DE VALLECAS;213;PUENTE DE VALLECAS;12;OTROS BIENES PÚBLICOS DE CARÁCTER SOCIAL;00;ATENCIÓN AL CIUDADANO;;;;;;;0;302,33;302,33;0;0;302,33;302,33;302,33;0;302,33;
;;001;120;92501;63500;2024/000206;2024/030206;EQUIPAMIENTO OFICINA DE ATENCIÓN AL CIUDADANO LÍNEA MADRID DE MONCLOA-ARAVACA;209;MONCLOA-ARAVACA;12;OTROS BIENES PÚBLICOS DE CARÁCTER SOCIAL;00;ATENCIÓN AL CIUDADANO;;;;;;;0;1511,65;1511,65;0;0;1511,65;1511,65;1511,65;0;1511,65;
;;001;120;92501;63500;2024/000206;2024/040206;EQUIPAMIENTO OFICINA DE ATENCIÓN AL CIUDADANO LÍNEA MADRID DE CHAMARTÍN;205;CHAMARTIN;12;OTROS BIENES PÚBLICOS DE CARÁCTER SOCIAL;00;ATENCIÓN AL CIUDADANO;;;;;;;0;604,66;604,66;0;0;604,66;604,66;604,66;0;604,66;
;;001;120;92501;63500;2024/000206;2024/050206;EQUIPAMIENTO OFICINA DE ATENCIÓN AL CIUDADANO LÍNEA MADRID DE BARAJAS;221;BARAJAS;12;OTROS BIENES PÚBLICOS DE CARÁCTER SOCIAL;00;ATENCIÓN AL CIUDADANO;;;;;;;0;302,33;302,33;0;0;302,33;302,33;302,33;0;302,33;
;;001;120;92501;63500;2024/000206;2024/070206;EQUIPAMIENTO OFICINA DE ATENCIÓN AL CIUDADANO LÍNEA MADRID DE FUENCARRAL-EL PARDO;208;FUENCARRAL-EL PARDO;12;OTROS BIENES PÚBLICOS DE CARÁCTER SOCIAL;00;ATENCIÓN AL CIUDADANO;;;;;;;0;15413,19;15413,19;0;0;15413,19;15413,19;15413,19;0;15413,19;
;;001;120;92501;63500;2024/000206;2024/080206;EQUIPAMIENTO OFICINA DE ATENCIÓN AL CIUDADANO LÍNEA MADRID DE LATINA;210;LATINA;12;OTROS BIENES PÚBLICOS DE CARÁCTER SOCIAL;00;ATENCIÓN AL CIUDADANO;;;;;;;0;1209,32;1209,32;0;0;1209,32;1209,32;1209,32;0;1209,32;
;;001;120;92501;63500;2024/000206;2024/090206;EQUIPAMIENTO OFICINA DE ATENCIÓN AL CIUDADANO LÍNEA MADRID DE VILLA DE VALLECAS;218;VILLA DE VALLECAS;12;OTROS BIENES PÚBLICOS DE CARÁCTER SOCIAL;00;ATENCIÓN AL CIUDADANO;;;;;;;0;906,99;906,99;0;0;906,99;906,99;906,99;0;906,99;
;;001;120;92501;63500;2024/000206;2024/110206;EQUIPAMIENTO OFICINA DE ATENCIÓN AL CIUDADANO LÍNEA MADRID DE CENTRO;201;CENTRO;12;OTROS BIENES PÚBLICOS DE CARÁCTER SOCIAL;00;ATENCIÓN AL CIUDADANO;;;;;;;0;1209,32;1209,32;0;0;1209,32;1209,32;1209,32;0;1209,32;
;;001;120;92501;63500;2024/000206;2024/120206;EQUIPAMIENTO OFICINA DE ATENCIÓN AL CIUDADANO LÍNEA MADRID DE ARGANZUELA;202;ARGANZUELA;12;OTROS BIENES PÚBLICOS DE CARÁCTER SOCIAL;00;ATENCIÓN AL CIUDADANO;;;;;;;0;906,99;906,99;0;0;906,99;906,99;906,99;0;906,99;
;;001;120;92501;63500;2024/000206;2024/130206;EQUIPAMIENTO OFICINA DE ATENCIÓN AL CIUDADANO LÍNEA MADRID DE CARABANCHEL;211;CARABANCHEL;12;OTROS BIENES PÚBLICOS DE CARÁCTER SOCIAL;00;ATENCIÓN AL CIUDADANO;;;;;;;0;2116,32;2116,32;0;0;2116,32;2116,32;2116,32;0;2116,32;
;;001;120;92501;63500;2024/000206;2024/140206;EQUIPAMIENTO OFICINA DE ATENCIÓN AL CIUDADANO LÍNEA MADRID DE CHAMBERÍ;207;CHAMBERI;12;OTROS BIENES PÚBLICOS DE CARÁCTER SOCIAL;00;ATENCIÓN AL CIUDADANO;;;;;;;0;2116,32;2116,32;0;0;2116,32;2116,32;2116,32;0;2116,32;
;;001;120;92501;63500;2024/000206;2024/150206;EQUIPAMIENTO OFICINA DE ATENCIÓN AL CIUDADANO LÍNEA MADRID DE HORTALEZA;216;HORTALEZA;12;OTROS BIENES PÚBLICOS DE CARÁCTER SOCIAL;00;ATENCIÓN AL CIUDADANO;;;;;;;0;1209,32;1209,32;0;0;1209,32;1209,32;1209,32;0;1209,32;
;;001;120;92501;63500;2024/000206;2024/160206;EQUIPAMIENTO OFICINA DE ATENCIÓN AL CIUDADANO LÍNEA MADRID DE MORATALAZ;214;MORATALAZ;12;OTROS BIENES PÚBLICOS DE CARÁCTER SOCIAL;00;ATENCIÓN AL CIUDADANO;;;;;;;0;302,33;302,33;0;0;302,33;302,33;302,33;0;302,33;
;;001;120;92501;63500;2024/000206;2024/170206;EQUIPAMIENTO OFICINA DE ATENCIÓN AL CIUDADANO LÍNEA MADRID DE RETIRO;203;RETIRO;12;OTROS BIENES PÚBLICOS DE CARÁCTER SOCIAL;00;ATENCIÓN AL CIUDADANO;;;;;;;0;1813,98;1813,98;0;0;1813,98;1813,98;1813,98;0;1813,98;
;;001;120;92501;63500;2024/000206;2024/180206;EQUIPAMIENTO OFICINA DE ATENCIÓN AL CIUDADANO LÍNEA MADRID DE SALAMANCA;204;SALAMANCA;12;OTROS BIENES PÚBLICOS DE CARÁCTER SOCIAL;00;ATENCIÓN AL CIUDADANO;;;;;;;0;2418,65;2418,65;0;0;2418,65;2418,65;2418,65;0;2418,65;
;;001;120;92501;63500;2024/000206;2024/190206;EQUIPAMIENTO OFICINA DE ATENCIÓN AL CIUDADANO LÍNEA MADRID DE VICÁLVARO;219;VICALVARO;12;OTROS BIENES PÚBLICOS DE CARÁCTER SOCIAL;00;ATENCIÓN AL CIUDADANO;;;;;;;0;2720,98;2720,98;0;0;2720,98;2720,98;2720,98;0;2720,98;
;;001;120;92501;63500;2025/000354;2025/000354;EQUIPAMIENTO OFICINAS ATENCIÓN A LA CIUDADANÍA LÍNEA MADRID;998;VARIOS DISTRITOS;12;OTROS BIENES PÚBLICOS DE CARÁCTER SOCIAL;00;ATENCIÓN AL CIUDADANO;;;;;;;5000;-5000;0;0;0;0;0;0;0;0;
;;001;120;92501;63599;2025/000354;2025/000354;EQUIPAMIENTO OFICINAS ATENCIÓN A LA CIUDADANÍA LÍNEA MADRID;998;VARIOS DISTRITOS;12;OTROS BIENES PÚBLICOS DE CARÁCTER SOCIAL;00;ATENCIÓN AL CIUDADANO;;;;;;;5000;13131,85;18131,85;18131,85;0;0;0;0;0;0;
;;001;120;92501;63901;2025/000357;2025/000357;SEÑALIZACIÓN OFICINAS DE ATENCIÓN A LA CIUDADANÍA LÍNEA MADRID;998;VARIOS DISTRITOS;12;OTROS BIENES PÚBLICOS DE CARÁCTER SOCIAL;00;ATENCIÓN AL CIUDADANO;;;;;;;5000;0;5000;5000;0;0;0;0;0;0;
;;001;130;33000;62301;2025/000117;2025/000117;SERVICIOS ÁREA DE GOBIERNO DE CULTURA, TURISMO Y DEPORTE. INSTALACIONES TÉCNICAS;999;NO DISTRITALIZABLE;00;INVERSIONES DE CARÁCTER GENERAL;01;SERVICIOS ADMINISTRATIVOS CENTRALES;;;;;;;8000;-8000;0;0;0;0;0;0;0;0;
;;001;130;33000;62500;2025/000121;2025/000121;EQUIPAMIENTO SERVICIOS ÁREA DE GOBIERNO DE CULTURA, TURISMO Y DEPORTE;999;NO DISTRITALIZABLE;00;INVERSIONES DE CARÁCTER GENERAL;01;SERVICIOS ADMINISTRATIVOS CENTRALES;;;;;;;10000;0;10000;2312,92;0;7687,08;7687,08;3849,42;0;3849,42;
;;001;130;33000;62599;2025/000121;2025/000121;EQUIPAMIENTO SERVICIOS ÁREA DE GOBIERNO DE CULTURA, TURISMO Y DEPORTE;999;NO DISTRITALIZABLE;00;INVERSIONES DE CARÁCTER GENERAL;01;SERVICIOS ADMINISTRATIVOS CENTRALES;;;;;;;6000;-5000;1000;675,72;0;324,28;324,28;324,28;0;324,28;
;;001;130;33000;62901;2025/000127;2025/000127;SERVICIOS ÁREA DE GOBIERNO DE CULTURA, TURISMO Y DEPORTE. SEÑALIZACIÓN;999;NO DISTRITALIZABLE;00;INVERSIONES DE CARÁCTER GENERAL;01;SERVICIOS ADMINISTRATIVOS CENTRALES;;;;;;;6000;0;6000;5195,2;0;804,8;804,8;804,32;0;804,32;
;;001;130;33000;63900;2025/001205;2025/001205;MUSEO DE HISTORIA. ACONDICIONAMIENTO DE ASCENSORES HIDRAÚLICOS PARA MEJORA EFICIENCIA ENERGÉTICA;201;CENTRO;10;CULTURA;02;MUSEOS Y COLECCIONES;;;;;;;0;12100;12100;8477,48;0;3622,52;3622,52;0;0;0;
;;001;130;33000;63900;2025/001206;2025/001206;TEMPLO DE DEBOD. ILUMINACIÓN AMBIENTAL Y MUSEÍSTICA PARA LA MEJORA DE LA EFICIENCIA ENERGÉTICA;209;MONCLOA-ARAVACA;10;CULTURA;02;MUSEOS Y COLECCIONES;;;;;;;0;18150;18150;951,06;0;17198,94;17198,94;0;0;0;
1;INCORPORACIONES REMANENTES OBLIGATORIAS;001;130;33210;62599;2023/000446;2023/000446;BIBLIOTECAS PÚBLICAS MUNICIPALES. MOBILIARIO Y OTROS ENSERES ADAPTADOS PARA MEJORA ACCESIBILIDAD;998;VARIOS DISTRITOS;10;CULTURA;00;BIBLIOTECAS Y PATRIMONIO BIBLIOGRÁFICO;;;;;;;0;14000;14000;3146,3;0;10853,7;10853,7;10853,7;0;10853,7;
;;001;130;33210;62600;2024/001144;2024/001144;BIBLIOTECA PÚBLICA BENITO PÉREZ GALDÓS. MATERIAL PARA ORGANIZACIÓN DE EVENTOS FOMENTO LECTURA;201;CENTRO;10;CULTURA;00;BIBLIOTECAS Y PATRIMONIO BIBLIOGRÁFICO;;;;;;;0;570,71;570,71;0;0;570,71;570,71;570,71;0;570,71;
;;001;130;33210;62600;2024/001145;2024/001145;SERVICIOS DE BIBLIOTECAS Y ARCHIVOS. MATERIAL PARA ORGANIZACIÓN DE EVENTOS;998;VARIOS DISTRITOS;10;CULTURA;00;BIBLIOTECAS Y PATRIMONIO BIBLIOGRÁFICO;;;;;;;0;635,18;635,18;0;0;635,18;635,18;635,18;0;635,18;
;;001;130;33210;62600;2025/001362;2025/001362;BIBLIOTECA PÚBLICA CANILLEJAS. ELEMENTOS DE ACCESIBILIDAD PARA EL SERVICIO;220;SAN BLAS-CANILLEJAS;10;CULTURA;00;BIBLIOTECAS Y PATRIMONIO BIBLIOGRÁFICO;;;;;;;0;400;400;400;0;0;0;0;0;0;
;;001;130;33210;62900;2025/001250;2025/001250;BIBLIOTECA MUSICAL VÍCTOR ESPINÓS. ADQUISICIÓN COLECCIÓN DOCTOR JACINTO TORRES MULAS;201;CENTRO;10;CULTURA;00;BIBLIOTECAS Y PATRIMONIO BIBLIOGRÁFICO;;;;;;;0;15000;15000;15000;0;0;0;0;0;0;
;;001;130;33210;62900;2025/001402;2025/001402;BIBLIOTECA HISTÓRICA MUNICIPAL. ADQUISICIÓN PIEZAS DOCUMENTALES Y OBRAS PARA COLECCIÓN BIBLIOGRÁFICA;201;CENTRO;10;CULTURA;00;BIBLIOTECAS Y PATRIMONIO BIBLIOGRÁFICO;;;;;;;0;11300;11300;11300;0;0;0;0;0;0;
;;001;130;33210;62901;2024/000402;2024/070402;NUEVA BIBLIOTECA PÚBLICA DISTRITO DE VILLAVERDE, C/ CALCIO, 1. SEÑALÉTICA;217;VILLAVERDE;10;CULTURA;00;BIBLIOTECAS Y PATRIMONIO BIBLIOGRÁFICO;;;;;;;0;2708,52;2708,52;0;0;2708,52;2708,52;2708,52;0;2708,52;
;;001;130;33210;62901;2025/000234;2025/000234;SEÑALETICA PARA LAS BIBLIOTECAS PÚBLICAS MUNICIPALES;998;VARIOS DISTRITOS;10;CULTURA;00;BIBLIOTECAS Y PATRIMONIO BIBLIOGRÁFICO;;;;;;;54000;-49037,36;4962,64;4962,64;0;0;0;0;0;0;
;;001;130;33210;62901;2025/000234;2025/010234;BIBLIOTECA PÚBLICA MARIA LEJARRAGA. SEÑALÉTICA;216;HORTALEZA;10;CULTURA;00;BIBLIOTECAS Y PATRIMONIO BIBLIOGRÁFICO;;;;;;;0;1861,95;1861,95;0;666,21;1195,74;1195,74;0;0;0;
;;001;130;33210;62901;2025/000234;2025/020234;BIBLIOTECA PÚBLICA JOSÉ SARAMAGO. SEÑALÉTICA;208;FUENCARRAL-EL PARDO;10;CULTURA;00;BIBLIOTECAS Y PATRIMONIO BIBLIOGRÁFICO;;;;;;;0;3636,05;3636,05;0;1300,98;2335,07;2335,07;0;0;0;
;;001;130;33210;62901;2025/000234;2025/030234;BIBLIOTECA PÚBLICA JOSÉ HIERRO. SEÑALÉTICA;220;SAN BLAS-CANILLEJAS;10;CULTURA;00;BIBLIOTECAS Y PATRIMONIO BIBLIOGRÁFICO;;;;;;;0;2790,86;2790,86;0;998,57;1792,29;1792,29;0;0;0;
;;001;130;33210;62901;2025/000234;2025/040234;BIBLIOTECA PÚBLICA IVÁN DE VARGAS. SEÑALÉTICA;201;CENTRO;10;CULTURA;00;BIBLIOTECAS Y PATRIMONIO BIBLIOGRÁFICO;;;;;;;0;2268,38;2268,38;0;811,62;1456,76;1456,76;0;0;0;
;;001;130;33210;62901;2025/000234;2025/050234;BIBLIOTECA PÚBLICA FRANCISCO AYALA. SEÑALÉTICA;219;VICALVARO;10;CULTURA;00;BIBLIOTECAS Y PATRIMONIO BIBLIOGRÁFICO;;;;;;;0;6148,01;6148,01;0;2199,76;3948,25;3948,25;0;0;0;
;;001;130;33210;62901;2025/000234;2025/060234;BIBLIOTECA PÚBLICA DÁMASO ALONSO. SEÑALÉTICA;205;CHAMARTIN;10;CULTURA;00;BIBLIOTECAS Y PATRIMONIO BIBLIOGRÁFICO;;;;;;;0;4093,07;4093,07;0;1464,5;2628,57;2628,57;0;0;0;
;;001;130;33210;62901;2025/000234;2025/070234;BIBLIOTECA PÚBLICA CANILLEJAS. SEÑALÉTICA;220;SAN BLAS-CANILLEJAS;10;CULTURA;00;BIBLIOTECAS Y PATRIMONIO BIBLIOGRÁFICO;;;;;;;0;4018,65;4018,65;0;1437,87;2580,78;2580,78;0;0;0;
;;001;130;33210;62901;2025/000234;2025/080234;BIBLIOTECA PÚBLICA BENITO PÉREZ GALDÓS, CALLE CONDE DUQUE, 9. SEÑALÉTICA;201;CENTRO;10;CULTURA;00;BIBLIOTECAS Y PATRIMONIO BIBLIOGRÁFICO;;;;;;;0;1193,91;1193,91;0;427,18;766,73;766,73;0;0;0;
;;001;130;33210;62901;2025/000234;2025/090234;BIBLIOTECA PÚBLICA ÁNGEL GONZÁLEZ. SEÑALÉTICA;210;LATINA;10;CULTURA;00;BIBLIOTECAS Y PATRIMONIO BIBLIOGRÁFICO;;;;;;;0;7021,39;7021,39;0;2512,25;4509,14;4509,14;0;0;0;
;;001;130;33210;62901;2025/000234;2025/100234;BIBLIOTECA PÚBLICA LA CHATA. SEÑALÉTICA;211;CARABANCHEL;10;CULTURA;00;BIBLIOTECAS Y PATRIMONIO BIBLIOGRÁFICO;;;;;;;0;5788,16;5788,16;0;2071,01;3717,15;3717,15;0;0;0;
;;001;130;33210;62901;2025/000234;2025/110234;BIBLIOTECA PÚBLICA FRANCISCO IBÁÑEZ. SEÑALÉTICA;205;CHAMARTIN;10;CULTURA;00;BIBLIOTECAS Y PATRIMONIO BIBLIOGRÁFICO;;;;;;;0;4254,72;4254,72;0;1522,34;2732,38;2732,38;0;0;0;
;;001;130;33210;62901;2025/000234;2025/120234;BIBLIOTECA PÚBLICA FRANCISCO UMBRAL, CALLE CALCIO, 1. SEÑALÉTICA;217;VILLAVERDE;10;CULTURA;00;BIBLIOTECAS Y PATRIMONIO BIBLIOGRÁFICO;;;;;;;0;3253,69;3253,69;0;0;3253,69;3253,69;3253,69;0;3253,69;
1;INCORPORACIONES REMANENTES OBLIGATORIAS;001;130;33210;62901;2025/001147;2025/001147;BIBLIOTECAS PÚBLICAS MUNICIPALES. SEÑALÉTICA DE PICTOGRAMAS DE ACCESIBILIDAD;998;VARIOS DISTRITOS;10;CULTURA;00;BIBLIOTECAS Y PATRIMONIO BIBLIOGRÁFICO;;;;;;;0;77273,44;77273,44;77273,44;0;0;0;0;0;0;
;;001;130;33210;62999;2024/001138;2024/001138;BIBLIOTECA PÚBLICA ÁNGEL GONZÁLEZ. MATERIAL PARA ORGANIZACIÓN DE EVENTOS FOMENTO LECTURA;210;LATINA;10;CULTURA;00;BIBLIOTECAS Y PATRIMONIO BIBLIOGRÁFICO;;;;;;;0;2303,58;2303,58;0;0;2303,58;2303,58;2303,58;0;2303,58;
;;001;130;33210;62999;2024/001139;2024/001139;BIBLIOTECA PÚBLICA EUGENIO TRÍAS. MATERIAL PARA ORGANIZACIÓN DE EVENTOS FOMENTO LECTURA;203;RETIRO;10;CULTURA;00;BIBLIOTECAS Y PATRIMONIO BIBLIOGRÁFICO;;;;;;;0;4858,8;4858,8;0;0;4858,8;4858,8;4858,8;0;4858,8;
;;001;130;33210;62999;2024/001140;2024/001140;BIBLIOTECA PÚBLICA HUERTA DE LA SALUD. MATERIAL PARA ORGANIZACIÓN DE EVENTOS FOMENTO LECTURA;216;HORTALEZA;10;CULTURA;00;BIBLIOTECAS Y PATRIMONIO BIBLIOGRÁFICO;;;;;;;0;2193,81;2193,81;0;0;2193,81;2193,81;2193,81;0;2193,81;
;;001;130;33210;62999;2024/001141;2024/001141;BIBLIOTECA PÚBLICA IVÁN DE VARGAS. MATERIAL PARA ORGANIZACIÓN DE EVENTOS FOMENTO LECTURA;201;CENTRO;10;CULTURA;00;BIBLIOTECAS Y PATRIMONIO BIBLIOGRÁFICO;;;;;;;0;451,75;451,75;0;0;451,75;451,75;451,75;0;451,75;
;;001;130;33210;62999;2024/001142;2024/001142;BIBLIOTECA PÚBLICA LA ELIPA. MATERIAL PARA ORGANIZACIÓN DE EVENTOS FOMENTO LECTURA;215;CIUDAD LINEAL;10;CULTURA;00;BIBLIOTECAS Y PATRIMONIO BIBLIOGRÁFICO;;;;;;;0;2303,59;2303,59;0;0;2303,59;2303,59;2303,59;0;2303,59;
;;001;130;33210;62999;2024/001143;2024/001143;BIBLIOTECA PÚBLICA MIGUEL DELIBES. MATERIAL PARA ORGANIZACIÓN DE EVENTOS FOMENTO LECTURA;214;MORATALAZ;10;CULTURA;00;BIBLIOTECAS Y PATRIMONIO BIBLIOGRÁFICO;;;;;;;0;2284,17;2284,17;0;0;2284,17;2284,17;2284,17;0;2284,17;
;;001;130;33210;62999;2024/001145;2024/001145;SERVICIOS DE BIBLIOTECAS Y ARCHIVOS. MATERIAL PARA ORGANIZACIÓN DE EVENTOS;998;VARIOS DISTRITOS;10;CULTURA;00;BIBLIOTECAS Y PATRIMONIO BIBLIOGRÁFICO;;;;;;;0;4206,93;4206,93;0;0;4206,93;4206,93;4206,93;0;4206,93;
;;001;130;33210;62999;2025/000134;2025/000134;UNIDAD TÉCNICA DE BIBLIOTECAS PÚBLICAS. ADQUISICIÓN DE LIBROS;998;VARIOS DISTRITOS;10;CULTURA;00;BIBLIOTECAS Y PATRIMONIO BIBLIOGRÁFICO;;;;;;;1384000;-131600;1252400;260804,61;0;991595,39;929202,77;597946,87;0;498676,84;
;;001;130;33210;62999;2025/000237;2025/000237;BIBLIOTECA MUSICAL VÍCTOR ESPINÓS. INSTRUMENTOS MUSICALES Y PARTITURAS;201;CENTRO;10;CULTURA;00;BIBLIOTECAS Y PATRIMONIO BIBLIOGRÁFICO;;;;;;;18000;15000;33000;73,48;3639,31;29287,21;29287,21;0;0;0;
;;001;130;33210;62999;2025/001246;2025/001246;UNIDAD TÉCNICA DE BIBLIOTECAS PÚBLICAS. ADQUISICIÓN DE MATERIAL AUDIOVISUAL Y MULTIMEDIA;998;VARIOS DISTRITOS;10;CULTURA;00;BIBLIOTECAS Y PATRIMONIO BIBLIOGRÁFICO;;;;;;;0;131600;131600;31607,03;0;99992,97;99992,97;25077,43;0;25077,43;
;;001;130;33210;63500;2025/001178;2025/001178;BIBLIOTECAS PÚBLICAS MUNICIPALES. MOBILIARIO ERGONÓMICO PARA LOS SERVICIOS ADMINISTRATIVOS;999;NO DISTRITALIZABLE;00;INVERSIONES DE CARÁCTER GENERAL;01;SERVICIOS ADMINISTRATIVOS CENTRALES;;;;;;;0;22975;22975;22975;0;0;0;0;0;0;
;;001;130;33210;63500;2025/001195;2025/001195;SERVICIOS ADMINISTRATIVOS BIBLIOTECAS Y ARCHIVOS. SILLAS ERGONÓMICAS;999;NO DISTRITALIZABLE;00;INVERSIONES DE CARÁCTER GENERAL;01;SERVICIOS ADMINISTRATIVOS CENTRALES;;;;;;;0;3025;3025;3025;0;0;0;0;0;0;
;;001;130;33210;63599;2025/000233;2025/000233;EQUIPAMIENTO BIBLIOTECAS PÚBLICAS MUNICIPALES;998;VARIOS DISTRITOS;10;CULTURA;00;BIBLIOTECAS Y PATRIMONIO BIBLIOGRÁFICO;;;;;;;0;11121,27;11121,27;11121,27;0;0;0;0;0;0;
;;001;130;33210;63599;2025/000233;2025/020233;EQUIPAMIENTO BIBLIOTECA PÚBLICA POZO DEL TÍO RAIMUNDO;213;PUENTE DE VALLECAS;10;CULTURA;00;BIBLIOTECAS Y PATRIMONIO BIBLIOGRÁFICO;;;;;;;0;22698,8;22698,8;0;395,93;22302,87;22302,87;22302,87;0;22302,87;
;;001;130;33210;63599;2025/000233;2025/030233;EQUIPAMIENTO BIBLIOTECA PÚBLICA GERARDO DIEGO;218;VILLA DE VALLECAS;10;CULTURA;00;BIBLIOTECAS Y PATRIMONIO BIBLIOGRÁFICO;;;;;;;0;92482,15;92482,15;0;1446,87;91035,28;91035,28;36646,99;0;36646,99;
;;001;130;33210;63599;2025/000233;2025/060233;EQUIPAMIENTO BIBLIOTECA PÚBLICA PÍO BAROJA;202;ARGANZUELA;10;CULTURA;00;BIBLIOTECAS Y PATRIMONIO BIBLIOGRÁFICO;;;;;;;0;120997,78;120997,78;0;830,26;120167,52;117454,7;0;0;0;
;;001;130;33210;63599;2025/001237;2025/001237;EQUIPAMIENTO BIBLIOTECA MUSICAL VÍCTOR ESPINÓS;201;CENTRO;10;CULTURA;00;BIBLIOTECAS Y PATRIMONIO BIBLIOGRÁFICO;;;;;;;0;8000;8000;8000;0;0;0;0;0;0;
;;001;130;33210;63601;2024/001083;2024/001083;BIBLIOTECA DIGITAL MEMORIADEMADRID. EQUIPOS PARA PROCESO DE DATOS;998;VARIOS DISTRITOS;10;CULTURA;00;BIBLIOTECAS Y PATRIMONIO BIBLIOGRÁFICO;;;;;;;0;19985,91;19985,91;0;0;19985,91;19985,91;19985,91;0;19985,91;
;;001;130;33210;63601;2025/000236;2025/000236;BIBLIOTECA DIGITAL MEMORIADEMADRID. ESCÁNER;201;CENTRO;10;CULTURA;00;BIBLIOTECAS Y PATRIMONIO BIBLIOGRÁFICO;;;;;;;70000;0;70000;3142,83;12031,35;54825,82;54825,82;0;0;0;
;;001;130;33210;62301;2025/000390;2025/000390;BIBLIOTECAS PÚBLICAS MUNICIPALES. INSTALACIONES DE SEGURIDAD;998;VARIOS DISTRITOS;10;CULTURA;00;BIBLIOTECAS Y PATRIMONIO BIBLIOGRÁFICO;;;;;;;0;60000;60000;60000;0;0;0;0;0;0;
;;001;130;33210;62599;2025/000233;2025/000233;EQUIPAMIENTO BIBLIOTECAS PÚBLICAS MUNICIPALES;998;VARIOS DISTRITOS;10;CULTURA;00;BIBLIOTECAS Y PATRIMONIO BIBLIOGRÁFICO;;;;;;;382000;-381665,93;334,07;334,07;0;0;0;0;0;0;
;;001;130;33210;62599;2025/000233;2025/010233;EQUIPAMIENTO BIBLIOTECA MUNICIPAL DE VILLAVERDE, C/ CALCIO, 1;217;VILLAVERDE;10;CULTURA;00;BIBLIOTECAS Y PATRIMONIO BIBLIOGRÁFICO;;;;;;;0;13582,25;13582,25;0;289,19;13293,06;13293,06;13293,06;0;13293,06;
;;001;130;33210;62599;2025/000233;2025/040233;EQUIPAMIENTO BIBLIOTECA MUNICIPAL DE ENSANCHE DE VALLECAS, AVENIDA DE LA GAVIA, 55;218;VILLA DE VALLECAS;10;CULTURA;00;BIBLIOTECAS Y PATRIMONIO BIBLIOGRÁFICO;;;;;;;0;24035,44;24035,44;0;15594,19;8441,25;8441,25;0;0;0;
;;001;130;33210;62599;2025/000233;2025/050233;EQUIPAMIENTO BIBLIOTECA MUNICIPAL DE MONTECARMELO, AVENIDA MONASTERIO DEL ESCORIAL, 57;208;FUENCARRAL-EL PARDO;10;CULTURA;00;BIBLIOTECAS Y PATRIMONIO BIBLIOGRÁFICO;;;;;;;0;35748,24;35748,24;0;23193,46;12554,78;12554,78;0;0;0;
;;001;130;33220;62601;2025/001112;2025/001112;ARCHIVO DE LA VILLA DE MADRID. ADQUISICIÓN DE ESCÁNER CILÍNDRICO DE RODILLO;201;CENTRO;10;CULTURA;01;ARCHIVOS Y PATRIMONIO DOCUMENTAL;;;;;;;0;9000;9000;9000;0;0;0;0;0;0;
;;001;130;33220;63599;2025/000373;2025/000373;EQUIPAMIENTO DEL ARCHIVO DE VILLA;201;CENTRO;10;CULTURA;01;ARCHIVOS Y PATRIMONIO DOCUMENTAL;;;;;;;87000;-6000;81000;0;3293,8;77706,2;77706,2;77706,2;0;77706,2;
;;001;130;33301;62302;2025/000330;2025/000330;MUSEO DE SAN ISIDRO. ADQUISICIÓN DE ÚTILES Y HERRAMIENTAS;201;CENTRO;10;CULTURA;02;MUSEOS Y COLECCIONES;;;;;;;6000;0;6000;26,23;0;5973,77;5973,77;0;0;0;
;;001;130;33301;62500;2025/000318;2025/000318;MUSEO EL CAPRICHO. MOBILIARIO Y EQUIPOS DE OFICINA;221;BARAJAS;10;CULTURA;02;MUSEOS Y COLECCIONES;;;;;;;30000;0;30000;4,45;7985,65;22009,9;22009,9;0;0;0;
;;001;130;33301;62500;2025/001315;2025/001315;EQUIPAMIENTO MUSEOS MUNICIPALES;998;VARIOS DISTRITOS;10;CULTURA;02;MUSEOS Y COLECCIONES;;;;;;;0;25000;25000;25000;0;0;0;0;0;0;
;;001;130;33301;62599;2025/001315;2025/001315;EQUIPAMIENTO MUSEOS MUNICIPALES;998;VARIOS DISTRITOS;10;CULTURA;02;MUSEOS Y COLECCIONES;;;;;;;0;18098,4;18098,4;18098,4;0;0;0;0;0;0;
;;001;130;33301;62599;2025/001315;2025/011315;EQUIPAMIENTO MUSEO DE SAN ISIDRO;201;CENTRO;10;CULTURA;02;MUSEOS Y COLECCIONES;;;;;;;0;5033,9;5033,9;0;0;5033,9;5033,9;0;0;0;
;;001;130;33301;62599;2025/001315;2025/021315;EQUIPAMIENTO MUSEO ERMITA DE SAN ANTONIO DE LA FLORIDA;209;MONCLOA-ARAVACA;10;CULTURA;02;MUSEOS Y COLECCIONES;;;;;;;0;2867,7;2867,7;0;0;2867,7;2867,7;0;0;0;
1;INCORPORACIONES REMANENTES OBLIGATORIAS;001;130;33301;62599;2023/001352;2023/001352;MUSEOS Y EXPOSICIONES MUNICIPALES. MOBILIARIO Y OTROS ENSERES ADAPTADOS PARA MEJORA ACCESIBILIDAD;998;VARIOS DISTRITOS;10;CULTURA;02;MUSEOS Y COLECCIONES;;;;;;;0;6258,8;6258,8;3364,48;0;2894,32;2894,32;2894,32;0;2894,32;
;;001;130;33301;62900;2025/000316;2025/000316;MUSEOGRAFIA PARA EL MUSEO EL CAPRICHO;221;BARAJAS;10;CULTURA;02;MUSEOS Y COLECCIONES;;;;;;;600000;-19000;581000;566,36;168193,71;412239,93;412239,93;0;0;0;
;;001;130;33301;62900;2025/000325;2025/000325;ADQUISICIÓN DE BIENES DE PATRIMONIO CULTURAL PARA LOS MUSEOS MUNICIPALES;998;VARIOS DISTRITOS;10;CULTURA;02;MUSEOS Y COLECCIONES;;;;;;;75000;-61878,02;13121,98;13121,98;0;0;0;0;0;0;
;;001;130;33301;62900;2025/000325;2025/010325;"MUSEO DE SAN ISIDRO. ADQUISICIÓN DE ÓLEO ""SAN ISIDRO DANDO DE COMER A LAS PALOMAS""  SIGLO XVII";201;CENTRO;10;CULTURA;02;MUSEOS Y COLECCIONES;;;;;;;0;16469,7;16469,7;0;0;16469,7;0;0;0;0;
;;001;130;33301;62900;2025/000325;2025/020325;MUSEO HISTORIA DE MADRID. ADQUISICIÓN JUEGO DE TAZA Y PLATO DE COBRE CON BAÑO PLATEADO;201;CENTRO;10;CULTURA;02;MUSEOS Y COLECCIONES;;;;;;;0;302,5;302,5;0;0;302,5;302,5;302,5;0;302,5;
;;001;130;33301;62900;2025/000325;2025/030325;"MUSEO ARTE CONTEMPORÁNEO. ADQUISICIÓN ESCULTURA ""HERMÉS"" DEL ARTISTA RAFAEL CANOGAR";201;CENTRO;10;CULTURA;02;MUSEOS Y COLECCIONES;;;;;;;0;55105,82;55105,82;0;0;55105,82;55105,82;55105,82;0;55105,82;
;;001;130;33301;62900;2025/000325;2025/040325;MUSEO DE HISTORIA DE MADRID. ADQUISICIÓN LOTE 23 FOTOGRAFÍAS DE AMADOR CUESTA;201;CENTRO;10;CULTURA;02;MUSEOS Y COLECCIONES;;;;;;;0;2145;2145;0;0;2145;2145;2145;0;2145;
;;001;130;33301;62900;2025/000325;2025/050325;MUSEO DE HISTORIA DE MADRID. ADQUISICIÓN LOTE DE FOTOGRAFÍAS DE PRIETO;201;CENTRO;10;CULTURA;02;MUSEOS Y COLECCIONES;;;;;;;0;4225,5;4225,5;0;0;4225,5;4225,5;4225,5;0;4225,5;
;;001;130;33301;62900;2025/000325;2025/060325;MUSEO DE HISTORIA DE MADRID. ADQUISICION LOTE FOTOGRAFÍAS DE LUIS PACHECO (VANDEL);201;CENTRO;10;CULTURA;02;MUSEOS Y COLECCIONES;;;;;;;0;2629,5;2629,5;0;0;2629,5;2629,5;2629,5;0;2629,5;
;;001;130;33301;62900;2025/001008;2025/001008;MUSEO MUNICIPAL DE ARTE CONTEMPORÁNEO. AMPLIACIÓN FONDO OBRAS DE ARTE;201;CENTRO;10;CULTURA;02;MUSEOS Y COLECCIONES;;;;;;;150000;170000;320000;109866,14;0;210133,86;0;0;0;0;
;;001;130;33301;62900;2025/001009;2025/001009;MUSEO DE HISTORIA DE MADRID. ADQUISICIÓN OBRAS DE ARTE SIGLOS XX Y XXI;201;CENTRO;10;CULTURA;02;MUSEOS Y COLECCIONES;;;;;;;150000;-130000;20000;20000;0;0;0;0;0;0;
;;001;130;33301;62999;2025/000323;2025/000323;PLANETARIO DE MADRID. ADECUACIÓN MUSEOGRÁFICA DE SALA EXTERIOR;202;ARGANZUELA;10;CULTURA;02;MUSEOS Y COLECCIONES;;;;;;;50000;-18000;32000;32000;0;0;0;0;0;0;
;;001;130;33301;62999;2025/000326;2025/000326;FONDOS BIBLIOGRÁFICOS ESPECIALIZADOS PARA MUSEO SAN ISIDRO Y TEMPO DE DEBOD;998;VARIOS DISTRITOS;10;CULTURA;02;MUSEOS Y COLECCIONES;;;;;;;5000;0;5000;5000;0;0;0;0;0;0;
;;001;130;33301;62999;2025/000327;2025/000327;IMPRENTA MUNICIPAL. CONTENEDORES CONSERVACIÓN CÉDULAS MATERIAL TIPOGRÁFICO;201;CENTRO;10;CULTURA;02;MUSEOS Y COLECCIONES;;;;;;;18000;0;18000;18000;0;0;0;0;0;0;
;;001;130;33301;63301;2025/001372;2025/001372;MUSEO ERMITA SAN ANTONIO DE LA FLORIDA. INSTALACIÓN DE PUNTOS DE RED INFORMÁTICA;209;MONCLOA-ARAVACA;10;CULTURA;02;MUSEOS Y COLECCIONES;;;;;;;0;5000;5000;1503,1;0;3496,9;3496,9;0;0;0;
;;001;130;33301;63599;2025/000319;2025/000319;EQUIPAMIENTO TÉCNICO PARA MUSEOS MUNICIPALES;998;VARIOS DISTRITOS;10;CULTURA;02;MUSEOS Y COLECCIONES;;;;;;;55620;0;55620;55620;0;0;0;0;0;0;
;;001;130;33301;63599;2025/000329;2025/000329;EQUIPAMIENTO IMPRENTA MUNICIPAL;201;CENTRO;10;CULTURA;02;MUSEOS Y COLECCIONES;;;;;;;30000;-18000;12000;12000;0;0;0;0;0;0;
;;001;130;33301;63900;2025/000317;2025/000317;MUSEO HISTORIA DE MADRID. MUSEOGRAFÍA DE LA MAQUETA DE LEÓN GIL DE PALACIO;201;CENTRO;10;CULTURA;02;MUSEOS Y COLECCIONES;;;;;;;80500;0;80500;350,3;6200,55;73949,15;73949,15;73949,15;0;73949,15;
;;001;130;33301;63900;2025/000320;2025/000320;RENOVACIÓN MUSEOGRÁFICA DEL TEMPLO DE DEBOD;201;CENTRO;10;CULTURA;02;MUSEOS Y COLECCIONES;;;;;;;41000;-40500;500;500;0;0;0;0;0;0;
;;001;130;33301;63900;2025/000322;2025/000322;RESTAURACIÓN DE PIEZAS DE PATRIMONIO CULTURAL;998;VARIOS DISTRITOS;10;CULTURA;02;MUSEOS Y COLECCIONES;;;;;;;48000;-36940;11060;11060;0;0;0;0;0;0;
;;001;130;33301;63900;2025/000322;2025/010322;"MUSEO EL CAPRICHO. RESTAURACIÓN ÓLEO ""RETRATO DE LOS HIJOS DEL IX DUQUE DE OSUNA” DE GASPARE LANDI";221;BARAJAS;10;CULTURA;02;MUSEOS Y COLECCIONES;;;;;;;0;3837,42;3837,42;0;0;3837,42;3837,42;0;0;0;
;;001;130;33301;63900;2025/000322;2025/020322;MUSEO EL CAPRICHO. RESTAURACIÓN DE TELESCOPIO DE BRONCE DORADO Y MADERA;221;BARAJAS;10;CULTURA;02;MUSEOS Y COLECCIONES;;;;;;;0;1296,43;1296,43;0;0;1296,43;1296,43;0;0;0;
;;001;130;33301;63900;2025/000322;2025/030322;MUSEO EL CAPRICHO. RESTAURACIÓN DE ESFERA CELESTE;221;BARAJAS;10;CULTURA;02;MUSEOS Y COLECCIONES;;;;;;;0;2869,43;2869,43;0;0;2869,43;2869,43;0;0;0;
;;001;130;33301;63900;2025/000322;2025/040322;MUSEO EL CAPRICHO. RESTAURACIÓN DE ESPEJO DE MADERA Y PAN DE ORO;221;BARAJAS;10;CULTURA;02;MUSEOS Y COLECCIONES;;;;;;;0;5277,33;5277,33;0;0;5277,33;5277,33;0;0;0;
;;001;130;33301;63900;2025/000322;2025/050322;MUSEO EL CAPRICHO. RESTAURACIÓN DE ESTATUILLA DE ESCAYOLA DE MARIANO TÉLLEZ GIRÓN;221;BARAJAS;10;CULTURA;02;MUSEOS Y COLECCIONES;;;;;;;0;993,93;993,93;0;0;993,93;993,93;0;0;0;
;;001;130;33301;63900;2025/000322;2025/060322;MUSEO EL CAPRICHO. RESTAURACIÓN DE PAREJA DE JARRONES DE PORCELANA ESMALTADA Y DORADA;221;BARAJAS;10;CULTURA;02;MUSEOS Y COLECCIONES;;;;;;;0;1296,43;1296,43;0;0;1296,43;1296,43;0;0;0;
;;001;130;33301;63900;2025/000322;2025/070322;"MUSEO EL CAPRICHO. RESTAURACIÓN DE ÓLEO SOBRE LIENZO ""RETRATO DE CABALLERO"" DE AUTOR ANÓNIMO";221;BARAJAS;10;CULTURA;02;MUSEOS Y COLECCIONES;;;;;;;0;1369,03;1369,03;0;0;1369,03;1369,03;0;0;0;
;;001;130;33301;63900;2025/000328;2025/000328;IMPRENTA MUNICIPAL. RENOVACIÓN DE MUSEOGRAFÍA;201;CENTRO;10;CULTURA;02;MUSEOS Y COLECCIONES;;;;;;;18000;-16000;2000;2000;0;0;0;0;0;0;
;;001;130;33301;63900;2025/000331;2025/000331;PLANETARIO DE MADRID. RENOVACIÓN DE MUSEOGRAFÍA;202;ARGANZUELA;10;CULTURA;02;MUSEOS Y COLECCIONES;;;;;;;11000;-11000;0;0;0;0;0;0;0;0;
;;001;130;33301;63900;2025/001369;2025/001369;MUSEO DE HISTORIA DE MADRID. RENOVACIÓN DE MUSEOGRAFÍA;201;CENTRO;10;CULTURA;02;MUSEOS Y COLECCIONES;;;;;;;0;11000;11000;7442,6;0;3557,4;3557,4;3557,4;0;3557,4;
;;001;130;33301;63900;2025/001493;2025/001493;MUSEO ERMITA DE SAN ANTONIO DE LA FLORIDA. RENOVACIÓN DE ELEMENTOS MUSEOGRÁFICOS;209;MONCLOA-ARAVACA;10;CULTURA;02;MUSEOS Y COLECCIONES;;;;;;;0;16500;16500;16500;0;0;0;0;0;0;
;;001;130;33401;60900;2025/000196;2025/000196;PLACAS CONMEMORATIVAS PLAN MEMORIA DE MADRID;998;VARIOS DISTRITOS;10;CULTURA;05;PROMOCIÓN DE LA CULTURA;;;;;;;15000;0;15000;6710,54;0;8289,46;8289,46;5771,27;0;5771,27;
;;001;130;33401;63900;2025/000189;2025/000189;RESTAURACIÓN COLECCIÓN MUNICIPAL GIGANTES Y CABEZUDOS;998;VARIOS DISTRITOS;10;CULTURA;05;PROMOCIÓN DE LA CULTURA;;;;;;;20000;0;20000;821,5;0;19178,5;19178,5;8893,5;0;8893,5;
;;001;130;33405;62999;2025/000188;2025/000188;BANDA SINFÓNICA MUNICIPAL. ADQUISICIÓN DE INSTRUMENTOS DE ALTA GAMA;998;VARIOS DISTRITOS;10;CULTURA;05;PROMOCIÓN DE LA CULTURA;;;;;;;100000;0;100000;7096;0;92904;0;0;0;0;
;;001;130;33405;62999;2025/000191;2025/000191;BANDA SINFÓNICA MUNICIPAL. ADQUISICIÓN DE NUEVAS PARTITURAS;998;VARIOS DISTRITOS;10;CULTURA;05;PROMOCIÓN DE LA CULTURA;;;;;;;4529;0;4529;425,25;0;4103,75;4103,75;4103,75;0;4103,75;
;;001;130;33601;61900;2025/000398;2025/010398;ESTATUA Y PEDESTAL DE CLAUDIO MOYANO, C/ CLAUDIO MOYANO, 2. OBRAS DE RESTAURACIÓN Y CONSERVACIÓN;203;RETIRO;10;CULTURA;06;ESTATUAS Y MONUMENTOS;;;;;;;0;18029;18029;0;0;18029;18029;18029;0;18029;
;;001;130;33601;61900;2025/000398;2025/020398;CONJUNTO ESCULTÓRICO DAOÍZ Y VELARDE, PLAZA DEL DOS DE MAYO. OBRAS DE RESTAURACIÓN;201;CENTRO;10;CULTURA;06;ESTATUAS Y MONUMENTOS;;;;;;;0;12100;12100;0;0;12100;12100;0;0;0;
;;001;130;33601;61900;2025/000398;2025/030398;CONJUNTO ESCULTÓRICO LA GLORIA Y LOS PEGASOS. OBRAS DE RESTAURACIÓN;998;VARIOS DISTRITOS;10;CULTURA;06;ESTATUAS Y MONUMENTOS;;;;;;;0;15396,39;15396,39;0;0;15396,39;15396,39;10007,66;0;10007,66;
;;001;130;33601;62900;2025/001387;2025/001387;CENTRO DE INTERPRETACIÓN FRONTÓN BETI JAI. MAQUETA DEL DIRIGIBLE TORRES QUEVEDO 1906;207;CHAMBERI;10;CULTURA;04;OTROS CENTROS PARA MANIFESTACIONES CULTURALES;;;;;;;0;3623,96;3623,96;0;0;3623,96;3623,96;0;0;0;
;;001;130;33601;62901;2025/001068;2025/001068;CENTRO DE INTERPRETACIÓN FRONTÓN BETI JAI. ELEMENTOS GRÁFICOS SEÑALIZACIÓN;207;CHAMBERI;10;CULTURA;04;OTROS CENTROS PARA MANIFESTACIONES CULTURALES;;;;;;;0;3000;3000;35,5;0;2964,5;2964,5;0;0;0;
;;001;130;33601;62999;2025/001476;2025/001476;CENTRO DE INTERPRETACIÓN FRONTÓN BETI JAI. ADQUISICIÓN Y ADECUACIÓN ELEMENTOS MUSEOGRÁFICOS;207;CHAMBERI;10;CULTURA;04;OTROS CENTROS PARA MANIFESTACIONES CULTURALES;;;;;;;0;17573,02;17573,02;17573,02;0;0;0;0;0;0;
;;001;130;33601;63200;2018/006051;2018/006051;"PALACIO ""EL CAPRICHO"". REHABILITACIÓN PARA DESARROLLO MUSEOGRÁFICO";221;BARAJAS;10;CULTURA;02;MUSEOS Y COLECCIONES;;;;;;;1500000;-127851,5;1372148,5;225853,59;0;1146294,91;1146294,91;1145675,24;0;1145675,24;
;;001;130;33601;63200;2025/000361;2025/000361;TEATRO DE TÍTERES DEL RETIRO. OBRAS DE ADECUACIÓN DE ESPACIOS;203;RETIRO;10;CULTURA;04;OTROS CENTROS PARA MANIFESTACIONES CULTURALES;;;;;;;23000;-13519,65;9480,35;0;0;9480,35;9480,35;9480,35;0;0;
;;001;130;33601;63900;2020/000043;2020/000043;CASA DE VARGAS. REHABILITACIÓN CASA-PALACIO Y JARDÍN DE FELIPE II;209;MONCLOA-ARAVACA;10;CULTURA;04;OTROS CENTROS PARA MANIFESTACIONES CULTURALES;;;;;;;0;146898,51;146898,51;0;0;146898,51;146898,51;0;0;0;
;;001;130;33601;63900;2020/000419;2020/000419;PABELLÓN DE HEXÁGONOS CASA DE CAMPO. REHABILITACIÓN;209;MONCLOA-ARAVACA;10;CULTURA;04;OTROS CENTROS PARA MANIFESTACIONES CULTURALES;;;;;;;500000;0;500000;500000;0;0;0;0;0;0;
;;001;130;33601;63900;2021/000028;2021/000028;IGLESIA DE LAS MARAVILLAS. ACONDICIONAMIENTO;201;CENTRO;10;CULTURA;04;OTROS CENTROS PARA MANIFESTACIONES CULTURALES;;;;;;;0;1110,36;1110,36;1110,36;0;0;0;0;0;0;
;;001;130;33601;63900;2022/000093;2022/000093;CASA DE LA VILLA. OBRAS DE RESTAURACION;201;CENTRO;10;CULTURA;04;OTROS CENTROS PARA MANIFESTACIONES CULTURALES;;;;;;;14639;18200;32839;76,42;0;32762,58;32762,58;32762,58;0;32762,58;
;;001;130;33601;63900;2023/001367;2023/001367;PALACIO CIBELES. SUBSANACIÓN DEFICIENCIA INSTALACIÓN ELÉCTRICA, PROTECCIÓN INCENDIOS Y CLIMATIZACIÓN;203;RETIRO;00;INVERSIONES DE CARÁCTER GENERAL;01;SERVICIOS ADMINISTRATIVOS CENTRALES;;;;;;;1718526;542003,16;2260529,16;41581,73;0;2218947,43;2218947,43;1079848,57;0;1079848,57;
;;001;130;33601;63900;2024/000406;2024/000406;MUSEO DE HISTORIA DE MADRID. RESTAURACIÓN DE PORTADA;201;CENTRO;10;CULTURA;02;MUSEOS Y COLECCIONES;;;;;;;190000;36263;226263;0;34500,34;191762,66;191762,66;149310,01;0;149310,01;
;;001;130;33601;63900;2025/000376;2025/000376;CASAS CONSISTORIALES. REHABILITACIÓN;201;CENTRO;10;CULTURA;04;OTROS CENTROS PARA MANIFESTACIONES CULTURALES;;;;;;;59000;-58081,58;918,42;0;0;918,42;918,42;918,42;0;918,42;
;;001;130;33601;63900;2025/000377;2025/000377;MUSEO DE ARTE CONTEMPORANEO. OBRAS DE ACONDICIONAMIENTO;201;CENTRO;10;CULTURA;02;MUSEOS Y COLECCIONES;;;;;;;125000;-107455;17545;0;0;17545;17545;17545;0;17545;
;;001;130;33601;63900;2025/000378;2025/000378;TUNEL DE BONAPARTE. ACONDICIONAMIENTO;201;CENTRO;10;CULTURA;06;ESTATUAS Y MONUMENTOS;;;;;;;50000;-44935,29;5064,71;5064,71;0;0;0;0;0;0;
5;FONDO DE REEQUILIBRIO TERRITORIAL;001;130;33601;63900;2022/000551;2022/000551;EDIFICIO C/ PEIRONCELLY, 10. REHABILITACIÓN PARA DOTACIÓN CULTURAL;213;PUENTE DE VALLECAS;10;CULTURA;04;OTROS CENTROS PARA MANIFESTACIONES CULTURALES;;;17;FONDO REEQUILIBRIO TERRITORIAL;;;0;50000;50000;3217,98;0;46782,02;46782,02;0;0;0;
;;001;130;33601;64099;2025/001290;2025/001290;CREACIONES ARTÍSTICAS PARA PROMOCIÓN DEL PAISAJE Y PATRIMONIO CULTURAL DE MADRID;998;VARIOS DISTRITOS;10;CULTURA;00;BIBLIOTECAS Y PATRIMONIO BIBLIOGRÁFICO;;;;;;;0;34000;34000;4043,6;0;29956,4;29956,4;12000;0;12000;
;;001;130;33601;60900;2022/000055;2022/000055;INTERVENCIONES COMPARTIENDO MUROS ARTE PÚBLICO MADRID;998;VARIOS DISTRITOS;10;CULTURA;05;PROMOCIÓN DE LA CULTURA;;;;;;;125000;-125000;0;0;0;0;0;0;0;0;
;;001;130;33601;60900;2022/000055;2024/001084;PROGRAMA COMPARTIENDO MUROS. EJECUCIÓN MURALES ARTÍSTICOS EN DISTRITO DE CENTRO;202;ARGANZUELA;10;CULTURA;05;PROMOCIÓN DE LA CULTURA;;;;;;;0;21780;21780;0;1210;20570;20570;20570;0;20570;
;;001;130;33601;60900;2022/000055;2024/001085;PROGRAMA COMPARTIENDO MUROS. EJECUCIÓN MURALES ARTÍSTICOS EN DISTRITO DE RETIRO;203;RETIRO;10;CULTURA;05;PROMOCIÓN DE LA CULTURA;;;;;;;0;12100;12100;0;6,05;12093,95;12093,95;12093,95;0;12093,95;
;;001;130;33601;60900;2022/000055;2024/001087;PROGRAMA COMPARTIENDO MUROS. EJECUCIÓN MURALES ARTÍSTICOS EN DISTRITO DE TETUÁN;206;TETUAN;10;CULTURA;05;PROMOCIÓN DE LA CULTURA;;;;;;;0;7260;7260;0;1210;6050;6050;6050;0;6050;
;;001;130;33601;60900;2022/000055;2024/001088;PROGRAMA COMPARTIENDO MUROS. EJECUCIÓN MURALES ARTÍSTICOS EN DISTRITO DE CARABANCHEL;211;CARABANCHEL;10;CULTURA;05;PROMOCIÓN DE LA CULTURA;;;;;;;0;21780;21780;0;0;21780;21780;21780;0;21780;
;;001;130;33601;60900;2022/000055;2024/001089;PROGRAMA COMPARTIENDO MUROS. EJECUCIÓN MURALES ARTÍSTICOS EN DISTRITO DE CIUDAD LINEAL;215;CIUDAD LINEAL;10;CULTURA;05;PROMOCIÓN DE LA CULTURA;;;;;;;0;16940;16940;0;6,05;16933,95;16933,95;16933,95;0;16933,95;
;;001;130;33601;60900;2022/000055;2024/001090;PROGRAMA COMPARTIENDO MUROS. EJECUCIÓN MURALES ARTÍSTICOS EN DISTRITO DE VILLAVERDE;217;VILLAVERDE;10;CULTURA;05;PROMOCIÓN DE LA CULTURA;;;;;;;0;16940;16940;0;1101,1;15838,9;15838,9;15838,9;0;15838,9;
;;001;130;33601;60900;2022/000055;2024/001091;PROGRAMA COMPARTIENDO MUROS. EJECUCIÓN MURALES ARTÍSTICOS EN DISTRITO DE VILLA DE VALLECAS;218;VILLA DE VALLECAS;10;CULTURA;05;PROMOCIÓN DE LA CULTURA;;;;;;;0;12100;12100;0;605;11495;11495;11495;0;11495;
;;001;130;33601;60900;2022/000055;2024/001092;PROGRAMA COMPARTIENDO MUROS. EJECUCIÓN MURALES ARTÍSTICOS EN DISTRITO DE BARAJAS;221;BARAJAS;10;CULTURA;05;PROMOCIÓN DE LA CULTURA;;;;;;;0;16940;16940;0;605;16335;16335;16335;0;16335;
;;001;130;33601;60900;2022/000154;2022/000154;PLACAS VÍCTIMAS TERRORISMO Y PLAN DE MEMORIA HISTÓRICA;998;VARIOS DISTRITOS;10;CULTURA;05;PROMOCIÓN DE LA CULTURA;;;;;;;18000;-9680;8320;6323,5;0;1996,5;1996,5;1996,5;0;1996,5;
;;001;130;33601;60900;2024/000412;2024/000412;MONUMENTO A LOS PERIODISTAS FALLECIDOS EN EJERCICIO DE SU PROFESIÓN. INSTALACIÓN C/JUAN BRAVO;204;SALAMANCA;10;CULTURA;06;ESTATUAS Y MONUMENTOS;;;;;;;130000;0;130000;105082,28;842,16;24075,56;24075,56;24075,56;0;24075,56;
;;001;130;33601;60900;2024/001501;2024/001501;CULTURA EN BANCOS RETIRO. PLACAS HOMENAJE PERSONALIDADES RELEVANTES VIDA CULTURAL Y SOCIAL;203;RETIRO;10;CULTURA;05;PROMOCIÓN DE LA CULTURA;;;;;;;0;9680;9680;726;0;8954;8954;0;0;0;
;;001;130;33601;60900;2025/000379;2025/000379;PLACAS TAURINAS EN LA VENTA DEL BATÁN;209;MONCLOA-ARAVACA;10;CULTURA;05;PROMOCIÓN DE LA CULTURA;;;;;;;3000;-840;2160;1005;0;1155;1155;1155;0;1155;
;;001;130;33601;60900;2025/000380;2025/000380;IMPLANTACIÓN DE NUEVOS MONUMENTOS/ARTE PÚBLICO;998;VARIOS DISTRITOS;10;CULTURA;06;ESTATUAS Y MONUMENTOS;;;;;;;10000;30100;40100;40100;0;0;0;0;0;0;
;;001;130;33601;60900;2025/000380;2025/010380;PLACA CON RELIEVE HOMENAJE A LA BEATA MARIANA DE JESÚS. CREACIÓN E INSTALACIÓN;202;ARGANZUELA;10;CULTURA;06;ESTATUAS Y MONUMENTOS;;;;;;;0;9900;9900;0;0;9900;9900;9900;0;9900;
;;001;130;33601;61900;2022/001381;2022/001381;PUERTA DE ALCALÁ. OBRAS DE CONSERVACIÓN Y RESTAURACIÓN;204;SALAMANCA;10;CULTURA;06;ESTATUAS Y MONUMENTOS;;;;;;;11092;0;11092;0,09;0;11091,91;11091,91;11091,91;0;11091,91;
;;001;130;33601;61900;2023/001019;2023/001019;ARCO DE LA VICTORIA. OBRAS DE REPARACIÓN Y MEJORA;209;MONCLOA-ARAVACA;10;CULTURA;06;ESTATUAS Y MONUMENTOS;;;;;;;75000;-75000;0;0;0;0;0;0;0;0;
;;001;130;33601;61900;2024/000413;2024/000413;MUSEO DE ESCULTURA AL AIRE LIBRE DE LA CASTELLANA. RESTAURACIÓN OBRAS;204;SALAMANCA;10;CULTURA;06;ESTATUAS Y MONUMENTOS;;;;;;;100000;-39228,85;60771,15;0;14281,22;46489,93;46489,93;7156,84;0;7156,84;
;;001;130;33601;61900;2025/000398;2025/000398;PATRIMONIO HISTÓRICO, ARTÍSTICO Y CULTURAL. ACTUACIONES DE REHABILITACIÓN Y RESTAURACIÓN;998;VARIOS DISTRITOS;10;CULTURA;06;ESTATUAS Y MONUMENTOS;;;;;;;0;54474,61;54474,61;54474,61;0;0;0;0;0;0;
1;INCORPORACIONES REMANENTES OBLIGATORIAS;001;130;33681;63900;2020/000043;2020/000043;CASA DE VARGAS. REHABILITACIÓN CASA-PALACIO Y JARDÍN DE FELIPE II;209;MONCLOA-ARAVACA;10;CULTURA;04;OTROS CENTROS PARA MANIFESTACIONES CULTURALES;;;;;;;0;9773420,97;9773420,97;2947379,2;0;6826041,77;6826041,77;61839,64;0;61839,64;
;;001;131;34102;62500;2025/001118;2025/001118;SERVICIOS ADMINISTRATIVOS DE DEPORTE. MOBILIARIO Y EQUIPOS DE OFICINA;999;NO DISTRITALIZABLE;00;INVERSIONES DE CARÁCTER GENERAL;01;SERVICIOS ADMINISTRATIVOS CENTRALES;;;;;;;0;3267;3267;29,04;0;3237,96;3237,96;3237,96;0;3237,96;
;;001;131;34102;62999;2025/001482;2025/001482;DEPENDENCIAS SERVICIOS DEPORTE,C/SAN BERNARDO, 68. ELEMENTOS PARA EXPOSICIONES PROMOCIÓN DEPORTIVA;201;CENTRO;10;CULTURA;05;PROMOCIÓN DE LA CULTURA;;;;;;;0;16968;16968;16968;0;0;0;0;0;0;
;;001;131;34102;64100;2025/001125;2025/001125;SERVICIOS DEPORTIVOS. ADQUISICIÓN LICENCIAS DESARROLLO MADRID MÓVIL Y DEPORTES WEB;998;VARIOS DISTRITOS;11;DEPORTES, JUVENTUD  Y ESPARCIMIENTO;01;POLIDEPORTIVOS;;;;;;;0;3311;3311;0,44;0;3310,56;3310,56;3310,56;0;3310,56;
5;FONDO DE REEQUILIBRIO TERRITORIAL;001;131;34201;61999;2023/000282;2023/000282;DEPORTIVO BÁSICO PARQUE LINEAL DEL MANZANARES. SUSTITUCIÓN DE CÉSPED;212;USERA;11;DEPORTES, JUVENTUD  Y ESPARCIMIENTO;02;PISTAS DEPORTIVAS ELEMENTALES;;;17;FONDO REEQUILIBRIO TERRITORIAL;;;1100000;-350000;750000;542,36;172114,8;577342,84;577342,84;0;0;0;
5;FONDO DE REEQUILIBRIO TERRITORIAL;001;131;34201;61999;2023/000283;2023/000283;DEPORTIVO BÁSICO PARQUE DE LA VICALVARADA. SUSTITUCIÓN DE CÉSPED;219;VICALVARO;11;DEPORTES, JUVENTUD  Y ESPARCIMIENTO;02;PISTAS DEPORTIVAS ELEMENTALES;;;17;FONDO REEQUILIBRIO TERRITORIAL;;;0;501100;501100;76,28;0;501023,72;325353,49;0;0;0;
5;FONDO DE REEQUILIBRIO TERRITORIAL;001;131;34201;61999;2025/001057;2025/001057;DEPORTIVO BÁSICO PARQUE SAN ISIDRO-GORRIÓN. ACONDICIONAMIENTO CAMPO DE FÚTBOL 11 A CÉSPED ARTIFICIAL;211;CARABANCHEL;11;DEPORTES, JUVENTUD  Y ESPARCIMIENTO;02;PISTAS DEPORTIVAS ELEMENTALES;;;17;FONDO REEQUILIBRIO TERRITORIAL;;;0;400000;400000;1727,88;0;398272,12;0;0;0;0;
;;001;131;34201;62300;2025/001169;2025/001169;UNIDADES ACTIVAS EJERCICIO FÍSICO CENTROS DEPORTIVOS. EQUIPAMIENTO PROGRAMA PRESCRIPCIÓN ACTIVIDADES;998;VARIOS DISTRITOS;11;DEPORTES, JUVENTUD  Y ESPARCIMIENTO;01;POLIDEPORTIVOS;;;;;;;0;1480;1480;1480;0;0;0;0;0;0;
;;001;131;34201;62500;2025/001471;2025/001471;DEPORTIVO BÁSICO CAMPO DE RUGBY LAS LEONAS. ADQUISICIÓN DE MOBILIARIO;218;VILLA DE VALLECAS;11;DEPORTES, JUVENTUD  Y ESPARCIMIENTO;02;PISTAS DEPORTIVAS ELEMENTALES;;;;;;;0;2372;2372;2372;0;0;0;0;0;0;
;;001;131;34201;62500;2025/001472;2025/001472;CENTRO DEPORTIVO ESTADIO DE ATLETISMO VALLEHERMOSO. ADQUISICIÓN DE MOBILIARIO;207;CHAMBERI;11;DEPORTES, JUVENTUD  Y ESPARCIMIENTO;01;POLIDEPORTIVOS;;;;;;;0;1528;1528;1528;0;0;0;0;0;0;
;;001;131;34201;62600;2025/001171;2025/001171;ESTADIO DE VALLEHERMOSO. EQUIPOS DE COMUNICACIÓN CON ADAPTACIÓN A PERSONAS DISCAPACIDAD AUDITIVA;207;CHAMBERI;11;DEPORTES, JUVENTUD  Y ESPARCIMIENTO;01;POLIDEPORTIVOS;;;;;;;0;18150;18150;18150;0;0;0;0;0;0;
;;001;131;34201;62999;2025/001289;2025/001289;CENTROS DEPORTIVOS DE LA CIUDAD. MATERIAL DE REANIMACIÓN CARDIOPULMONAR;998;VARIOS DISTRITOS;11;DEPORTES, JUVENTUD  Y ESPARCIMIENTO;01;POLIDEPORTIVOS;;;;;;;0;3180;3180;3,25;0;3176,75;3176,75;3176,75;0;3176,75;
;;001;131;34201;63200;2025/000187;2025/000187;CENTRO DEPORTIVO CIRCUITO BMX. OBRAS DE ACONDICIONAMIENTO;202;ARGANZUELA;11;DEPORTES, JUVENTUD  Y ESPARCIMIENTO;01;POLIDEPORTIVOS;;;;;;;50000;-49173;827;827;0;0;0;0;0;0;
;;001;131;34201;63200;2025/001190;2025/001190;DEPORTIVO BÁSICO CAMPO DE RUGBY ORCASITAS. OBRAS DE REPARACIÓN Y MEJORA;212;USERA;11;DEPORTES, JUVENTUD  Y ESPARCIMIENTO;02;PISTAS DEPORTIVAS ELEMENTALES;;;;;;;0;48204,35;48204,35;773;0;47431,35;47431,35;47149,01;0;47149,01;
2;INCORPORACIONES REMANENTES VOLUNTARIAS;001;131;34201;63200;2021/001117;2021/001117;DEPORTIVO BÁSICO LOS POBLADOS. ACONDICIONAMIENTO CAMPO DE FÚTBOL Y VESTUARIOS;211;CARABANCHEL;11;DEPORTES, JUVENTUD  Y ESPARCIMIENTO;02;PISTAS DEPORTIVAS ELEMENTALES;;;;;;;0;54376,7;54376,7;0;0;54376,7;54376,7;54376,7;0;54376,7;
5;FONDO DE REEQUILIBRIO TERRITORIAL;001;131;34201;63200;2022/001481;2022/001481;DEPORTIVO BÁSICO PIQUEÑAS. ADECUACIÓN CAMPO DE FÚTBOL CÉSPED ARTIFICIAL Y VESTUARIOS;211;CARABANCHEL;11;DEPORTES, JUVENTUD  Y ESPARCIMIENTO;02;PISTAS DEPORTIVAS ELEMENTALES;;;17;FONDO REEQUILIBRIO TERRITORIAL;;;1792809;-100109,18;1692699,82;0;311950,77;1380749,05;1380749,05;244014,46;0;244014,46;
;;001;131;34201;63599;2025/000190;2025/000190;EQUIPAMIENTO DEPORTIVO DE ATLETISMO PARA EL CENTRO DEPORTIVO ALUCHE;210;LATINA;11;DEPORTES, JUVENTUD  Y ESPARCIMIENTO;01;POLIDEPORTIVOS;;;;;;;130000;0;130000;130000;0;0;0;0;0;0;
;;001;131;34201;63999;2025/000079;2025/000079;CENTROS DEPORTIVOS. MATERIAL DE ELECTROMEDICINA;998;VARIOS DISTRITOS;11;DEPORTES, JUVENTUD  Y ESPARCIMIENTO;01;POLIDEPORTIVOS;;;;;;;36000;0;36000;36000;0;0;0;0;0;0;
;;001;131;34201;63999;2025/001108;2025/001108;ESTADIO DE VALLEHERMOSO. LONAS PROTECTORAS PARA ZONAS DE SALTO;207;CHAMBERI;11;DEPORTES, JUVENTUD  Y ESPARCIMIENTO;01;POLIDEPORTIVOS;;;;;;;0;8900;8900;3239,21;0;5660,79;5660,79;5660,79;0;5660,79;
;;001;131;34201;63999;2025/001488;2025/001488;CENTRO DEPORTIVO JOSÉ MARÍA CAGIGAL. MATERIAL DE FISIOTERAPIA;209;MONCLOA-ARAVACA;11;DEPORTES, JUVENTUD  Y ESPARCIMIENTO;01;POLIDEPORTIVOS;;;;;;;0;2150;2150;2150;0;0;0;0;0;0;
;;001;131;34201;63999;2025/001489;2025/001489;CENTRO DEPORTIVO GIMNASIO MOSCARDÓ. MATERIAL DE FISIOTERAPIA;204;SALAMANCA;11;DEPORTES, JUVENTUD  Y ESPARCIMIENTO;01;POLIDEPORTIVOS;;;;;;;0;2150;2150;2150;0;0;0;0;0;0;
;;001;131;34201;63999;2025/001490;2025/001490;CENTRO DEPORTIVO DAOÍZ Y VELARDE. MATERIAL DE FISIOTERAPIA;203;RETIRO;11;DEPORTES, JUVENTUD  Y ESPARCIMIENTO;01;POLIDEPORTIVOS;;;;;;;0;2150;2150;2150;0;0;0;0;0;0;
;;001;131;34201;63999;2025/001491;2025/001491;CENTRO DEPORTIVO CENTRO INTEGRADO ARGANZUELA. MATERIAL DE FISIOTERAPIA;202;ARGANZUELA;11;DEPORTES, JUVENTUD  Y ESPARCIMIENTO;01;POLIDEPORTIVOS;;;;;;;0;2150;2150;2150;0;0;0;0;0;0;
;;001;131;34201;63999;2025/001492;2025/001492;CENTRO DEPORTIVO PLATA Y CASTAÑAR. MATERIAL DE FISIOTERAPIA;217;VILLAVERDE;11;DEPORTES, JUVENTUD  Y ESPARCIMIENTO;01;POLIDEPORTIVOS;;;;;;;0;1875;1875;1875;0;0;0;0;0;0;
;;001;131;34283;62300;2025/001169;2025/001169;UNIDADES ACTIVAS EJERCICIO FÍSICO CENTROS DEPORTIVOS. EQUIPAMIENTO PROGRAMA PRESCRIPCIÓN ACTIVIDADES;998;VARIOS DISTRITOS;11;DEPORTES, JUVENTUD  Y ESPARCIMIENTO;01;POLIDEPORTIVOS;;;;;;;0;18000;18000;2015,9;0;15984,1;15984,1;15984,1;0;15984,1;
;;001;131;34283;62601;2025/001169;2025/001169;UNIDADES ACTIVAS EJERCICIO FÍSICO CENTROS DEPORTIVOS. EQUIPAMIENTO PROGRAMA PRESCRIPCIÓN ACTIVIDADES;998;VARIOS DISTRITOS;11;DEPORTES, JUVENTUD  Y ESPARCIMIENTO;01;POLIDEPORTIVOS;;;;;;;0;17787;17787;0,02;0;17786,98;17786,98;17786,98;0;17786,98;
;;001;140;43301;62599;2025/001193;2025/001193;EQUIPAMIENTO FACTORÍA INDUSTRIAL DE VILLAVERDE;217;VILLAVERDE;14;SECTORES PRODUCTIVOS;01;PROMOCIÓN ECONÓMICA;;;;;;;0;3000;3000;434,39;0;2565,61;2565,61;0;0;0;
;;001;140;43301;63301;2025/001193;2025/001193;EQUIPAMIENTO FACTORÍA INDUSTRIAL DE VILLAVERDE;217;VILLAVERDE;14;SECTORES PRODUCTIVOS;01;PROMOCIÓN ECONÓMICA;;;;;;;0;700;700;700;0;0;0;0;0;0;
;;001;140;43301;63301;2025/001308;2025/001308;FACTORÍA INDUSTRIAL DE VICÁLVARO. INSTALACIÓN DE CENTRALITA CONTRA INCENDIOS;219;VICALVARO;14;SECTORES PRODUCTIVOS;01;PROMOCIÓN ECONÓMICA;;;;;;;0;7000;7000;2084,9;0;4915,1;4915,1;4915,1;0;4915,1;
5;FONDO DE REEQUILIBRIO TERRITORIAL;001;140;43307;62600;2021/000336;2021/000336;CENTRO INNOVACIÓN ECONOMÍA CIRCULAR VICÁLVARO (CIEC), C/ PRAT, 59. EQUIPOS COMUNICACIÓN;219;VICALVARO;14;SECTORES PRODUCTIVOS;01;PROMOCIÓN ECONÓMICA;;;17;FONDO REEQUILIBRIO TERRITORIAL;;;5000;0;5000;5000;0;0;0;0;0;0;
5;FONDO DE REEQUILIBRIO TERRITORIAL;001;140;43307;62601;2022/001488;2022/001488;CENTRO INNOVACIÓN ECONOMÍA CIRCULAR VICÁLVARO, (CIEC). ADQUISICIÓN EQUIPOS INFORMÁTICOS;219;VICALVARO;14;SECTORES PRODUCTIVOS;01;PROMOCIÓN ECONÓMICA;;;17;FONDO REEQUILIBRIO TERRITORIAL;;;5000;0;5000;5000;0;0;0;0;0;0;
5;FONDO DE REEQUILIBRIO TERRITORIAL;001;140;43307;63200;2023/000310;2023/000310;CENTRO DE INNOVACIÓN ECONOMÍA CIRCULAR (CIEC) VICÁLVARO. OBRAS DE REFORMA;219;VICALVARO;14;SECTORES PRODUCTIVOS;01;PROMOCIÓN ECONÓMICA;;;17;FONDO REEQUILIBRIO TERRITORIAL;;;48400;0;48400;42930,74;0;5469,26;5469,26;5143,31;0;5143,31;
5;FONDO DE REEQUILIBRIO TERRITORIAL;001;140;43307;64100;2021/000335;2021/000335;CENTRO INNOVACIÓN ECONOMÍA CIRCULAR VICÁLVARO, (CIEC) C/ PRAT, 59. APLICACIONES INFORMÁTICAS;219;VICALVARO;14;SECTORES PRODUCTIVOS;01;PROMOCIÓN ECONÓMICA;;;17;FONDO REEQUILIBRIO TERRITORIAL;;;5000;0;5000;5000;0;0;0;0;0;0;
5;FONDO DE REEQUILIBRIO TERRITORIAL;001;140;43307;62300;2021/000334;2021/000334;EQUIPAMIENTO CENTRO DE INNOVACIÓN ECONOMÍA CIRCULAR (CIEC) VICÁLVARO, C/ PRAT, 59;219;VICALVARO;14;SECTORES PRODUCTIVOS;01;PROMOCIÓN ECONÓMICA;;;17;FONDO REEQUILIBRIO TERRITORIAL;;;118300;-59000;59300;23864,97;0;35435,03;35435,03;18141,12;0;18141,12;
5;FONDO DE REEQUILIBRIO TERRITORIAL;001;140;43307;62301;2021/000333;2021/000333;CENTRO INNOVACIÓN ECONOMÍA CIRCULAR VICÁLVARO (CIEC), C/PRAT, 59. INSTALACIONES;219;VICALVARO;14;SECTORES PRODUCTIVOS;01;PROMOCIÓN ECONÓMICA;;;17;FONDO REEQUILIBRIO TERRITORIAL;;;18150;0;18150;1261,79;0;16888,21;16888,21;16888,21;0;16888,21;
5;FONDO DE REEQUILIBRIO TERRITORIAL;001;140;43307;62599;2021/000334;2021/000334;EQUIPAMIENTO CENTRO DE INNOVACIÓN ECONOMÍA CIRCULAR (CIEC) VICÁLVARO, C/ PRAT, 59;219;VICALVARO;14;SECTORES PRODUCTIVOS;01;PROMOCIÓN ECONÓMICA;;;17;FONDO REEQUILIBRIO TERRITORIAL;;;18150;0;18150;17306,47;0;843,53;843,53;843,53;0;843,53;
;;001;140;92003;62400;2025/001424;2025/001424;VEHÍCULOS HÍBRIDOS ENCHUFABLES PARA DEPENDENCIAS MUNICIPALES. ADQUISICIÓN;999;NO DISTRITALIZABLE;00;INVERSIONES DE CARÁCTER GENERAL;01;SERVICIOS ADMINISTRATIVOS CENTRALES;;;;;;;0;42000;42000;42000;0;0;0;0;0;0;
;;001;140;92003;62500;2025/001168;2025/001168;EQUIPAMIENTO SERVICIOS DEL ALMACÉN DE VILLA;999;NO DISTRITALIZABLE;00;INVERSIONES DE CARÁCTER GENERAL;01;SERVICIOS ADMINISTRATIVOS CENTRALES;;;;;;;0;11000;11000;43,45;0;10956,55;10956,55;10956,55;0;10956,55;
;;001;140;92003;62599;2025/001168;2025/001168;EQUIPAMIENTO SERVICIOS DEL ALMACÉN DE VILLA;999;NO DISTRITALIZABLE;00;INVERSIONES DE CARÁCTER GENERAL;01;SERVICIOS ADMINISTRATIVOS CENTRALES;;;;;;;0;19010;19010;2920,53;0;16089,47;16089,47;0;0;0;
;;001;140;93100;62500;2025/000078;2025/000078;EQUIPAMIENTO SERVICIOS ADMINISTRATIVOS ÁREA ECONOMÍA, INNOVACIÓN Y HACIENDA;999;NO DISTRITALIZABLE;00;INVERSIONES DE CARÁCTER GENERAL;01;SERVICIOS ADMINISTRATIVOS CENTRALES;;;;;;;2000;11849;13849;233,08;0;13615,92;13615,92;11023,78;0;11023,78;
;;001;140;93100;62599;2025/000078;2025/000078;EQUIPAMIENTO SERVICIOS ADMINISTRATIVOS ÁREA ECONOMÍA, INNOVACIÓN Y HACIENDA;999;NO DISTRITALIZABLE;00;INVERSIONES DE CARÁCTER GENERAL;01;SERVICIOS ADMINISTRATIVOS CENTRALES;;;;;;;5000;0;5000;4012,65;0;987,35;987,35;987,35;0;987,35;
;;001;140;93100;63301;2025/000077;2025/000077;ÁREA DE ECONOMÍA, INNOVACIÓN Y HACIENDA. INSTALACIONES TÉCNICAS;999;NO DISTRITALIZABLE;00;INVERSIONES DE CARÁCTER GENERAL;01;SERVICIOS ADMINISTRATIVOS CENTRALES;;;;;;;25000;0;25000;14253,59;0;10746,41;10746,41;0;0;0;
;;001;140;93100;63599;2025/000078;2025/000078;EQUIPAMIENTO SERVICIOS ADMINISTRATIVOS ÁREA ECONOMÍA, INNOVACIÓN Y HACIENDA;999;NO DISTRITALIZABLE;00;INVERSIONES DE CARÁCTER GENERAL;01;SERVICIOS ADMINISTRATIVOS CENTRALES;;;;;;;5000;0;5000;5000;0;0;0;0;0;0;
;;001;141;43305;62301;2025/001323;2025/001323;NUEVO VIVERO DE EMPRESAS DE HORTALEZA. INSTALACIONES DE CLIMATIZACIÓN Y DE SEGURIDAD;216;HORTALEZA;14;SECTORES PRODUCTIVOS;01;PROMOCIÓN ECONÓMICA;;;;;;;0;18000;18000;18000;0;0;0;0;0;0;
;;001;141;43305;62599;2025/000282;2025/000282;EQUIPAMIENTO VIVEROS DE EMPRESAS;998;VARIOS DISTRITOS;14;SECTORES PRODUCTIVOS;01;PROMOCIÓN ECONÓMICA;;;;;;;550000;-549783,13;216,87;216,87;0;0;0;0;0;0;
;;001;141;43305;62599;2025/000282;2025/010282;EQUIPAMIENTO NUEVO VIVERO DE EMPRESAS DE HORTALEZA;215;CIUDAD LINEAL;14;SECTORES PRODUCTIVOS;01;PROMOCIÓN ECONÓMICA;;;;;;;0;174160,14;174160,14;0;0;174160,14;174160,14;21765,73;0;21765,73;
;;001;141;43305;62599;2025/000282;2025/020282;EQUIPAMIENTO VIVERO DE EMPRESAS DE VILLAVERDE;217;VILLAVERDE;14;SECTORES PRODUCTIVOS;01;PROMOCIÓN ECONÓMICA;;;;;;;0;120;120;0;0;120;120;120;0;120;
;;001;141;43305;62599;2025/000282;2025/030282;EQUIPAMIENTO VIVERO DE EMPRESAS DE MADRID FOOD INNOVATION HUB;217;VILLAVERDE;14;SECTORES PRODUCTIVOS;01;PROMOCIÓN ECONÓMICA;;;;;;;0;17649,35;17649,35;0;0;17649,35;17649,35;17649,35;0;17649,35;
;;001;141;43305;62599;2025/000282;2025/040282;EQUIPAMIENTO VIVERO DE EMPRESAS DE CARABANCHEL;211;CARABANCHEL;14;SECTORES PRODUCTIVOS;01;PROMOCIÓN ECONÓMICA;;;;;;;0;230;230;0;0;230;230;230;0;230;
;;001;141;43305;62599;2025/000282;2025/050282;EQUIPAMIENTO VIVERO DE EMPRESAS DE MORATALAZ;214;MORATALAZ;14;SECTORES PRODUCTIVOS;01;PROMOCIÓN ECONÓMICA;;;;;;;0;120;120;0;0;120;120;120;0;120;
;;001;141;43305;62599;2025/000282;2025/060282;EQUIPAMIENTO VIVERO DE EMPRESAS DE PUENTE DE VALLECAS;213;PUENTE DE VALLECAS;14;SECTORES PRODUCTIVOS;01;PROMOCIÓN ECONÓMICA;;;;;;;0;120;120;0;0;120;120;120;0;120;
;;001;141;43305;62599;2025/000282;2025/070282;EQUIPAMIENTO VIVERO DE EMPRESAS DE VICÁLVARO;219;VICALVARO;14;SECTORES PRODUCTIVOS;01;PROMOCIÓN ECONÓMICA;;;;;;;0;11576,28;11576,28;0;0;11576,28;11576,28;11575,24;0;11575,24;
;;001;141;43305;62599;2025/000282;2025/080282;EQUIPAMIENTO VIVERO DE EMPRESAS DE SAN BLAS;220;SAN BLAS-CANILLEJAS;14;SECTORES PRODUCTIVOS;01;PROMOCIÓN ECONÓMICA;;;;;;;0;120;120;0;0;120;120;120;0;120;
;;001;141;43305;62600;2025/000281;2025/000281;EQUIPOS DE COMUNICACION PARA LOS VIVEROS DE EMPRESAS;998;VARIOS DISTRITOS;14;SECTORES PRODUCTIVOS;01;PROMOCIÓN ECONÓMICA;;;;;;;50000;-23353,51;26646,49;26646,49;0;0;0;0;0;0;
;;001;141;43305;62600;2025/000281;2025/010281;VIVERO DE EMPRESAS DE HORTALEZA. EQUIPOS DE COMUNICACIÓN;216;HORTALEZA;14;SECTORES PRODUCTIVOS;01;PROMOCIÓN ECONÓMICA;;;;;;;0;161534,67;161534,67;0;0;161534,67;161534,67;0;0;0;
;;001;141;43305;62600;2025/000281;2025/020281;VIVERO DE EMPRESAS DE MADRID FOOD INNOVATION HUB. EQUIPOS DE COMUNICACIÓN;217;VILLAVERDE;14;SECTORES PRODUCTIVOS;01;PROMOCIÓN ECONÓMICA;;;;;;;0;212311,84;212311,84;0;129789,26;82522,58;82522,58;0;0;0;
;;001;141;43305;62901;2025/000408;2025/000408;VIVEROS DE EMPRESA. SEÑALÉTICA;998;VARIOS DISTRITOS;14;SECTORES PRODUCTIVOS;01;PROMOCIÓN ECONÓMICA;;;;;;;0;528,57;528,57;528,57;0;0;0;0;0;0;
;;001;141;43305;62901;2025/000408;2025/010408;VIVERO DE EMPRESAS DE CARABANCHEL. SEÑALÉTICA;211;CARABANCHEL;14;SECTORES PRODUCTIVOS;01;PROMOCIÓN ECONÓMICA;;;;;;;0;1639,52;1639,52;0;0;1639,52;1639,52;0;0;0;
;;001;141;43305;62901;2025/000408;2025/020408;VIVERO DE EMPRESAS DE VICÁLVARO. SEÑALÉTICA;219;VICALVARO;14;SECTORES PRODUCTIVOS;01;PROMOCIÓN ECONÓMICA;;;;;;;0;1192,38;1192,38;0;0;1192,38;1192,38;0;0;0;
;;001;141;43305;62901;2025/000408;2025/030408;VIVERO DE EMPRESAS DE PUENTE VALLECAS. SEÑALÉTICA;213;PUENTE DE VALLECAS;14;SECTORES PRODUCTIVOS;01;PROMOCIÓN ECONÓMICA;;;;;;;0;1043,33;1043,33;0;0;1043,33;1043,33;0;0;0;
;;001;141;43305;62901;2025/000408;2025/040408;VIVERO DE EMPRESAS DE SAN BLAS. SEÑALÉTICA;220;SAN BLAS-CANILLEJAS;14;SECTORES PRODUCTIVOS;01;PROMOCIÓN ECONÓMICA;;;;;;;0;298,1;298,1;0;0;298,1;298,1;0;0;0;
;;001;141;43305;62901;2025/000408;2025/050408;VIVERO DE EMPRESAS DE MORATALAZ. SEÑALÉTICA;214;MORATALAZ;14;SECTORES PRODUCTIVOS;01;PROMOCIÓN ECONÓMICA;;;;;;;0;298,1;298,1;0;0;298,1;298,1;0;0;0;
;;001;141;43305;63301;2025/001323;2025/001323;NUEVO VIVERO DE EMPRESAS DE HORTALEZA. INSTALACIONES DE CLIMATIZACIÓN Y DE SEGURIDAD;216;HORTALEZA;14;SECTORES PRODUCTIVOS;01;PROMOCIÓN ECONÓMICA;;;;;;;0;56000;56000;9713,75;0;46286,25;46286,25;0;0;0;
;;001;141;46200;63200;2025/001253;2025/001253;CENTRO DE INNOVACIÓN LA NAVE. OBRAS DE IMPERMEABILIZACIÓN DE LA CUBIERTA CENTRAL;217;VILLAVERDE;14;SECTORES PRODUCTIVOS;01;PROMOCIÓN ECONÓMICA;;;;;;;0;50217;50217;945,8;0;49271,2;49271,2;0;0;0;
;;001;141;46300;62599;2025/001330;2025/001330;EQUIPAMIENTO CENTRO MADRID INNOVATION LAB (MIL);207;CHAMBERI;13;OTROS BIENES PÚBLICOS DE CARÁCTER ECONÓMICO;03;INVESTIGACIÓN, INNOVACIÓN Y DESARROLLO;;;;;;;0;3300;3300;8,65;0;3291,35;3291,35;0;0;0;
;;001;141;46300;62600;2025/001330;2025/001330;EQUIPAMIENTO CENTRO MADRID INNOVATION LAB (MIL);207;CHAMBERI;13;OTROS BIENES PÚBLICOS DE CARÁCTER ECONÓMICO;03;INVESTIGACIÓN, INNOVACIÓN Y DESARROLLO;;;;;;;0;3700;3700;74,72;0;3625,28;3625,28;0;0;0;
;;001;150;13301;62500;2025/001238;2025/001238;SERVICIOS ADMINISTRATIVOS AGENTES DE MOVILIDAD. MOBILIARIO Y EQUIPOS DE OFICINA;999;NO DISTRITALIZABLE;00;INVERSIONES DE CARÁCTER GENERAL;01;SERVICIOS ADMINISTRATIVOS CENTRALES;;;;;;;0;17173,1;17173,1;0;0;17173,1;17173,1;17173,06;0;17173,06;
;;001;150;13301;62599;2025/001217;2025/001217;SERVICIOS AGENTES DE MOVILIDAD. OTRO MOBILIARIO Y ENSERES;998;VARIOS DISTRITOS;02;TRÁFICO, ESTACIONAMIENTO Y TRANSPORTE PÚBLICO;00;TRÁFICO Y SEÑALIZACIÓN;;;;;;;0;3605;3605;105,41;0;3499,59;3499,59;3499,59;0;3499,59;
;;001;150;13301;62799;2023/000288;2023/000288;SISTEMAS DE CONTROL DE MOVILIDAD EN SEMÁFOROS. INSTALACIÓN;998;VARIOS DISTRITOS;02;TRÁFICO, ESTACIONAMIENTO Y TRANSPORTE PÚBLICO;00;TRÁFICO Y SEÑALIZACIÓN;;;;;;;4650947;250000;4900947;0,85;0;4900946,15;4900946,15;3837415,43;0;3837415,43;
;;001;150;13301;62799;2023/000289;2023/000289;CÁMARAS PARA EL CONTROL DE TRÁFICO EN VÍAS RÁPIDAS Y SISTEMAS CONTROL DE INFRACCIONES;998;VARIOS DISTRITOS;02;TRÁFICO, ESTACIONAMIENTO Y TRANSPORTE PÚBLICO;00;TRÁFICO Y SEÑALIZACIÓN;;;;;;;1186769;0;1186769;0,99;0;1186768,01;1186768,01;726664,84;0;726664,84;
;;001;150;13301;62799;2023/000290;2023/000290;CENTROS DE CONTROL DE TRÁFICO, SISTEMAS INFORMÁTICOS Y PROYECTOS DE INNOVACIÓN;998;VARIOS DISTRITOS;02;TRÁFICO, ESTACIONAMIENTO Y TRANSPORTE PÚBLICO;00;TRÁFICO Y SEÑALIZACIÓN;;;;;;;1895307;0;1895307;0,68;0;1895306,32;1895306,32;1006036,26;0;782940,82;
;;001;150;13301;62799;2025/001014;2025/001014;ENTORNOS ESCOLARES BARRIO CAÑAVERAL. INSTALACIÓN SEMÁFOROS EN PASOS DE PEATONES;219;VICALVARO;02;TRÁFICO, ESTACIONAMIENTO Y TRANSPORTE PÚBLICO;00;TRÁFICO Y SEÑALIZACIÓN;;;;;;;250000;-250000;0;0;0;0;0;0;0;0;
;;001;150;13301;63301;2025/001480;2025/001480;DEPENDENCIAS SERVICIOS DE MOVILIDAD, C/ ALBARRACÍN, 33. INSTALACIÓN CLIMATIZACIÓN Y OTRAS;999;NO DISTRITALIZABLE;00;INVERSIONES DE CARÁCTER GENERAL;01;SERVICIOS ADMINISTRATIVOS CENTRALES;;;;;;;0;2500;2500;2500;0;0;0;0;0;0;
;;001;150;13301;63599;2025/001483;2025/001483;EQUIPAMIENTO SERVICIOS ADMINISTRATIVOS DE GESTIÓN Y VIGILANCIA DE LA CIRCULACIÓN;999;NO DISTRITALIZABLE;00;INVERSIONES DE CARÁCTER GENERAL;01;SERVICIOS ADMINISTRATIVOS CENTRALES;;;;;;;0;798,45;798,45;798,45;0;0;0;0;0;0;
;;001;150;13302;63200;2022/000615;2022/000615;OBRAS DE REFORMA DE APARCAMIENTOS PÚBLICOS;998;VARIOS DISTRITOS;02;TRÁFICO, ESTACIONAMIENTO Y TRANSPORTE PÚBLICO;01;CONSERVACIÓN APARCAMIENTOS;;;;;;;329996;-321999,56;7996,44;7996,44;0;0;0;0;0;0;
;;001;150;13302;63200;2022/000615;2023/001535;APARCAMIENTO PARA RESIDENTES MIRABEL. OBRAS DE REPARACIÓN;210;LATINA;02;TRÁFICO, ESTACIONAMIENTO Y TRANSPORTE PÚBLICO;01;CONSERVACIÓN APARCAMIENTOS;;;;;;;0;245833,5;245833,5;0;0;245833,5;245833,5;240937,23;0;240937,23;
;;001;150;13302;63200;2022/000615;2024/001342;APARCAMIENTO PARA RESIDENTES RAMOS CARRIÓN. OBRAS DE REPARACION DE FILTRACIONES;205;CHAMARTIN;02;TRÁFICO, ESTACIONAMIENTO Y TRANSPORTE PÚBLICO;01;CONSERVACIÓN APARCAMIENTOS;;;;;;;0;779,5;779,5;0;0;779,5;779,5;605,44;0;605,44;
;;001;150;13302;63200;2022/000615;2025/001228;APARCAMIENTO PARA RESIDENTES RAMÓN GÓMEZ DE LA SERNA. OBRAS DE REPARACIÓN;208;FUENCARRAL-EL PARDO;02;TRÁFICO, ESTACIONAMIENTO Y TRANSPORTE PÚBLICO;01;CONSERVACIÓN APARCAMIENTOS;;;;;;;0;75386,56;75386,56;0;0;75386,56;75386,56;29613,31;0;29613,31;
;;001;150;15102;60000;2022/000521;2022/000521;ADQUISICIÓN SUELO CALLE DE LEIRA,RICARDO SAN JUAN, DESAGÜE DEL CANAL Y OTRAS. BOSQUE METROPOLITANO;216;HORTALEZA;06;URBANISMO;00;ADQUISICIÓN DE SUELO PARA INFRAESTRUCTURAS Y USO G;;;;;;;62825;0;62825;62825;0;0;0;0;0;0;
;;001;150;15102;60000;2022/000600;2022/000600;ADQUISICIÓN DE SUELO PARA ZONAS VERDES Y VIARIO (PROCEDIMIENTO DE EXPROPIACIÓN);998;VARIOS DISTRITOS;06;URBANISMO;00;ADQUISICIÓN DE SUELO PARA INFRAESTRUCTURAS Y USO G;;;;;;;0;1117125,42;1117125,42;1117125,42;0;0;0;0;0;0;
;;001;150;15102;60000;2023/001426;2023/001426;ADQUISICIÓN DE SUELO EN LA CALLE DE LA RUEZA, S/N;210;LATINA;06;URBANISMO;00;ADQUISICIÓN DE SUELO PARA INFRAESTRUCTURAS Y USO G;;;;;;;0;8262,92;8262,92;0;0;8262,92;8262,92;8262,92;0;8262,92;
;;001;150;15102;60000;2024/001158;2024/001158;ADQUISICIÓN DE SUELO EN TRAMO URBANO AUTOVÍA A-5: Pº DE EXTREMADURA, 421 - AV. DE PORTUGAL, 157;210;LATINA;06;URBANISMO;00;ADQUISICIÓN DE SUELO PARA INFRAESTRUCTURAS Y USO G;;;;;;;0;163159,36;163159,36;0,73;0;163158,63;163158,63;163158,63;0;163158,63;
;;001;150;15102;60000;2024/001179;2024/001179;ADQUISICIÓN DE SUELO EN LA CALLE GUARDIA CIVIL, 2;208;FUENCARRAL-EL PARDO;06;URBANISMO;00;ADQUISICIÓN DE SUELO PARA INFRAESTRUCTURAS Y USO G;;;;;;;0;491422,63;491422,63;0;0;491422,63;491422,63;491422,63;0;491422,63;
;;001;150;15102;60000;2025/001000;2025/001000;ADQUISICIÓN DE SUELO PARA ZONAS VERDES Y VIARIO;998;VARIOS DISTRITOS;06;URBANISMO;00;ADQUISICIÓN DE SUELO PARA INFRAESTRUCTURAS Y USO G;;;;;;;1000000;-860429,52;139570,48;139570,48;0;0;0;0;0;0;
;;001;150;15102;60000;2025/001180;2025/001180;ADQUISICIÓN DE SUELO EN ANILLO VERDE ENSANCHE DE VALLECAS, POLÍGONO 13-1;213;PUENTE DE VALLECAS;06;URBANISMO;00;ADQUISICIÓN DE SUELO PARA INFRAESTRUCTURAS Y USO G;;;;;;;0;107924,2;107924,2;0;0;107924,2;107924,2;107924,2;0;107924,2;
;;001;150;15102;60000;2025/001457;2025/001457;ADQUISICIÓN DE SUELO EN LA CALLE BALEARES, 22;211;CARABANCHEL;06;URBANISMO;00;ADQUISICIÓN DE SUELO PARA INFRAESTRUCTURAS Y USO G;;;;;;;0;1215000;1215000;0;1215000;0;0;0;0;0;
;;001;150;15102;60000;2025/001458;2025/001458;ADQUISICIÓN DE SUELO EN LA CALLE MARQUÉS DE VIANA, 60;206;TETUAN;06;URBANISMO;00;ADQUISICIÓN DE SUELO PARA INFRAESTRUCTURAS Y USO G;;;;;;;0;701746,93;701746,93;0;701746,93;0;0;0;0;0;
;;001;150;15102;60000;2025/001506;2025/001506;ADQUISICIÓN DE SUELO EN LA AVENIDA REAL DE PINTO, 48;217;VILLAVERDE;06;URBANISMO;00;ADQUISICIÓN DE SUELO PARA INFRAESTRUCTURAS Y USO G;;;;;;;0;61000;61000;0;61000;0;0;0;0;0;
1;INCORPORACIONES REMANENTES OBLIGATORIAS;001;150;15102;60000;2018/001109;2018/001109;ADQUISICIÓN SUELO JUNTA COMPENSACIÓN API 08.02 POLÍGONO A DE PEÑAGRANDE;208;FUENCARRAL-EL PARDO;06;URBANISMO;00;ADQUISICIÓN DE SUELO PARA INFRAESTRUCTURAS Y USO G;;;;;;;0;453779,09;453779,09;453779,09;0;0;0;0;0;0;
1;INCORPORACIONES REMANENTES OBLIGATORIAS;001;150;15102;60000;2018/001151;2018/001151;ADQUISICIÓN SUELO UE 5, APE 20.10 COLONIA FIN DE SEMANA. ZONA VERDE Y VIARIO;220;SAN BLAS-CANILLEJAS;06;URBANISMO;00;ADQUISICIÓN DE SUELO PARA INFRAESTRUCTURAS Y USO G;;;;;;;0;131800,98;131800,98;131800,98;0;0;0;0;0;0;
;;001;150;15102;60901;2005/001476;2005/001476;DESARROLLO DEL ESTE EL CAÑAVERAL UZP 2.01. URBANIZACIÓN;219;VICALVARO;06;URBANISMO;02;URBANIZACIÓN SUELO A TRAVÉS DEL SIST.COMPENSACIÓN;;;;;;;0;122161,82;122161,82;0;0;122161,82;122161,82;122161,82;0;122161,82;
;;001;150;15102;60901;2006/000375;2006/000375;SISTEMAS DE COMPENSACIÓN. UZP 2-04 LOS BERROCALES;219;VICALVARO;06;URBANISMO;02;URBANIZACIÓN SUELO A TRAVÉS DEL SIST.COMPENSACIÓN;;;;;;;1000000;1237773,33;2237773,33;0;0;2237773,33;2237773,33;0;0;0;
;;001;150;15102;60901;2006/000377;2006/000377;SISTEMAS DE COMPENSACIÓN. PERI 14-06 SANTA LUISA INDUSTRIAL;218;VILLA DE VALLECAS;06;URBANISMO;02;URBANIZACIÓN SUELO A TRAVÉS DEL SIST.COMPENSACIÓN;;;;;;;10000;-2451,97;7548,03;0;7548,03;0;0;0;0;0;
;;001;150;15102;60901;2009/000488;2009/000488;UZP 2.03 DESARROLLO DEL ESTE LOS AHIJONES. COMPENSACIÓN;219;VICALVARO;06;URBANISMO;02;URBANIZACIÓN SUELO A TRAVÉS DEL SIST.COMPENSACIÓN;;;;;;;1023000;-25240,95;997759,05;0;997759,05;0;0;0;0;0;
;;001;150;15102;60901;2010/000393;2010/000393;SUELO URBANIZABLE PROGRAMADO 3.01 DESARROLLO DEL ESTE VALDECARROS;218;VILLA DE VALLECAS;06;URBANISMO;02;URBANIZACIÓN SUELO A TRAVÉS DEL SIST.COMPENSACIÓN;;;;;;;3166196;-1665151,15;1501044,85;1501044,85;0;0;0;0;0;0;
;;001;150;15102;60901;2014/000198;2014/000198;JUNTA DE COMPENSACIÓN PLANETARIO MENESES. OBRAS DE URBANIZACIÓN;202;ARGANZUELA;06;URBANISMO;02;URBANIZACIÓN SUELO A TRAVÉS DEL SIST.COMPENSACIÓN;;;;;;;1000;-1000;0;0;0;0;0;0;0;0;
;;001;150;15102;60901;2014/000431;2014/000431;DESARROLLO DEL ESTE-LOS CERROS. JUNTA DE COMPENSACIÓN;219;VICALVARO;06;URBANISMO;02;URBANIZACIÓN SUELO A TRAVÉS DEL SIST.COMPENSACIÓN;;;;;;;110000;18458,42;128458,42;0;43116,67;85341,75;85341,75;85341,75;0;85341,75;
;;001;150;15102;60901;2015/000464;2015/000464;CALLE LENGUAS ESTE. URBANIZACIÓN A TRAVÉS DEL SISTEMA DE COMPENSACIÓN;217;VILLAVERDE;06;URBANISMO;02;URBANIZACIÓN SUELO A TRAVÉS DEL SIST.COMPENSACIÓN;;;;;;;100000;-95270;4730;0;0;4730;4730;4730;0;4730;
;;001;150;15102;60901;2023/000098;2023/000098;ÁREA DE PLANEAMIENTO ESPECÍFICO 04.09 CLUB SANTIAGO. JUNTA DE COMPENSACIÓN;204;SALAMANCA;06;URBANISMO;02;URBANIZACIÓN SUELO A TRAVÉS DEL SIST.COMPENSACIÓN;;;;;;;10000;49263,68;59263,68;0;0;59263,68;59263,68;59263,68;0;59263,68;
;;001;150;15102;60901;2023/001542;2023/001542;JUNTA DE COMPENSACIÓN US 4.10 SOLANA DE VALDEBEBAS. URBANIZACIÓN;216;HORTALEZA;06;URBANISMO;02;URBANIZACIÓN SUELO A TRAVÉS DEL SIST.COMPENSACIÓN;;;;;;;100000;334510,94;434510,94;0;0;434510,94;434510,94;434510,94;0;434510,94;
;;001;150;15102;60901;2024/001612;2024/001612;SISTEMA DE COMPENSACIÓN UNIDAD DE EJECUCIÓN “AUC 20-07 MARIO ROSO DE LUNA”;220;SAN BLAS-CANILLEJAS;06;URBANISMO;02;URBANIZACIÓN SUELO A TRAVÉS DEL SIST.COMPENSACIÓN;;;;;;;0;26945,88;26945,88;0;26945,88;0;0;0;0;0;
;;001;150;15102;68100;2009/000359;2009/000359;ADQUISICIÓN DE SUELO PASEO DE LA DIRECCIÓN,  P.P.R.I. 06.02;206;TETUAN;06;URBANISMO;05;ADQUISICIÓN SUELO PATRIMONIAL;;;;;;;0;554642,63;554642,63;0;0;554642,63;554642,63;554642,63;0;554642,63;
;;001;150;15102;68100;2022/001018;2022/001018;ADQUISICIÓN SUELO C/LEIRA,RICARDO SAN JUAN,DESAGÜE CANAL Y OTRAS.BOSQUE METROPOLITANO.EQUIPAMIENTOS;216;HORTALEZA;06;URBANISMO;05;ADQUISICIÓN SUELO PATRIMONIAL;;;;;;;7175;0;7175;7175;0;0;0;0;0;0;
;;001;150;15102;68100;2023/001329;2023/001329;ADQUISICIÓN SUELO BARRIO DE SANTA CATALINA. APE. 12-01. FINCAS 6, 7 Y 8. MANZANARES SUR. TRAMO 1;213;PUENTE DE VALLECAS;06;URBANISMO;05;ADQUISICIÓN SUELO PATRIMONIAL;;;;;;;0;265000;265000;0;74913,55;190086,45;190086,45;190086,45;0;190086,45;
;;001;150;15102;68100;2025/001001;2025/001001;ADQUISICIÓN DE SUELO PATRIMONIAL;998;VARIOS DISTRITOS;06;URBANISMO;05;ADQUISICIÓN SUELO PATRIMONIAL;;;;;;;500000;-415000;85000;85000;0;0;0;0;0;0;
;;001;150;15102;68100;2025/001456;2025/001456;ADQUISICIÓN DE SUELO CALLE ISANDRO, 14;220;SAN BLAS-CANILLEJAS;06;URBANISMO;05;ADQUISICIÓN SUELO PATRIMONIAL;;;;;;;0;775000;775000;0;775000;0;0;0;0;0;
;;001;150;15102;68100;2025/001505;2025/001505;ADQUISICIÓN DE SUELO EN LA CALLE DOMINGO PÁRRAGA, 50;217;VILLAVERDE;06;URBANISMO;05;ADQUISICIÓN SUELO PATRIMONIAL;;;;;;;0;2300000;2300000;0;2300000;0;0;0;0;0;
;;001;150;15103;63200;2024/000418;2024/000418;ADOPCIÓN DE MEDIDAS DE SEGURIDAD EN EDIFICIOS MUNICIPALES;998;VARIOS DISTRITOS;00;INVERSIONES DE CARÁCTER GENERAL;03;EDIFICIOS PARA EL USO GENERAL;;;;;;;410000;-405661,07;4338,93;4338,93;0;0;0;0;0;0;
;;001;150;15103;63200;2024/000418;2024/010418;COLEGIO PÚBLICO PI I MARGALL. ADOPCIÓN DE MEDIDAS DE SEGURIDAD;201;CENTRO;05;EDUCACIÓN;00;COLEGIOS;;;;;;;0;2196,65;2196,65;0;0;2196,65;2196,65;2196,65;0;2196,65;
;;001;150;15103;63200;2024/000418;2025/001192;EDIFICIO C/ PUERTA BONITA, 1. ADOPCIÓN DE MEDIDAS DE SEGURIDAD;211;CARABANCHEL;00;INVERSIONES DE CARÁCTER GENERAL;03;EDIFICIOS PARA EL USO GENERAL;;;;;;;0;1927,25;1927,25;0;0;1927,25;1927,25;1927,25;0;1927,25;
;;001;150;15103;63200;2024/000418;2025/001230;COLEGIO PÚBLICO HERNÁN CORTÉS. ADOPCIÓN DE MEDIDAS DE SEGURIDAD;210;LATINA;05;EDUCACIÓN;00;COLEGIOS;;;;;;;0;6523,1;6523,1;0;0;6523,1;6523,1;6523,1;0;6523,1;
;;001;150;15103;63200;2024/000418;2025/001234;COLEGIO PÚBLICO CARLOS V. ADOPCIÓN DE MEDIDAS DE SEGURIDAD;215;CIUDAD LINEAL;05;EDUCACIÓN;00;COLEGIOS;;;;;;;0;2431,29;2431,29;0;0;2431,29;2431,29;2431,29;0;2431,29;
;;001;150;15103;63200;2024/000418;2025/001386;CENTRO SOCIOCULTURAL TALLERES DE CREATIVIDAD. ADOPCIÓN DE MEDIDAS DE SEGURIDAD;213;PUENTE DE VALLECAS;10;CULTURA;03;CENTROS CULTURALES;;;;;;;0;952,2;952,2;0;0;952,2;952,2;0;0;0;
;;001;150;15103;63200;2024/000418;2025/001443;EVACUATORIOS SUBTERRANEOS PLAZA DEL MAESTRO VILLA. ADOPCIÓN DE MEDIDAS DE SEGURIDAD;203;RETIRO;04;SALUD PÚBLICA;02;HIGIENE;;;;;;;0;1170,58;1170,58;0;0;1170,58;1170,58;0;0;0;
;;001;150;15103;64100;2025/001034;2025/001034;SERVICIOS EJECUCIÓN Y CONTROL DE LA EDIFICACIÓN. ADQUISICIÓN LICENCIA SOFTWARE NAVISWORKS;998;VARIOS DISTRITOS;00;INVERSIONES DE CARÁCTER GENERAL;03;EDIFICIOS PARA EL USO GENERAL;;;;;;;0;34606;34606;0;0;34606;0;0;0;0;
;;001;150;15104;60999;2025/001272;2025/001272;BOSQUE METROPOLITANO. INSTALACIÓN DE SEÑALÉTICA PARA EL CAMINO DE SANTIAGO;998;VARIOS DISTRITOS;06;URBANISMO;01;URBANIZACIÓN SUELO A CARGO DEL AYUNTAMIENTO;;;;;;;0;42500;42500;36619,4;764,48;5116,12;5116,12;0;0;0;
;;001;150;15105;60000;2021/000352;2021/000352;DERRIBOS EN ÁMBITOS DE EXPROPIACIÓN;998;VARIOS DISTRITOS;06;URBANISMO;00;ADQUISICIÓN DE SUELO PARA INFRAESTRUCTURAS Y USO G;;;;;;;0;14000;14000;14000;0;0;0;0;0;0;
;;001;150;15105;60000;2024/000419;2024/000419;DERRIBOS EN ÁMBITOS DE EXPROPIACIÓN;998;VARIOS DISTRITOS;06;URBANISMO;00;ADQUISICIÓN DE SUELO PARA INFRAESTRUCTURAS Y USO G;;;;;;;138860;289087,72;427947,72;427947,72;0;0;0;0;0;0;
;;001;150;15105;60000;2024/000419;2024/050419;DEMOLICIÓN DE LA EDIFICACIÓN EN LA PARCELA DE LA CALLE FAUSTINA MENA, 6;208;FUENCARRAL-EL PARDO;06;URBANISMO;00;ADQUISICIÓN DE SUELO PARA INFRAESTRUCTURAS Y USO G;;;;;;;0;8146,34;8146,34;0;0;8146,34;8146,34;8146,14;0;8146,14;
;;001;150;15105;60000;2024/000419;2025/001123;DEMOLICIÓN DE EDIFICACIONES EN PASEO DE EXTREMADURA, 321-323 Y 325;210;LATINA;06;URBANISMO;00;ADQUISICIÓN DE SUELO PARA INFRAESTRUCTURAS Y USO G;;;;;;;0;304107,28;304107,28;0;0;304107,28;304107,28;304107,28;0;304107,28;
;;001;150;15105;60000;2024/000419;2025/001172;TRAVESÍA DE PANDO, 2. ADOPCIÓN DE MEDIDAS DE SEGURIDAD Y DEMOLICIONES PARCIALES;206;TETUAN;06;URBANISMO;00;ADQUISICIÓN DE SUELO PARA INFRAESTRUCTURAS Y USO G;;;;;;;0;285098,38;285098,38;0;0;285098,38;285098,38;11419,62;0;11419,62;
;;001;150;15105;60000;2024/000419;2025/001374;OBRAS DE DEMOLICIÓN EN SOLAR SITO EN CARRETERA DE CARABANCHEL A ARAVACA, 28;210;LATINA;06;URBANISMO;00;ADQUISICIÓN DE SUELO PARA INFRAESTRUCTURAS Y USO G;;;;;;;0;89560,28;89560,28;0;0;89560,28;89560,28;89560,28;0;89560,28;
;;001;150;15105;60904;2024/000370;2024/000370;URBANIZACIÓN SUELO EN EL TÉRMINO MUNICIPAL DE MADRID;998;VARIOS DISTRITOS;06;URBANISMO;01;URBANIZACIÓN SUELO A CARGO DEL AYUNTAMIENTO;;;;;;;3202324;-3024857,7;177466,3;177466,3;0;0;0;0;0;0;
;;001;150;15105;60904;2024/000370;2024/010370;C/ ANICETO MARINAS C/V AVENIDA DE VALLADOLID. OBRAS DE URBANIZACIÓN Y ACCESIBILIDAD;209;MONCLOA-ARAVACA;06;URBANISMO;01;URBANIZACIÓN SUELO A CARGO DEL AYUNTAMIENTO;;;;;;;0;85463,71;85463,71;0;0;85463,71;85463,71;70281,36;0;70281,36;
;;001;150;15105;60904;2024/000370;2024/020370;JARDÍN DEL OLMO VIEJO DISTRITO DE HORTALEZA. OBRAS DE URBANIZACIÓN;216;HORTALEZA;06;URBANISMO;01;URBANIZACIÓN SUELO A CARGO DEL AYUNTAMIENTO;;;;;;;0;24668,46;24668,46;0;24668,46;0;0;0;0;0;
;;001;150;15105;60904;2024/000370;2024/030370;C/ MIGUEL DE UNAMUNO C/V C/ CLODOALDO. OBRAS DE RENATURALIZACIÓN Y URBANIZACIÓN;215;CIUDAD LINEAL;06;URBANISMO;01;URBANIZACIÓN SUELO A CARGO DEL AYUNTAMIENTO;;;;;;;0;788114,94;788114,94;0;0;788114,94;788114,94;541206,97;0;541206,97;
;;001;150;15105;60904;2024/000370;2024/040370;"PARCELAS EN EL ÁMBITO UZP 2.01 ""ESTRATEGIA DEL ESTE-EL CAÑAVERAL"". OBRAS DE URBANIZACIÓN";219;VICALVARO;06;URBANISMO;01;URBANIZACIÓN SUELO A CARGO DEL AYUNTAMIENTO;;;;;;;0;975692,27;975692,27;0;0;975692,27;975692,27;955959,11;0;955959,11;
;;001;150;15105;60904;2024/000370;2025/001320;PARCELA CALLE RÁVENA, 10, C/V CALLE BULGARIA, C/V CALLE TOSCANA. OBRAS DE URBANIZACIÓN;220;SAN BLAS-CANILLEJAS;06;URBANISMO;01;URBANIZACIÓN SUELO A CARGO DEL AYUNTAMIENTO;;;;;;;0;601406,29;601406,29;0;0;601406,29;601406,29;588809,89;0;588809,89;
;;001;150;15105;60904;2024/000370;2025/001321;CALLE DE LA CAL 21 Y 23. OBRAS DE REPARCELACIÓN;212;USERA;06;URBANISMO;01;URBANIZACIÓN SUELO A CARGO DEL AYUNTAMIENTO;;;;;;;0;41858,35;41858,35;0;0;41858,35;41858,35;17744,88;0;17744,88;
;;001;150;15105;60904;2024/000370;2025/001431;CALLE ARROYOFRESNO. OBRAS DE URBANIZACIÓN;209;MONCLOA-ARAVACA;06;URBANISMO;01;URBANIZACIÓN SUELO A CARGO DEL AYUNTAMIENTO;;;;;;;0;32653,68;32653,68;0;0;32653,68;32653,68;0;0;0;
;;001;150;15110;62599;2025/001401;2025/001401;EQUIPAMIENTO SERVICIOS OFICINA DEL NUEVO PLAN GENERAL DE ORDENACIÓN URBANA;999;NO DISTRITALIZABLE;00;INVERSIONES DE CARÁCTER GENERAL;01;SERVICIOS ADMINISTRATIVOS CENTRALES;;;;;;;0;6100;6100;6100;0;0;0;0;0;0;
;;001;150;15330;60999;2025/001105;2025/001105;BÁCULO CON CÁMARA INTELIGENCIA ARTIFICIAL EN CALLE BLAS CABRERA PARA RECOGIDA DE DATOS DE MOVILIDAD;210;LATINA;08;MANTENIMIENTO URBANO;02;VÍAS PÚBLICAS;;;;;;;0;18000;18000;18000;0;0;0;0;0;0;
5;FONDO DE REEQUILIBRIO TERRITORIAL;001;150;15330;60999;2023/003050;2023/003050;AVENIDA DE LAS TRECE ROSAS. AMPLIACIÓN, MEJORA DE LA MOVILIDAD Y ESPACIOS ESTANCIALES (ID 21: 17665);215;CIUDAD LINEAL;07;INFRAESTRUCTURAS;06;OTRAS INVERSIONES EN INFRAESTRUCTURAS URBANAS;;;;;18;PRESUPUESTOS PARTICIPATIVOS;1500000;0;1500000;1500000;0;0;0;0;0;0;
;;001;150;15330;62799;2025/001194;2025/001194;PROYECTO PILOTO DEL SISTEMA DE CONTROL DE ESTACIONAMIENTO DE AUTOBUSES DISCRECIONALES Y TURÍSTICOS;998;VARIOS DISTRITOS;02;TRÁFICO, ESTACIONAMIENTO Y TRANSPORTE PÚBLICO;00;TRÁFICO Y SEÑALIZACIÓN;;;;;;;0;48398,79;48398,79;1511,29;0;46887,5;46887,5;0;0;0;
;;001;150;15330;60999;2019/000791;2019/000791;SOTERRAMIENTO AUTOPISTA A5 Y PASEO VERDE DEL SUROESTE. CONSTRUCCIÓN;210;LATINA;07;INFRAESTRUCTURAS;06;OTRAS INVERSIONES EN INFRAESTRUCTURAS URBANAS;;;;;;;126892934;3000000;129892934;4039276,24;0;125853657,8;125853657,8;40035976,41;0;26979630,17;
;;001;150;15330;60999;2020/000278;2020/000278;OBRAS EJECUCIÓN NUDO NORTE M-30 MADRID;205;CHAMARTIN;07;INFRAESTRUCTURAS;01;CIRCUNVALACIÓN M-30;;;;;;;900000;178500;1078500;232,63;0;1078267,37;1078267,37;1078267,37;0;1078267,37;
;;001;150;15330;60999;2020/000278;2020/000278;OBRAS EJECUCIÓN NUDO NORTE M-30 MADRID;208;FUENCARRAL-EL PARDO;07;INFRAESTRUCTURAS;01;CIRCUNVALACIÓN M-30;;;;;;;2100000;416500;2516500;542,81;0;2515957,19;2515957,19;2515957,19;0;2515957,19;
;;001;150;15330;60999;2022/001683;2022/001683;ELECTROLINERA PARA RECARGA DE VEHÍCULOS ELÉCTRICOS C/ PIROTECNIA, 47. CONSTRUCCIÓN;219;VICALVARO;09;MEDIO AMBIENTE;07;DESARROLLO MEDIO AMBIENTAL, SOSTENIBILIDAD;;;;;;;0;63449,22;63449,22;0;0;63449,22;63449,22;63449,22;0;63449,22;
;;001;150;15330;60999;2025/001002;2025/001002;OBRAS DE INFRAESTRUCTURAS URBANAS DE MOVILIDAD EN LA CIUDAD DE MADRID;998;VARIOS DISTRITOS;07;INFRAESTRUCTURAS;06;OTRAS INVERSIONES EN INFRAESTRUCTURAS URBANAS;;;;;;;100000;-86018,91;13981,09;13981,09;0;0;0;0;0;0;
;;001;150;15330;60999;2025/001002;2025/011002;AVENIDA PADRE HUIDOBRO. OBRAS DE MEJORA EN SEGURIDAD VIAL;209;MONCLOA-ARAVACA;07;INFRAESTRUCTURAS;06;OTRAS INVERSIONES EN INFRAESTRUCTURAS URBANAS;;;;;;;0;4569,69;4569,69;0;0;4569,69;4569,69;0;0;0;
;;001;150;15374;60999;2023/001006;2023/001006;CAMPUS SUR UNIVERSIDAD POLITÉCNICA DE MADRID Y ENTORNOS ESCOLARES VALLECAS. ZONAS DE BAJAS EMISIONES;213;PUENTE DE VALLECAS;07;INFRAESTRUCTURAS;06;OTRAS INVERSIONES EN INFRAESTRUCTURAS URBANAS;;;;;;;6317695;0;6317695;33745,13;0;6283949,87;6283949,87;4860027,92;0;4860027,92;
;;001;150;15374;60999;2023/001006;2023/001006;CAMPUS SUR UNIVERSIDAD POLITÉCNICA DE MADRID Y ENTORNOS ESCOLARES VALLECAS. ZONAS DE BAJAS EMISIONES;218;VILLA DE VALLECAS;07;INFRAESTRUCTURAS;06;OTRAS INVERSIONES EN INFRAESTRUCTURAS URBANAS;;;;;;;2707584;0;2707584;14462,63;0;2693121,37;2693121,37;2082869,11;0;2082869,11;
1;INCORPORACIONES REMANENTES OBLIGATORIAS;001;150;15374;60999;2023/001006;2023/001006;CAMPUS SUR UNIVERSIDAD POLITÉCNICA DE MADRID Y ENTORNOS ESCOLARES VALLECAS. ZONAS DE BAJAS EMISIONES;213;PUENTE DE VALLECAS;07;INFRAESTRUCTURAS;06;OTRAS INVERSIONES EN INFRAESTRUCTURAS URBANAS;;;;;;;0;320802,96;320802,96;320802,96;0;0;0;0;0;0;
1;INCORPORACIONES REMANENTES OBLIGATORIAS;001;150;15374;60999;2023/001006;2023/001006;CAMPUS SUR UNIVERSIDAD POLITÉCNICA DE MADRID Y ENTORNOS ESCOLARES VALLECAS. ZONAS DE BAJAS EMISIONES;218;VILLA DE VALLECAS;07;INFRAESTRUCTURAS;06;OTRAS INVERSIONES EN INFRAESTRUCTURAS URBANAS;;;;;;;0;137486,98;137486,98;137486,98;0;0;0;0;0;0;
6;GFA SUPLEMENTOS Y CRÉDITOS EXTRAORD.;001;150;15374;60999;2023/001006;2023/001006;CAMPUS SUR UNIVERSIDAD POLITÉCNICA DE MADRID Y ENTORNOS ESCOLARES VALLECAS. ZONAS DE BAJAS EMISIONES;213;PUENTE DE VALLECAS;07;INFRAESTRUCTURAS;06;OTRAS INVERSIONES EN INFRAESTRUCTURAS URBANAS;;;;;;;0;1961602,34;1961602,34;786223,45;0;1175378,89;1175378,89;0;0;0;
6;GFA SUPLEMENTOS Y CRÉDITOS EXTRAORD.;001;150;15374;60999;2023/001006;2023/001006;CAMPUS SUR UNIVERSIDAD POLITÉCNICA DE MADRID Y ENTORNOS ESCOLARES VALLECAS. ZONAS DE BAJAS EMISIONES;218;VILLA DE VALLECAS;07;INFRAESTRUCTURAS;06;OTRAS INVERSIONES EN INFRAESTRUCTURAS URBANAS;;;;;;;0;840686,71;840686,71;336952,9;0;503733,81;503733,81;0;0;0;
;;001;150;17000;62301;2025/001023;2025/001023;SERVICIOS ADMINISTRATIVOS URBANISMO, MEDIO AMBIENTE Y MOVILIDAD. INSTALACIONES TÉCNICAS;999;NO DISTRITALIZABLE;00;INVERSIONES DE CARÁCTER GENERAL;01;SERVICIOS ADMINISTRATIVOS CENTRALES;;;;;;;0;5000;5000;5000;0;0;0;0;0;0;
;;001;150;17000;62500;2025/001019;2025/001019;EQUIPAMIENTO SERVICIOS ADMINISTRATIVOS DEL ÁREA DE URBANISMO, MEDIO AMBIENTE Y MOVILIDAD;999;NO DISTRITALIZABLE;00;INVERSIONES DE CARÁCTER GENERAL;01;SERVICIOS ADMINISTRATIVOS CENTRALES;;;;;;;0;60000;60000;27983,35;0;32016,65;32016,65;27660,65;0;27660,65;
;;001;150;17000;62599;2025/001019;2025/001019;EQUIPAMIENTO SERVICIOS ADMINISTRATIVOS DEL ÁREA DE URBANISMO, MEDIO AMBIENTE Y MOVILIDAD;999;NO DISTRITALIZABLE;00;INVERSIONES DE CARÁCTER GENERAL;01;SERVICIOS ADMINISTRATIVOS CENTRALES;;;;;;;0;22520;22520;1991,46;0;20528,54;20528,54;4367,79;0;3322,83;
;;001;150;17000;62600;2025/001019;2025/001019;EQUIPAMIENTO SERVICIOS ADMINISTRATIVOS DEL ÁREA DE URBANISMO, MEDIO AMBIENTE Y MOVILIDAD;999;NO DISTRITALIZABLE;00;INVERSIONES DE CARÁCTER GENERAL;01;SERVICIOS ADMINISTRATIVOS CENTRALES;;;;;;;0;500;500;500;0;0;0;0;0;0;
;;001;150;17000;63200;2025/001020;2025/001020;EDIFICIOS SERVICIOS ADMINISTRATIVOS URBANISMO, MEDIO AMBIENTE Y MOVILIDAD. REFORMA Y MEJORA;998;VARIOS DISTRITOS;00;INVERSIONES DE CARÁCTER GENERAL;01;SERVICIOS ADMINISTRATIVOS CENTRALES;;;;;;;0;50000;50000;50000;0;0;0;0;0;0;
;;001;150;17211;62301;2022/000201;2022/000201;INVERSIONES DE EFICIENCIA ENERGÉTICA EN INSTALACIONES MUNICIPALES;998;VARIOS DISTRITOS;09;MEDIO AMBIENTE;07;DESARROLLO MEDIO AMBIENTAL, SOSTENIBILIDAD;;;;;;;0;243701,7;243701,7;1282,6;0;242419,1;242419,1;0;0;0;
;;001;150;17211;62301;2022/000201;2025/001033;CENTRO DEPORTIVO DAOÍZ Y VELARDE 1. INSTALACIÓN CLIMATIZACIÓN PARA EFICIENCIA ENERGÉTICA;203;RETIRO;09;MEDIO AMBIENTE;07;DESARROLLO MEDIO AMBIENTAL, SOSTENIBILIDAD;;;;;;;0;12874,4;12874,4;0;0;12874,4;12874,4;0;0;0;
;;001;150;17211;62301;2022/000201;2025/001131;CENTRO CULTURAL MESETA DE ORCASITAS. INSTALACIONES DE REFRIGERACIÓN PARA EFICIENCIA ENERGÉTICA;212;USERA;09;MEDIO AMBIENTE;07;DESARROLLO MEDIO AMBIENTAL, SOSTENIBILIDAD;;;;;;;0;473286,94;473286,94;0;0;473286,94;473286,94;0;0;0;
;;001;150;17211;62301;2022/000204;2022/000204;ENERGÍAS RENOVABLES.INSTALACIONES SOLAR TÉRMICA Y SOLAR FOTOVOLTAICA EN DEPENDENCIAS MUNICIPALES;998;VARIOS DISTRITOS;09;MEDIO AMBIENTE;07;DESARROLLO MEDIO AMBIENTAL, SOSTENIBILIDAD;;;;;;;436893;-392686,5;44206,5;44206,5;0;0;0;0;0;0;
;;001;150;17211;62301;2022/000204;2024/001442;ENERGÍAS RENOVABLES. INSTALACIÓN FOTOVOLTAICA EN CENTRO DEPORTIVO PUEBLO NUEVO;215;CIUDAD LINEAL;09;MEDIO AMBIENTE;07;DESARROLLO MEDIO AMBIENTAL, SOSTENIBILIDAD;;;;;;;0;2090,71;2090,71;0;0;2090,71;2090,71;0;0;0;
;;001;150;17211;62301;2022/000204;2024/001444;ENERGÍAS RENOVABLES. INSTALACIÓN FOTOVOLTAICA EN EL CENTRO CULTURAL SARA MONTIEL;210;LATINA;09;MEDIO AMBIENTE;07;DESARROLLO MEDIO AMBIENTAL, SOSTENIBILIDAD;;;;;;;0;2090,71;2090,71;0;0;2090,71;2090,71;0;0;0;
;;001;150;17211;62301;2022/000204;2024/001461;ENERGÍAS RENOVABLES. INSTALACIÓN FOTOVOLTAICA EN EL CENTRO DE MAYORES SANTA EUGENIA;218;VILLA DE VALLECAS;09;MEDIO AMBIENTE;07;DESARROLLO MEDIO AMBIENTAL, SOSTENIBILIDAD;;;;;;;0;63813,94;63813,94;0;0;63813,94;63813,94;63813,94;0;62470,84;
;;001;150;17211;62301;2022/000204;2025/001064;ENERGÍAS RENOVABLES. INSTALACIÓN FOTOVOLTAICA EN EL CENTRO DE ACOGIDA PUERTA ABIERTA;210;LATINA;09;MEDIO AMBIENTE;07;DESARROLLO MEDIO AMBIENTAL, SOSTENIBILIDAD;;;;;;;0;101530,95;101530,95;0;0;101530,95;101530,95;101530,95;0;99292,45;
;;001;150;17211;62301;2022/000204;2025/001065;ENERGÍAS RENOVABLES. INSTALACIÓN FOTOVOLTAICA EN LA NAVE BOETTICHER;217;VILLAVERDE;09;MEDIO AMBIENTE;07;DESARROLLO MEDIO AMBIENTAL, SOSTENIBILIDAD;;;;;;;0;176136,05;176136,05;0;0;176136,05;176136,05;176136,05;0;172106,75;
;;001;150;17211;62301;2022/000204;2025/001067;ENERGÍAS RENOVABLES. INSTALACIÓN FOTOVOLTAICA EN EL CENTRO DEPORTIVO CERRO ALMODÓVAR;218;VILLA DE VALLECAS;09;MEDIO AMBIENTE;07;DESARROLLO MEDIO AMBIENTAL, SOSTENIBILIDAD;;;;;;;0;81518,12;81518,12;0;0;81518,12;81518,12;81518,12;0;79545,82;
;;001;150;17211;62301;2022/000204;2025/001390;ENERGÍAS RENOVABLES. INSTALACIÓN FOTOVOLTAICA EN EL CENTRO CULTURAL JOSÉ LUIS SAMPEDRO;210;LATINA;09;MEDIO AMBIENTE;07;DESARROLLO MEDIO AMBIENTAL, SOSTENIBILIDAD;;;;;;;0;61819,58;61819,58;0;0;61819,58;61819,58;0;0;0;
;;001;150;17211;62301;2022/000204;2025/001391;ENERGÍAS RENOVABLES. INSTALACIÓN FOTOVOLTAICA EN EL CENTRO DE MAYORES LUCERO;210;LATINA;09;MEDIO AMBIENTE;07;DESARROLLO MEDIO AMBIENTAL, SOSTENIBILIDAD;;;;;;;0;76729,75;76729,75;0;0;76729,75;76729,75;0;0;0;
;;001;150;17211;62301;2022/000204;2025/001394;ENERGÍAS RENOVABLES. INSTALACIÓN FOTOVOLTAICA EN EL CENTRO DEPORTIVO PALOMERAS;213;PUENTE DE VALLECAS;09;MEDIO AMBIENTE;07;DESARROLLO MEDIO AMBIENTAL, SOSTENIBILIDAD;;;;;;;0;184170,03;184170,03;0;0;184170,03;184170,03;0;0;0;
;;001;150;17211;62301;2025/000392;2025/000392;CENTROS DE CARGA ENERGÍA ELÉCTRICA E HIDRÓGENO A VEHÍCULOS SIN EMISIONES. (ELECTROLINERAS);998;VARIOS DISTRITOS;09;MEDIO AMBIENTE;07;DESARROLLO MEDIO AMBIENTAL, SOSTENIBILIDAD;;;;;;;0;121189,2;121189,2;121189,2;0;0;0;0;0;0;
;;001;150;17211;62301;2025/000392;2025/010392;EQUIPOS DE RECARGA VEHÍCULOS ELÉCTRICOS EN CENTRO MUNICIPAL DE ACÚSTICA;209;MONCLOA-ARAVACA;09;MEDIO AMBIENTE;07;DESARROLLO MEDIO AMBIENTAL, SOSTENIBILIDAD;;;;;;;0;17303,01;17303,01;0;0;17303,01;17303,01;17303;0;17303;
;;001;150;17211;62301;2025/000392;2025/020392;EQUIPOS RECARGA VEHÍCULOS ELÉCTRICOS EN SEDE DISTRITO DE CIUDAD LINEAL;215;CIUDAD LINEAL;09;MEDIO AMBIENTE;07;DESARROLLO MEDIO AMBIENTAL, SOSTENIBILIDAD;;;;;;;0;8233,25;8233,25;0;0;8233,25;8233,25;8233,25;0;8233,25;
;;001;150;17211;62301;2025/000392;2025/030392;EQUIPOS RECARGA VEHÍCULOS ELÉCTRICOS EN CENTRO OPERACIONES DE AGENTES MOVILIDAD, CALLE GUATEMALA, 24;205;CHAMARTIN;09;MEDIO AMBIENTE;07;DESARROLLO MEDIO AMBIENTAL, SOSTENIBILIDAD;;;;;;;0;12830,67;12830,67;0;0;12830,67;12830,67;12562;0;12562;
;;001;150;17211;62301;2025/000392;2025/050392;EQUIPOS DE RECARGA VEHÍCULOS ELÉCTRICOS EN EL VIVERO DE ESTUFAS DE EL RETIRO;203;RETIRO;09;MEDIO AMBIENTE;07;DESARROLLO MEDIO AMBIENTAL, SOSTENIBILIDAD;;;;;;;0;465,27;465,27;0;0;465,27;465,27;465,27;0;465,27;
;;001;150;17211;62301;2025/000392;2025/060392;EQUIPOS DE RECARGA DE VEHÍCULOS ELÉCTRICOS EN EL APARCAMIENTO DEL PALACIO DE CIBELES;203;RETIRO;09;MEDIO AMBIENTE;07;DESARROLLO MEDIO AMBIENTAL, SOSTENIBILIDAD;;;;;;;0;7839,88;7839,88;0;0;7839,88;7839,88;428,16;0;428,16;
;;001;150;17211;62301;2025/000392;2025/070392;EQUIPOS DE RECARGA VEHÍCULOS ELÉCTRICOS EN UNIDAD INTEGRAL POLICÍA MUNICIPAL DISTRITO USERA;212;USERA;09;MEDIO AMBIENTE;07;DESARROLLO MEDIO AMBIENTAL, SOSTENIBILIDAD;;;;;;;0;2300,52;2300,52;0;0;2300,52;2300,52;2300,52;0;2300,52;
;;001;150;17211;62301;2025/000392;2025/090392;EQUIPOS DE RECARGA VEHÍCULOS ELÉCTRICOS EN CENTRO CULTURAL EDUARDO ÚRCULO;206;TETUAN;09;MEDIO AMBIENTE;07;DESARROLLO MEDIO AMBIENTAL, SOSTENIBILIDAD;;;;;;;0;1838,6;1838,6;0;0;1838,6;1838,6;1838,6;0;1838,6;
;;001;150;17211;62301;2025/000392;2025/100392;EQUIPOS RECARGA VEHÍCULOS ELÉCTRICOS EN DEPENDENCIAS ÁREA POLÍTICAS SOCIALES. MEJORA INSTALACIÓN;202;ARGANZUELA;09;MEDIO AMBIENTE;07;DESARROLLO MEDIO AMBIENTAL, SOSTENIBILIDAD;;;;;;;0;3052,83;3052,83;0;0;3052,83;3052,83;3052,83;0;3052,83;
;;001;150;17211;62301;2025/000392;2025/110392;EQUIPOS RECARGA VEHÍCULOS ELÉCTRICOS EN SEDE DISTRITO VILLAVERDE. MEJORA INSTALACIÓN;217;VILLAVERDE;09;MEDIO AMBIENTE;07;DESARROLLO MEDIO AMBIENTAL, SOSTENIBILIDAD;;;;;;;0;2382,82;2382,82;0;0;2382,82;2382,82;2382,82;0;2382,82;
;;001;150;17211;62301;2025/000392;2025/120392;EQUIPOS RECARGA VEHÍCULOS ELÉCTRICOS EN SEDE DISTRITO VICÁLVARO. MEJORA INSTALACIÓN;219;VICALVARO;09;MEDIO AMBIENTE;07;DESARROLLO MEDIO AMBIENTAL, SOSTENIBILIDAD;;;;;;;0;1580,01;1580,01;0;0;1580,01;1580,01;1580,01;0;1580,01;
;;001;150;17211;62301;2025/000392;2025/130392;EQUIPOS RECARGA VEHÍCULOS ELÉCTRICOS EN SEDE DISTRITO SAN BLAS-CANILLEJAS. MEJORA INSTALACIÓN;220;SAN BLAS-CANILLEJAS;09;MEDIO AMBIENTE;07;DESARROLLO MEDIO AMBIENTAL, SOSTENIBILIDAD;;;;;;;0;2582,12;2582,12;0;0;2582,12;2582,12;2582,12;0;2582,12;
;;001;150;17211;62301;2025/000392;2025/140392;EQUIPOS RECARGA VEHÍCULOS ELÉCTRICOS DEPENDENCIAS ÁREA URBANISMO, C/BUSTAMANTE. MEJORA INSTALACIÓN;202;ARGANZUELA;09;MEDIO AMBIENTE;07;DESARROLLO MEDIO AMBIENTAL, SOSTENIBILIDAD;;;;;;;0;5280,17;5280,17;0;0;5280,17;5280,17;5280,17;0;5280,17;
;;001;150;17211;62301;2025/000392;2025/150392;EQUIPOS RECARGA VEHÍCULOS ELÉCTRICOS EN SEDE DISTRITO CARABANCHEL, C/ ALBOX, 8. MEJORA INSTALACIÓN;211;CARABANCHEL;09;MEDIO AMBIENTE;07;DESARROLLO MEDIO AMBIENTAL, SOSTENIBILIDAD;;;;;;;0;1580,01;1580,01;0;0;1580,01;1580,01;1580,01;0;1580,01;
;;001;150;17211;62301;2025/000392;2025/160392;EQUIPOS DE RECARGA MURAL PARA VEHÍCULOS ELÉCTRICOS EN DEPENDENCIAS MUNICIPALES;998;VARIOS DISTRITOS;09;MEDIO AMBIENTE;07;DESARROLLO MEDIO AMBIENTAL, SOSTENIBILIDAD;;;;;;;0;21585;21585;0;0;21585;21585;21585;0;21585;
;;001;150;17211;62301;2025/000392;2025/170392;EQUIPOS RECARGA VEHÍCULOS ELÉCTRICOS UNIDAD INTEGRAL POLICÍA MUNICIPAL DISTRITO CENTRO-NORTE. MEJORA;201;CENTRO;09;MEDIO AMBIENTE;07;DESARROLLO MEDIO AMBIENTAL, SOSTENIBILIDAD;;;;;;;0;5060,91;5060,91;0;0;5060,91;5060,91;0;0;0;
;;001;150;17211;62301;2025/000392;2025/180392;EQUIPOS RECARGA DE VEHÍCULOS ELÉCTRICOS EN APARCAMIENTO DE LA C/ SACRAMENTO, 4. MEJORA INSTALACIÓN;201;CENTRO;09;MEDIO AMBIENTE;07;DESARROLLO MEDIO AMBIENTAL, SOSTENIBILIDAD;;;;;;;0;42665,77;42665,77;0;0;42665,77;42665,77;0;0;0;
;;001;150;17211;62301;2025/000392;2025/190392;EQUIPOS RECARGA VEHÍCULOS ELÉCTRICOS EN SEDE DISTRITO MORATALAZ. MEJORA INSTALACIÓN;214;MORATALAZ;09;MEDIO AMBIENTE;07;DESARROLLO MEDIO AMBIENTAL, SOSTENIBILIDAD;;;;;;;0;5060,91;5060,91;0;0;5060,91;5060,91;0;0;0;
;;001;150;17211;62301;2025/000392;2025/200392;EQUIPOS DE RECARGA VEHÍCULOS ELÉCTRICOS UNIDAD INTEGRAL POLICÍA MUNICIPAL DISTRITO LATINA. MEJORA;210;LATINA;09;MEDIO AMBIENTE;07;DESARROLLO MEDIO AMBIENTAL, SOSTENIBILIDAD;;;;;;;0;2708,92;2708,92;0;0;2708,92;2708,92;0;0;0;
;;001;150;17211;62301;2025/000392;2025/210392;EQUIPOS RECARGA VEHÍCULOS ELÉCTRICOS DEPENDENCIAS CALLE ALBARRACÍN, 33. MEJORA INSTALACIÓN;220;SAN BLAS-CANILLEJAS;09;MEDIO AMBIENTE;07;DESARROLLO MEDIO AMBIENTAL, SOSTENIBILIDAD;;;;;;;0;2709,63;2709,63;0;0;2709,63;2709,63;0;0;0;
2;INCORPORACIONES REMANENTES VOLUNTARIAS;001;150;17211;62301;2022/000204;2024/001390;ENERGÍAS RENOVABLES. INSTALACIÓN FOTOVOLTAICA EN EL APARCAMIENTO DEL CENTRO MUNICIPAL DE ACÚSTICA;998;VARIOS DISTRITOS;09;MEDIO AMBIENTE;07;DESARROLLO MEDIO AMBIENTAL, SOSTENIBILIDAD;;;;;;;0;762,3;762,3;0;0;762,3;762,3;762,3;0;762,3;
;;001;150;17211;63200;2025/001380;2025/001380;CENTROS EDUCATIVOS. OBRAS DE REFORMA, NATURALIZACIÓN Y ADAPTACIÓN CLIMÁTICA;998;VARIOS DISTRITOS;09;MEDIO AMBIENTE;07;DESARROLLO MEDIO AMBIENTAL, SOSTENIBILIDAD;;;;;;;0;711,77;711,77;711,77;0;0;0;0;0;0;
;;001;150;17211;63200;2025/001380;2025/011380;ESCUELA INFANTIL JOSÉ GÓMEZ GIL, VILLA VALLECAS.OBRAS REFORMA, NATURALIZACIÓN Y ADAPTACIÓN CLIMÁTICA;218;VILLA DE VALLECAS;09;MEDIO AMBIENTE;07;DESARROLLO MEDIO AMBIENTAL, SOSTENIBILIDAD;;;;;;;0;47689,11;47689,11;0;0;47689,11;47689,11;0;0;0;
;;001;150;17211;63301;2022/000204;2022/000204;ENERGÍAS RENOVABLES.INSTALACIONES SOLAR TÉRMICA Y SOLAR FOTOVOLTAICA EN DEPENDENCIAS MUNICIPALES;998;VARIOS DISTRITOS;09;MEDIO AMBIENTE;07;DESARROLLO MEDIO AMBIENTAL, SOSTENIBILIDAD;;;;;;;10000;0;10000;10000;0;0;0;0;0;0;
;;001;150;17211;63301;2025/001298;2025/001298;INSTALACIÓN EQUIPOS CLIMATIZACIÓN PARA SISTEMA INTEGRAL VIGILANCIA Y PREDICCIÓN CALIDAD DEL AIRE;998;VARIOS DISTRITOS;09;MEDIO AMBIENTE;07;DESARROLLO MEDIO AMBIENTAL, SOSTENIBILIDAD;;;;;;;0;18148,75;18148,75;720,5;0;17428,25;17428,25;0;0;0;
;;001;150;17212;62300;2024/000420;2024/000420;EQUIPOS DE MEDICIÓN DEL RUIDO AMBIENTAL EN LA CIUDAD DE MADRID;998;VARIOS DISTRITOS;09;MEDIO AMBIENTE;07;DESARROLLO MEDIO AMBIENTAL, SOSTENIBILIDAD;;;;;;;0;16000;16000;4534,22;0;11465,78;11465,78;0;0;0;
2;INCORPORACIONES REMANENTES VOLUNTARIAS;001;150;17212;62300;2024/000420;2024/000420;EQUIPOS DE MEDICIÓN DEL RUIDO AMBIENTAL EN LA CIUDAD DE MADRID;998;VARIOS DISTRITOS;09;MEDIO AMBIENTE;07;DESARROLLO MEDIO AMBIENTAL, SOSTENIBILIDAD;;;;;;;0;260510,04;260510,04;0;0;260510,04;260510,04;260510,04;0;260510,04;
;;001;150;17213;60904;2020/007075;2020/007075;PARCELA AVENIDA DEL TALGO, MONCLOA-ARAVACA. EJECUCIÓN BOSQUE METROPOLITANO;209;MONCLOA-ARAVACA;06;URBANISMO;01;URBANIZACIÓN SUELO A CARGO DEL AYUNTAMIENTO;;;;;;;0;59430,24;59430,24;0;0;59430,24;59430,24;59430,24;0;59430,24;
;;001;150;17213;60904;2020/007076;2020/007076;ANILLO VERDE DE VILLAVERDE. EJECUCIÓN BOSQUE METROPOLITANO;217;VILLAVERDE;06;URBANISMO;01;URBANIZACIÓN SUELO A CARGO DEL AYUNTAMIENTO;;;;;;;1500000;-1440000;60000;60000;0;0;0;0;0;0;
;;001;150;17213;60904;2021/000382;2021/000382;ÁMBITO CERRO ALMODÓVAR. EJECUCIÓN DEL BOSQUE METROPOLITANO;218;VILLA DE VALLECAS;06;URBANISMO;01;URBANIZACIÓN SUELO A CARGO DEL AYUNTAMIENTO;;;;;;;287771;0;287771;44999,72;0;242771,28;242771,28;189184,83;0;189184,83;
;;001;150;17213;60904;2021/000382;2021/000382;ÁMBITO CERRO ALMODÓVAR. EJECUCIÓN DEL BOSQUE METROPOLITANO;219;VICALVARO;06;URBANISMO;01;URBANIZACIÓN SUELO A CARGO DEL AYUNTAMIENTO;;;;;;;671467;0;671467;105000,69;0;566466,31;566466,31;441431,27;0;441431,27;
;;001;150;17213;60904;2021/000430;2021/000430;ZONA VERDE ANEXA AL COLEGIO PÚBLICO EL QUIJOTE. ACTUACIONES DE RENATURALIZACIÓN;218;VILLA DE VALLECAS;06;URBANISMO;01;URBANIZACIÓN SUELO A CARGO DEL AYUNTAMIENTO;;;;;;;0;423579,8;423579,8;0;0;423579,8;423579,8;423579,8;0;423579,8;
;;001;150;17213;60904;2021/000437;2021/000437;BORDE FORESTAL DE ORCASITAS. EJECUCIÓN DEL BOSQUE METROPOLITANO;212;USERA;06;URBANISMO;01;URBANIZACIÓN SUELO A CARGO DEL AYUNTAMIENTO;;;;;;;1363417;-400000;963417;80053,82;0;883363,18;883363,18;882858,59;0;862205,5;
;;001;150;17213;60904;2021/000440;2021/000440;CUÑA NORTE DE O´DONNELL. EJECUCIÓN DEL BOSQUE METROPOLITANO;215;CIUDAD LINEAL;06;URBANISMO;01;URBANIZACIÓN SUELO A CARGO DEL AYUNTAMIENTO;;;;;;;497725;958971,18;1456696,18;0;0;1456696,18;1456696,18;1072511,53;0;784290,91;
;;001;150;17213;60904;2021/001298;2021/001298;ÁMBITO CORREDOR NATURAL Y PARQUE FLUVIAL DEL ARROYO DE BUTARQUE. EJECUCIÓN DEL BOSQUE METROPOLITANO;217;VILLAVERDE;06;URBANISMO;01;URBANIZACIÓN SUELO A CARGO DEL AYUNTAMIENTO;;;;;;;1500000;-954528,36;545471,64;0;0;545471,64;545471,64;376311,48;0;376311,48;
;;001;150;17213;60904;2021/001483;2021/001483;PARCELAS ÁMBITO VALDEGRULLA Y PARAJE VALDESENDERÍN. DESESCOMBRO Y RENATURALIZACIÓN;208;FUENCARRAL-EL PARDO;06;URBANISMO;01;URBANIZACIÓN SUELO A CARGO DEL AYUNTAMIENTO;;;;;;;0;565672,74;565672,74;0;0;565672,74;565672,74;565672,74;0;565672,74;
;;001;150;17213;60904;2022/001605;2022/001605;ÁMBITO CASTILLO DE LA ALAMEDA. OBRAS DE RENATURALIZACIÓN;221;BARAJAS;06;URBANISMO;01;URBANIZACIÓN SUELO A CARGO DEL AYUNTAMIENTO;;;;;;;0;438892,36;438892,36;438892,36;0;0;0;0;0;0;
;;001;150;17213;60904;2023/001016;2023/001016;ÁMBITO DE LA CUÑA VERDE DE O´DONNELL SUR. EJECUCIÓN DEL BOSQUE METROPOLITANO;214;MORATALAZ;06;URBANISMO;01;URBANIZACIÓN SUELO A CARGO DEL AYUNTAMIENTO;;;;;;;1500000;-1500000;0;0;0;0;0;0;0;0;
;;001;150;17213;60904;2023/001666;2023/001666;ÁMBITO CAMINO DE LA QUINTA. OBRAS DE RENATURALIZACIÓN;208;FUENCARRAL-EL PARDO;06;URBANISMO;01;URBANIZACIÓN SUELO A CARGO DEL AYUNTAMIENTO;;;;;;;0;22973,7;22973,7;0;0;22973,7;22973,7;22973,7;0;22973,7;
;;001;150;17213;60904;2024/001008;2024/001008;BARRIO DE ORCASUR. EJECUCIÓN DEL BOSQUE METROPOLITANO;212;USERA;06;URBANISMO;01;URBANIZACIÓN SUELO A CARGO DEL AYUNTAMIENTO;;;;;;;1468128;-1468128;0;0;0;0;0;0;0;0;
;;001;150;17213;60904;2024/001254;2024/001254;ÁMBITO ARROYO POZUELO CON LA CALLE FUENTE DEL REY, 1. OBRAS DE RENATURALIZACIÓN;209;MONCLOA-ARAVACA;06;URBANISMO;01;URBANIZACIÓN SUELO A CARGO DEL AYUNTAMIENTO;;;;;;;551419;-129948,68;421470,32;150272,87;0;271197,45;271197,45;269341,17;0;269341,17;
;;001;150;17213;60904;2024/001553;2024/001553;INTERVENCIÓN ARQUEOLÓGICA CASA PEÓN Y CUARTA ESCLUSA CANAL MANZANARES. OBRAS AUXILIARES DEL BOSQUE;218;VILLA DE VALLECAS;06;URBANISMO;01;URBANIZACIÓN SUELO A CARGO DEL AYUNTAMIENTO;;;;;;;140874;0;140874;0,29;0;140873,71;140873,71;140872,54;0;140872,54;
;;001;150;17213;60904;2025/001006;2025/001006;ÁMBITO DE LA AVENIDA DE NIZA Y ZONAS ADYACENTES. OBRAS DE RENATURALIZACIÓN;220;SAN BLAS-CANILLEJAS;06;URBANISMO;01;URBANIZACIÓN SUELO A CARGO DEL AYUNTAMIENTO;;;;;;;1500000;-1476914,98;23085,02;23085,02;0;0;0;0;0;0;
;;001;150;17213;60904;2025/001007;2025/001007;CALLE DE LA HULLA E INMEDIACIONES, ÁMBITO ARROYO DE BUTARQUE SUR. OBRAS DE RENATURALIZACIÓN;217;VILLAVERDE;06;URBANISMO;01;URBANIZACIÓN SUELO A CARGO DEL AYUNTAMIENTO;;;;;;;1500000;-1500000;0;0;0;0;0;0;0;0;
5;FONDO DE REEQUILIBRIO TERRITORIAL;001;150;17213;60999;2023/003004;2023/003004;CAMPOS DE FÚTBOL EN VALDEBEBAS (INSTALACIONES SOTENIBLES). CONSTRUCCIÓN (ID 21: 17695);216;HORTALEZA;11;DEPORTES, JUVENTUD  Y ESPARCIMIENTO;02;PISTAS DEPORTIVAS ELEMENTALES;;;;;18;PRESUPUESTOS PARTICIPATIVOS;1950000;0;1950000;1940464,27;0;9535,73;9535,73;9535,73;0;9535,73;
;;001;151;16001;61999;2019/004339;2019/004339;RED DE RIEGO DE ZONAS VERDES EN SANCHINARRO CON AGUA REGENERADA;216;HORTALEZA;09;MEDIO AMBIENTE;07;DESARROLLO MEDIO AMBIENTAL, SOSTENIBILIDAD;;;;;;;0;324288,94;324288,94;0;0;324288,94;324288,94;34044,94;0;34044,94;
;;001;151;16001;61999;2023/000442;2023/000442;CANTONES DE LIMPIEZA. ACOMETIDAS DE AGUA REGENERADA;998;VARIOS DISTRITOS;09;MEDIO AMBIENTE;07;DESARROLLO MEDIO AMBIENTAL, SOSTENIBILIDAD;;;;;;;63000;-63000;0;0;0;0;0;0;0;0;
;;001;151;16001;61999;2023/000442;2023/010442;CANTONES DE LIMPIEZA DEL DISTRITO DE FUENCARRAL-EL PARDO. ACOMETIDAS DE AGUA REGENERADA;208;FUENCARRAL-EL PARDO;09;MEDIO AMBIENTE;07;DESARROLLO MEDIO AMBIENTAL, SOSTENIBILIDAD;;;;;;;0;30510,81;30510,81;0;0;30510,81;30510,81;30510,81;0;30510,81;
;;001;151;16001;61999;2023/000442;2023/030442;CANTÓN DE LIMPIEZA DEL DISTRITO DE CIUDAD LINEAL. ACOMETIDA DE AGUA REGENERADA;215;CIUDAD LINEAL;09;MEDIO AMBIENTE;07;DESARROLLO MEDIO AMBIENTAL, SOSTENIBILIDAD;;;;;;;0;9097;9097;0;0;9097;9097;9097;0;9097;
;;001;151;16001;61999;2024/000228;2024/000228;MARGEN IZQUIERDA DEL RÍO MANZANARES A LA ALTURA DE LA C/ADELINA PATTI. OBRAS DE REGENERACIÓN;208;FUENCARRAL-EL PARDO;09;MEDIO AMBIENTE;07;DESARROLLO MEDIO AMBIENTAL, SOSTENIBILIDAD;;;;;;;132433;-37306,12;95126,88;0,92;0;95125,96;95125,96;60013,46;0;60013,46;
;;001;151;16001;61999;2024/001192;2024/001192;ARROYO POZUELO. OBRAS DE MEJORA AMBIENTAL DEL CAUCE;209;MONCLOA-ARAVACA;09;MEDIO AMBIENTE;07;DESARROLLO MEDIO AMBIENTAL, SOSTENIBILIDAD;;;;;;;81947;113504,23;195451,23;0,94;0;195450,29;195450,29;195450,28;0;195450,28;
;;001;151;16001;61999;2024/001224;2024/001224;DÁRSENAS DE AGUA REGENERADA JUNTO AL DEPÓSITO DE EL CAPRICHO, AVENIDA LOGROÑO. ADECUACIÓN;221;BARAJAS;09;MEDIO AMBIENTE;07;DESARROLLO MEDIO AMBIENTAL, SOSTENIBILIDAD;;;;;;;0;110541,77;110541,77;2685,01;0;107856,76;107856,76;98353,73;0;98353,73;
;;001;151;16001;61999;2025/001242;2025/001242;PLAZA DE LOS CARROS. MEJORA CANALIZACIÓN DE AGUA Y SANEAMIENTO DE HUMEDADES;201;CENTRO;09;MEDIO AMBIENTE;07;DESARROLLO MEDIO AMBIENTAL, SOSTENIBILIDAD;;;;;;;0;7000;7000;236,1;0;6763,9;6763,9;0;0;0;
;;001;151;16001;61999;2025/001275;2025/001275;ELEMENTOS DRENAJE URBANO SOSTENIBLE AV. SANTA CATALINA, 16. SOLUCIONES DE ESCORRENTÍA;213;PUENTE DE VALLECAS;09;MEDIO AMBIENTE;03;ALCANTARILLADO Y COLECTORES;;;;;;;0;39761,81;39761,81;0;0;39761,81;39761,81;0;0;0;
;;001;151;16001;61999;2025/001403;2025/001403;OBRAS DE RENOVACIÓN DE LA RED DE ABASTECIMIENTO DE AGUA EN LA CASA DE CAMPO;209;MONCLOA-ARAVACA;09;MEDIO AMBIENTE;03;ALCANTARILLADO Y COLECTORES;;;;;;;0;60500;60500;5039,19;0;55460,81;55460,81;0;0;0;
5;FONDO DE REEQUILIBRIO TERRITORIAL;001;151;16001;61999;2023/001425;2023/001425;SENDA PEATONAL MARGEN DERECHA RÍO ENTRE PRESA 9 Y PARQUE LINEAL. MEJORA ACCESIBILIDAD;212;USERA;09;MEDIO AMBIENTE;07;DESARROLLO MEDIO AMBIENTAL, SOSTENIBILIDAD;;;17;FONDO REEQUILIBRIO TERRITORIAL;;;206000;651214,84;857214,84;74352,74;0;782862,1;782862,1;271590,89;0;271590,89;
;;001;151;16001;62700;2019/000544;2019/000544;ESTACIÓN REGENERADORA DE AGUAS RESIDUALES DE REJAS. OBRAS DE ADECUACIÓN Y MEJORA;221;BARAJAS;09;MEDIO AMBIENTE;04;INSTALACIONES PARA LA DEPURACIÓN DEL AGUA;;;;;;;15221668;-1698,29;15219969,71;92759,35;0;15127210,36;15127210,36;12651476,15;0;12651476,15;
;;001;151;16001;62700;2019/000545;2019/000545;ESTACIÓN REGENERADORA DE AGUAS RESIDUALES DE VALDEBEBAS. OBRAS DE ADECUACIÓN Y MEJORA;221;BARAJAS;09;MEDIO AMBIENTE;04;INSTALACIONES PARA LA DEPURACIÓN DEL AGUA;;;;;;;21380899;-3372395,02;18008503,98;544577,98;0;17463926;17463926;13101884,02;0;13101884,02;
;;001;151;16001;62799;2019/004343;2019/004343;OBRAS DE CONEXIÓN DE LA ERAR GAVIA CON LA ERAR LA CHINA;212;USERA;09;MEDIO AMBIENTE;07;DESARROLLO MEDIO AMBIENTAL, SOSTENIBILIDAD;;;;;;;0;41329,5;41329,5;41329,5;0;0;0;0;0;0;
;;001;151;16001;63300;2025/001186;2025/001186;ESTACIÓN DE BOMBEO DEPÓSITO DE AGUA REGENERADA PARQUE AZORÍN. EQUIPOS DE IMPULSIÓN;213;PUENTE DE VALLECAS;09;MEDIO AMBIENTE;03;ALCANTARILLADO Y COLECTORES;;;;;;;0;18000;18000;7799,29;0;10200,71;10200,71;10200,71;0;10200,71;
;;001;151;16001;63700;2019/003811;2019/003811;ESTANQUE DEL PARQUE DEL RETIRO. ACONDICIONAMIENTO ESTACIÓN DE TRATAMIENTO DE AGUAS;203;RETIRO;09;MEDIO AMBIENTE;07;DESARROLLO MEDIO AMBIENTAL, SOSTENIBILIDAD;;;;;;;0;16613,08;16613,08;16613,08;0;0;0;0;0;0;
;;001;151;16001;63700;2025/001326;2025/001326;ESTACIÓN REGENERADORA DE AGUAS RESIDUALES DE SUR ORIENTAL. OBRAS DE AMPLIACIÓN DE CAUDALES;219;VICALVARO;09;MEDIO AMBIENTE;04;INSTALACIONES PARA LA DEPURACIÓN DEL AGUA;;;;;;;0;18148;18148;119;0;18029;18029;0;0;0;
1;INCORPORACIONES REMANENTES OBLIGATORIAS;001;151;16001;63700;2019/003811;2019/003811;ESTANQUE DEL PARQUE DEL RETIRO. ACONDICIONAMIENTO ESTACIÓN DE TRATAMIENTO DE AGUAS;203;RETIRO;09;MEDIO AMBIENTE;07;DESARROLLO MEDIO AMBIENTAL, SOSTENIBILIDAD;;;;;;;0;60000;60000;25238,92;7991,57;26769,51;26769,51;0;0;0;
;;001;151;16001;60914;2020/000163;2020/000163;PARQUE LINEAL DEL MANZANARES CONCEPCION OLIVA. OBRAS DEL JARDÍN DE LLUVIA;217;VILLAVERDE;09;MEDIO AMBIENTE;03;ALCANTARILLADO Y COLECTORES;;;;;;;0;12706,28;12706,28;12706,28;0;0;0;0;0;0;
;;001;151;16001;60914;2020/000323;2020/000323;COLECTOR EN C/ EDUARDO BARREIROS. CONSTRUCCIÓN;217;VILLAVERDE;09;MEDIO AMBIENTE;03;ALCANTARILLADO Y COLECTORES;;;;;;;0;49592,53;49592,53;49592,53;0;0;0;0;0;0;
;;001;151;16001;60914;2023/001138;2023/001138;COLECTORES DE VICÁLVARO B Y LA DEHESA. OBRAS DE CONEXIÓN;219;VICALVARO;09;MEDIO AMBIENTE;03;ALCANTARILLADO Y COLECTORES;;;;;;;0;159022,66;159022,66;0;0;159022,66;159022,66;159022,66;0;159022,66;
;;001;151;16001;60914;2023/001140;2023/001140;RÍO MANZANARES. OBRAS DE DEMOLICIÓN DE ALIVIADEROS EN DESUSO;998;VARIOS DISTRITOS;09;MEDIO AMBIENTE;03;ALCANTARILLADO Y COLECTORES;;;;;;;0;1976,24;1976,24;0;0;1976,24;1976,24;0;0;0;
1;INCORPORACIONES REMANENTES OBLIGATORIAS;001;151;16001;60914;2015/000224;2015/000224;AUMENTO DE LA CAPACIDAD DEL DESAGÜE DEL TRAMO INFERIOR ARROYO DE LOS MIGUELES;219;VICALVARO;09;MEDIO AMBIENTE;03;ALCANTARILLADO Y COLECTORES;;;;;;;0;4388429,75;4388429,75;4287169,81;0;101259,94;101259,94;64326,76;0;64326,76;
2;INCORPORACIONES REMANENTES VOLUNTARIAS;001;151;16001;60914;2023/001138;2023/001138;COLECTORES DE VICÁLVARO B Y LA DEHESA. OBRAS DE CONEXIÓN;219;VICALVARO;09;MEDIO AMBIENTE;03;ALCANTARILLADO Y COLECTORES;;;;;;;0;93294,11;93294,11;0;0;93294,11;93294,11;0;0;0;
;;001;151;16001;60916;2021/001191;2021/001191;FUENTE ORNAMENTAL ENTRE LAS CALLES MARCELO USERA Y MANUEL NOYA. CONSTRUCCIÓN;212;USERA;09;MEDIO AMBIENTE;02;FUENTES Y ESTANQUES;;;;;;;0;4917,87;4917,87;4917,87;0;0;0;0;0;0;
;;001;151;16001;60916;2022/000215;2022/000215;GLORIETA PLAYA DE SAN LORENZO. ADECUACIÓN INSTALACIÓN HIDRÁULICA ORNAMENTAL;221;BARAJAS;09;MEDIO AMBIENTE;02;FUENTES Y ESTANQUES;;;;;;;0;20462,21;20462,21;0;0;20462,21;20462,21;20462,21;0;20462,21;
;;001;151;16001;60916;2022/001623;2022/001623;FUENTE ORNAMENTAL JUNTO AL INTERCAMBIADOR DE COLONIA JARDÍN. CONSTRUCCIÓN;210;LATINA;09;MEDIO AMBIENTE;02;FUENTES Y ESTANQUES;;;;;;;178591;0;178591;1;0;178590;178590;160544,34;0;160544,34;
;;001;151;16001;60916;2023/001348;2023/001348;OBRAS EJECUCIÓN DE INSTALACIONES HIDRAULICAS DE FUENTES BEBEDERO EN LA CIUDAD DE MADRID;998;VARIOS DISTRITOS;09;MEDIO AMBIENTE;02;FUENTES Y ESTANQUES;;;;;;;15925;-15907,18;17,82;17,82;0;0;0;0;0;0;
;;001;151;16001;60916;2023/001348;2023/011348;FUENTES BEBEDERO EN EL DISTRITO ARGANZUELA. INSTALACIÓN;202;ARGANZUELA;09;MEDIO AMBIENTE;02;FUENTES Y ESTANQUES;;;;;;;0;1310,44;1310,44;0;0;1310,44;1310,44;412,89;0;412,89;
;;001;151;16001;60916;2023/001348;2023/021348;FUENTES BEBEDERO EN EL DISTRITO CHAMARTÍN. INSTALACIÓN;205;CHAMARTIN;09;MEDIO AMBIENTE;02;FUENTES Y ESTANQUES;;;;;;;0;808,85;808,85;0;0;808,85;808,85;254,35;0;254,35;
;;001;151;16001;60916;2023/001348;2023/031348;FUENTES BEBEDERO EN EL DISTRITO TETUÁN. INSTALACIÓN;206;TETUAN;09;MEDIO AMBIENTE;02;FUENTES Y ESTANQUES;;;;;;;0;473,6;473,6;0;0;473,6;473,6;149,22;0;149,22;
;;001;151;16001;60916;2023/001348;2023/051348;FUENTES BEBEDERO EN EL DISTRITO FUENCARRAL-EL PARDO. INSTALACIÓN;208;FUENCARRAL-EL PARDO;09;MEDIO AMBIENTE;02;FUENTES Y ESTANQUES;;;;;;;0;2225,15;2225,15;0;0;2225,15;2225,15;701,1;0;701,1;
;;001;151;16001;60916;2023/001348;2023/061348;FUENTES BEBEDERO EN EL DISTRITO MONCLOA-ARAVACA. INSTALACIÓN;209;MONCLOA-ARAVACA;09;MEDIO AMBIENTE;02;FUENTES Y ESTANQUES;;;;;;;0;635,55;635,55;0;0;635,55;635,55;200,24;0;200,24;
;;001;151;16001;60916;2023/001348;2023/071348;FUENTES BEBEDERO EN EL DISTRITO LATINA. INSTALACIÓN;210;LATINA;09;MEDIO AMBIENTE;02;FUENTES Y ESTANQUES;;;;;;;0;1431,93;1431,93;0;0;1431,93;1431,93;451,16;0;451,16;
;;001;151;16001;60916;2023/001348;2023/081348;FUENTES BEBEDERO EN EL DISTRITO CARABANCHEL. INSTALACIÓN;211;CARABANCHEL;09;MEDIO AMBIENTE;02;FUENTES Y ESTANQUES;;;;;;;0;1083,83;1083,83;0;0;1083,83;1083,83;341,49;0;341,49;
;;001;151;16001;60916;2023/001348;2023/091348;FUENTES BEBEDERO EN EL DISTRITO USERA. INSTALACIÓN;212;USERA;09;MEDIO AMBIENTE;02;FUENTES Y ESTANQUES;;;;;;;0;708,47;708,47;0;0;708,47;708,47;223,22;0;223,22;
;;001;151;16001;60916;2023/001348;2023/101348;FUENTES BEBEDERO EN EL DISTRITO PUENTE DE VALLECAS. INSTALACIÓN;213;PUENTE DE VALLECAS;09;MEDIO AMBIENTE;02;FUENTES Y ESTANQUES;;;;;;;0;1831,6;1831,6;0;0;1831,6;1831,6;577,1;0;577,1;
;;001;151;16001;60916;2023/001348;2023/111348;FUENTES BEBEDERO EN EL DISTRITO CIUDAD LINEAL. INSTALACIÓN;215;CIUDAD LINEAL;09;MEDIO AMBIENTE;02;FUENTES Y ESTANQUES;;;;;;;0;921,17;921,17;0;0;921,17;921,17;290,24;0;290,24;
;;001;151;16001;60916;2023/001348;2023/121348;FUENTES BEBEDERO EN EL DISTRITO HORTALEZA. INSTALACIÓN;216;HORTALEZA;09;MEDIO AMBIENTE;02;FUENTES Y ESTANQUES;;;;;;;0;211,71;211,71;0;0;211,71;211,71;66,7;0;66,7;
;;001;151;16001;60916;2023/001348;2023/131348;FUENTES BEBEDERO EN EL DISTRITO VILLAVERDE. INSTALACIÓN;217;VILLAVERDE;09;MEDIO AMBIENTE;02;FUENTES Y ESTANQUES;;;;;;;0;909,56;909,56;0;0;909,56;909,56;286,58;0;286,58;
;;001;151;16001;60916;2023/001348;2023/141348;FUENTES BEBEDERO EN EL DISTRITO VILLA DE VALLECAS. INSTALACIÓN;218;VILLA DE VALLECAS;09;MEDIO AMBIENTE;02;FUENTES Y ESTANQUES;;;;;;;0;1038,7;1038,7;0;0;1038,7;1038,7;327,27;0;327,27;
;;001;151;16001;60916;2023/001348;2023/151348;FUENTES BEBEDERO EN EL DISTRITO VICÁLVARO. INSTALACIÓN;219;VICALVARO;09;MEDIO AMBIENTE;02;FUENTES Y ESTANQUES;;;;;;;0;1702,18;1702,18;0;0;1702,18;1702,18;536,32;0;536,32;
;;001;151;16001;60916;2023/001348;2023/161348;FUENTES BEBEDERO EN EL DISTRITO SAN BLAS-CANILLEJAS. INSTALACIÓN;220;SAN BLAS-CANILLEJAS;09;MEDIO AMBIENTE;02;FUENTES Y ESTANQUES;;;;;;;0;279,7;279,7;0;0;279,7;279,7;88,12;0;88,12;
;;001;151;16001;60916;2023/001348;2023/171348;FUENTES BEBEDERO EN EL DISTRITO BARAJAS. INSTALACIÓN;221;BARAJAS;09;MEDIO AMBIENTE;02;FUENTES Y ESTANQUES;;;;;;;0;334,74;334,74;0;0;334,74;334,74;105,46;0;105,46;
;;001;151;16001;60916;2025/000393;2025/000393;FUENTES CONMEMORATIVAS DEL ESCUDO HISTÓRICO DE LA CIUDAD DE MADRID;998;VARIOS DISTRITOS;09;MEDIO AMBIENTE;02;FUENTES Y ESTANQUES;;;;;;;0;1658,89;1658,89;1658,89;0;0;0;0;0;0;
;;001;151;16001;60916;2025/000393;2025/010393;FUENTE DUBHE, CONMEMORATIVA ESCUDO HISTÓRICO DE MADRID EN DISTRITO SAN BLAS-CANILLEJAS. INSTALACIÓN;220;SAN BLAS-CANILLEJAS;09;MEDIO AMBIENTE;02;FUENTES Y ESTANQUES;;;;;;;0;15637,91;15637,91;0;0;15637,91;15637,91;15637,91;0;15637,91;
;;001;151;16001;60916;2025/000393;2025/020393;FUENTE MERAK, CONMEMORATIVA ESCUDO HISTÓRICO DE MADRID EN DISTRITO VICÁLVARO. INSTALACIÓN;219;VICALVARO;09;MEDIO AMBIENTE;07;DESARROLLO MEDIO AMBIENTAL, SOSTENIBILIDAD;;;;;;;0;15637,9;15637,9;0;0;15637,9;15637,9;15637,9;0;15637,9;
;;001;151;16001;60916;2025/000393;2025/030393;FUENTE PHECDA, CONMEMORATIVA ESCUDO HISTÓRICO DE MADRID EN DISTRITO PUENTE DE VALLECAS. INSTALACIÓN;213;PUENTE DE VALLECAS;09;MEDIO AMBIENTE;02;FUENTES Y ESTANQUES;;;;;;;0;9979,05;9979,05;0;0;9979,05;9979,05;0;0;0;
;;001;151;16001;60916;2025/000393;2025/040393;FUENTE MEGREZ, CONMEMORATIVA ESCUDO HISTÓRICO DE MADRID EN DISTRITO DE RETIRO. INSTALACIÓN;203;RETIRO;09;MEDIO AMBIENTE;02;FUENTES Y ESTANQUES;;;;;;;0;10628,1;10628,1;0;0;10628,1;10628,1;0;0;0;
;;001;151;16001;60916;2025/000393;2025/050393;FUENTE ALIOTH, CONMEMORATIVA ESCUDO HISTÓRICO DE MADRID EN DISTRITO ARGANZUELA. INSTALACIÓN;202;ARGANZUELA;09;MEDIO AMBIENTE;02;FUENTES Y ESTANQUES;;;;;;;0;11601,66;11601,66;0;0;11601,66;11601,66;0;0;0;
;;001;151;16001;60916;2025/000393;2025/060393;FUENTE MIZAR, CONMEMORATIVA ESCUDO HISTÓRICO DE MADRID EN DISTRITO MONCLOA-ARAVACA. INSTALACIÓN;209;MONCLOA-ARAVACA;09;MEDIO AMBIENTE;02;FUENTES Y ESTANQUES;;;;;;;0;24444,62;24444,62;0;0;24444,62;24444,62;24444,62;0;24444,62;
;;001;151;16001;61916;2025/001183;2025/001183;ESTANQUE Y FUENTE DEL TEMPLO DE DEBOD. OBRAS DE REHABILITACIÓN DE INSTALACIONES;209;MONCLOA-ARAVACA;09;MEDIO AMBIENTE;02;FUENTES Y ESTANQUES;;;;;;;0;55960;55960;0,24;0;55959,76;55959,76;0;0;0;
;;001;151;16001;61999;2019/004321;2019/004321;DEPURADORA DE BUTARQUE CONSOLIDACIÓN DE LOS TERRENOS;217;VILLAVERDE;09;MEDIO AMBIENTE;04;INSTALACIONES PARA LA DEPURACIÓN DEL AGUA;;;;;;;626016;352243,5;978259,5;169288,09;0;808971,41;808971,41;806885,17;0;806885,17;
;;001;151;16070;61999;2024/000227;2024/000227;ALIVIADEROS DE LOS ESTANQUES DE TORMENTAS DE ABROÑIGALES Y LA GAVIA. ADECUACIÓN Y ACONDICIONAMIENTO;218;VILLA DE VALLECAS;09;MEDIO AMBIENTE;03;ALCANTARILLADO Y COLECTORES;;;;;;;2800000;-1308965,18;1491034,82;71,13;0;1490963,69;1490963,69;636088,87;0;636088,87;
;;001;151;16210;63999;2025/001340;2025/001340;PUNTOS LIMPIOS FIJOS DE LA CIUDAD DE MADRID. ADQUISICIÓN DE CONTENEDORES METÁLICOS;998;VARIOS DISTRITOS;09;MEDIO AMBIENTE;05;TRATAMIENTO DE RESIDUOS;;;;;;;0;170000;170000;170000;0;0;0;0;0;0;
;;001;151;16230;62701;2024/001177;2024/001177;CENTRO DE TRATAMIENTO LA PALOMA. OBRAS DE MODERNIZACIÓN Y MEJORA;218;VILLA DE VALLECAS;09;MEDIO AMBIENTE;05;TRATAMIENTO DE RESIDUOS;;;;;;;9891029;0;9891029;0,86;0;9891028,14;9891028,14;6106857,33;0;6106857,33;
2;INCORPORACIONES REMANENTES VOLUNTARIAS;001;151;16230;62701;2021/000001;2021/000001;CENTRO DE TRATAMIENTO  LAS DEHESAS. SISTEMAS DE DESODORIZACIÓN;218;VILLA DE VALLECAS;09;MEDIO AMBIENTE;05;TRATAMIENTO DE RESIDUOS;;;;;;;0;5683562,21;5683562,21;1427440,96;0;4256121,25;4256121,25;3236262,84;0;2339576,28;
;;001;151;16301;60913;2023/003052;2023/003052;ÁREAS INFANTILES DE INTEGRACIÓN. ACTUACIONES DE TRANSFORMACIÓN E INSTALACIÓN (ID 21: 17328);998;VARIOS DISTRITOS;08;MANTENIMIENTO URBANO;01;MOBILIARIO URBANO;;;;;18;PRESUPUESTOS PARTICIPATIVOS;2119383;-2119383;0;0;0;0;0;0;0;0;
;;001;151;16301;60913;2023/003052;2024/004016;ÁREAS INFANTILES INTEGRACIÓN DISTRITO SALAMANCA. TRANSFORMACIÓN E INSTALACIÓN (ID 21: 17328);204;SALAMANCA;08;MANTENIMIENTO URBANO;01;MOBILIARIO URBANO;;;;;18;PRESUPUESTOS PARTICIPATIVOS;0;87172,26;87172,26;0;0;87172,26;87172,26;87172,26;0;87172,26;
;;001;151;16301;60913;2023/003052;2024/004017;ÁREAS INFANTILES INTEGRACIÓN DISTRITO CHAMARTÍN. TRANSFORMACIÓN E INSTALACIÓN (ID 21: 17328);205;CHAMARTIN;08;MANTENIMIENTO URBANO;01;MOBILIARIO URBANO;;;;;18;PRESUPUESTOS PARTICIPATIVOS;0;60464,35;60464,35;0;0;60464,35;60464,35;60464,35;0;60464,35;
;;001;151;16301;60913;2023/003052;2024/004018;ÁREAS INFANTILES INTEGRACIÓN DISTRITO TETUÁN. TRANSFORMACIÓN E INSTALACIÓN (ID 21: 17328);206;TETUAN;08;MANTENIMIENTO URBANO;01;MOBILIARIO URBANO;;;;;18;PRESUPUESTOS PARTICIPATIVOS;0;63304,38;63304,38;0;0;63304,38;63304,38;63304,38;0;63304,38;
;;001;151;16301;60913;2023/003052;2024/004020;ÁREAS INFANTILES INTEGRACIÓN DISTRITO FUENCARRAL. TRANSFORMACIÓN E INSTALACIÓN (ID 21: 17328);208;FUENCARRAL-EL PARDO;08;MANTENIMIENTO URBANO;01;MOBILIARIO URBANO;;;;;18;PRESUPUESTOS PARTICIPATIVOS;0;134179,18;134179,18;0;0;134179,18;134179,18;134179,17;0;134179,17;
;;001;151;16301;60913;2023/003052;2024/004021;ÁREAS INFANTILES INTEGRACIÓN DISTRITO MONCLOA-ARAVACA. TRANSFORMACIÓN E INSTALACIÓN (ID 21: 17328);209;MONCLOA-ARAVACA;08;MANTENIMIENTO URBANO;01;MOBILIARIO URBANO;;;;;18;PRESUPUESTOS PARTICIPATIVOS;0;79394,91;79394,91;0;0;79394,91;79394,91;79394,91;0;79394,91;
;;001;151;16301;60913;2023/003052;2024/004022;ÁREAS INFANTILES INTEGRACIÓN DISTRITO LATINA. TRANSFORMACIÓN E INSTALACIÓN (ID 21: 17328);210;LATINA;08;MANTENIMIENTO URBANO;01;MOBILIARIO URBANO;;;;;18;PRESUPUESTOS PARTICIPATIVOS;0;141063,04;141063,04;0;0;141063,04;141063,04;141063,03;0;141063,03;
;;001;151;16301;60913;2023/003052;2024/004023;ÁREAS INFANTILES INTEGRACIÓN DISTRITO CARABANCHEL. TRANSFORMACIÓN E INSTALACIÓN (ID 21: 17328);211;CARABANCHEL;08;MANTENIMIENTO URBANO;01;MOBILIARIO URBANO;;;;;18;PRESUPUESTOS PARTICIPATIVOS;0;107289,82;107289,82;0;0;107289,82;107289,82;107289,82;0;107289,82;
;;001;151;16301;60913;2023/003052;2024/004024;ÁREAS INFANTILES INTEGRACIÓN DISTRITO USERA. TRANSFORMACIÓN E INSTALACIÓN (ID 21: 17328);212;USERA;08;MANTENIMIENTO URBANO;01;MOBILIARIO URBANO;;;;;18;PRESUPUESTOS PARTICIPATIVOS;0;62349,5;62349,5;0;0;62349,5;62349,5;62349,5;0;62349,5;
;;001;151;16301;60913;2023/003052;2024/004025;ÁREAS INFANTILES INTEGRACIÓN DISTRITO PUENTE VALLECAS. TRANSFORMACIÓN E INSTALACIÓN (ID 21: 17328);213;PUENTE DE VALLECAS;08;MANTENIMIENTO URBANO;01;MOBILIARIO URBANO;;;;;18;PRESUPUESTOS PARTICIPATIVOS;0;114393,43;114393,43;0;0;114393,43;114393,43;114393,42;0;114393,42;
;;001;151;16301;60913;2023/003052;2024/004026;ÁREAS INFANTILES INTEGRACIÓN DISTRITO MORATALAZ. TRANSFORMACIÓN E INSTALACIÓN (ID 21: 17328);214;MORATALAZ;08;MANTENIMIENTO URBANO;01;MOBILIARIO URBANO;;;;;18;PRESUPUESTOS PARTICIPATIVOS;0;188618,34;188618,34;0;0;188618,34;188618,34;188618,33;0;188618,33;
;;001;151;16301;60913;2023/003052;2024/004027;ÁREAS INFANTILES INTEGRACIÓN DISTRITO CIUDAD LINEAL. TRANSFORMACIÓN E INSTALACIÓN (ID 21: 17328);215;CIUDAD LINEAL;08;MANTENIMIENTO URBANO;01;MOBILIARIO URBANO;;;;;18;PRESUPUESTOS PARTICIPATIVOS;0;164798,92;164798,92;0;0;164798,92;164798,92;164798,91;0;164798,91;
;;001;151;16301;60913;2023/003052;2024/004028;ÁREAS INFANTILES INTEGRACIÓN DISTRITO HORTALEZA. TRANSFORMACIÓN E INSTALACIÓN (ID 21: 17328);216;HORTALEZA;08;MANTENIMIENTO URBANO;01;MOBILIARIO URBANO;;;;;18;PRESUPUESTOS PARTICIPATIVOS;0;165573,78;165573,78;0;0;165573,78;165573,78;165573,77;0;165573,77;
;;001;151;16301;60913;2023/003052;2024/004029;ÁREAS INFANTILES INTEGRACIÓN DISTRITO VILLAVERDE. TRANSFORMACIÓN E INSTALACIÓN (ID 21: 17328);217;VILLAVERDE;08;MANTENIMIENTO URBANO;01;MOBILIARIO URBANO;;;;;18;PRESUPUESTOS PARTICIPATIVOS;0;127773,3;127773,3;0;0;127773,3;127773,3;127773,3;0;127773,3;
;;001;151;16301;60913;2023/003052;2024/004030;ÁREAS INFANTILES INTEGRACIÓN DISTRITO VILLA VALLECAS. TRANSFORMACIÓN E INSTALACIÓN (ID 21: 17328);218;VILLA DE VALLECAS;08;MANTENIMIENTO URBANO;01;MOBILIARIO URBANO;;;;;18;PRESUPUESTOS PARTICIPATIVOS;0;74126,37;74126,37;0;0;74126,37;74126,37;74126,37;0;74126,37;
;;001;151;16301;60913;2023/003052;2024/004031;ÁREAS INFANTILES INTEGRACIÓN DISTRITO VICÁLVARO. TRANSFORMACIÓN E INSTALACIÓN (ID 21: 17328);219;VICALVARO;08;MANTENIMIENTO URBANO;01;MOBILIARIO URBANO;;;;;18;PRESUPUESTOS PARTICIPATIVOS;0;175092,28;175092,28;0;0;175092,28;175092,28;175092,27;0;175092,27;
;;001;151;16301;60913;2023/003052;2024/004032;ÁREAS INFANTILES INTEGRACIÓN DISTRITO SAN BLAS. TRANSFORMACIÓN E INSTALACIÓN (ID 21: 17328);220;SAN BLAS-CANILLEJAS;08;MANTENIMIENTO URBANO;01;MOBILIARIO URBANO;;;;;18;PRESUPUESTOS PARTICIPATIVOS;0;172319,13;172319,13;0;0;172319,13;172319,13;172319,13;0;172319,13;
;;001;151;16301;60913;2023/003052;2024/004033;ÁREAS INFANTILES INTEGRACIÓN DISTRITO BARAJAS. TRANSFORMACIÓN E INSTALACIÓN (ID 21: 17328);221;BARAJAS;08;MANTENIMIENTO URBANO;01;MOBILIARIO URBANO;;;;;18;PRESUPUESTOS PARTICIPATIVOS;0;173591,05;173591,05;0;0;173591,05;173591,05;173591,05;0;173591,05;
;;001;151;16301;60913;2024/004011;2024/004011;COLUMPIOS INCLUSIVOS ADAPTADOS EN PARQUES DEL DISTRITO DE ARGANZUELA. INSTALACIÓN (ID 18: 10143);202;ARGANZUELA;08;MANTENIMIENTO URBANO;01;MOBILIARIO URBANO;;;;;18;PRESUPUESTOS PARTICIPATIVOS;43984;0;43984;0,5;13640,08;30343,42;30343,42;30343,42;0;30343,42;
5;FONDO DE REEQUILIBRIO TERRITORIAL;001;151;16301;60913;2023/003025;2023/003025;NUEVOS BANCOS EN PLAZAS, PARQUES, JARDINES Y ÁREAS SINGULARES. INSTALACIÓN (ID 21: 18994);998;VARIOS DISTRITOS;08;MANTENIMIENTO URBANO;01;MOBILIARIO URBANO;;;;;18;PRESUPUESTOS PARTICIPATIVOS;699938;0;699938;0,05;0;699937,95;699937,95;699395,89;0;699395,89;
5;FONDO DE REEQUILIBRIO TERRITORIAL;001;151;16301;60913;2025/005005;2025/005005;ÁREA DE CALISTENIA EN EL BARRIO DE ORCASITAS. INSTALACIÓN (ID 21: 18132);212;USERA;08;MANTENIMIENTO URBANO;01;MOBILIARIO URBANO;;;;;18;PRESUPUESTOS PARTICIPATIVOS;65000;-11079,81;53920,19;0;14359,97;39560,22;39560,22;0;0;0;
;;001;151;16301;61913;2025/000049;2025/000049;ÁREAS DE JUEGO INFANTIL. RENOVACIÓN Y TRANSFORMACIÓN EN ÁREAS INCLUSIVAS;998;VARIOS DISTRITOS;08;MANTENIMIENTO URBANO;01;MOBILIARIO URBANO;;;;;;;1836633;-1836633;0;0;0;0;0;0;0;0;
;;001;151;16301;61913;2025/000051;2025/000051;BANCOS EN LA CIUDAD DE MADRID. ACTUACIONES DE REPOSICIÓN;998;VARIOS DISTRITOS;08;MANTENIMIENTO URBANO;01;MOBILIARIO URBANO;;;;;;;699938;-699938;0;0;0;0;0;0;0;0;
;;001;151;16301;62300;2025/001074;2025/001074;ALMACÉN MUNICIPAL DE MOBILIARIO URBANO, CALLE AHUMAOS, 27 B. CARRETILLA ELEVADORA;998;VARIOS DISTRITOS;08;MANTENIMIENTO URBANO;01;MOBILIARIO URBANO;;;;;;;0;18148;18148;3204,5;0;14943,5;14943,5;14943,5;0;14943,5;
5;FONDO DE REEQUILIBRIO TERRITORIAL;001;151;17101;61920;2019/000615;2019/000615;CAÑADA DEL SANTÍSIMO REHABILITACIÓN ZONAS VERDES;218;VILLA DE VALLECAS;09;MEDIO AMBIENTE;01;ZONAS AJARDINADAS;;;17;FONDO REEQUILIBRIO TERRITORIAL;;;1165000;0;1165000;84636,53;209532;870831,47;870831,47;785601,73;0;785601,73;
6;GFA SUPLEMENTOS Y CRÉDITOS EXTRAORD.;001;151;17101;61920;2022/000632;2022/000632;PARQUES DE LA CIUDAD DE MADRID. PLANTACIONES ARBÓREAS PARA COMPENSACIÓN EMISIONES CO2;998;VARIOS DISTRITOS;09;MEDIO AMBIENTE;00;PARQUES;;;;;;;0;124,87;124,87;124,87;0;0;0;0;0;0;
6;GFA SUPLEMENTOS Y CRÉDITOS EXTRAORD.;001;151;17101;61920;2022/000632;2025/001198;PARQUE FORESTAL VALDEBEBAS, DISTRITO HORTALEZA. PLANTACIONES ARBÓREAS COMPENSACIÓN EMISIONES CO2;216;HORTALEZA;09;MEDIO AMBIENTE;00;PARQUES;;;;;;;0;95875,13;95875,13;0;0;95875,13;95875,13;3092,76;0;3092,76;
5;FONDO DE REEQUILIBRIO TERRITORIAL;001;151;17101;61913;2023/003039;2023/003039;PARQUE DEHESA DE LA VILLA. MODERNIZACIÓN ÁREAS INFANTILES (ID 21: 18084);209;MONCLOA-ARAVACA;08;MANTENIMIENTO URBANO;01;MOBILIARIO URBANO;;;;;18;PRESUPUESTOS PARTICIPATIVOS;650000;-53015,87;596984,13;0;0;596984,13;596984,13;0;0;0;
;;001;151;17101;61920;2017/000244;2017/000244;PARQUE DE LA CASA DE CAMPO. ACTUACIONES DE REHABILITACIÓN;209;MONCLOA-ARAVACA;09;MEDIO AMBIENTE;00;PARQUES;;;;;;;1509818;0;1509818;0;0;1509818;1509818;1493543,79;0;1493543,79;
;;001;151;17101;61920;2022/000632;2022/000632;PARQUES DE LA CIUDAD DE MADRID. PLANTACIONES ARBÓREAS PARA COMPENSACIÓN EMISIONES CO2;998;VARIOS DISTRITOS;09;MEDIO AMBIENTE;00;PARQUES;;;;;;;0;50186;50186;50186;0;0;0;0;0;0;
;;001;151;17101;61920;2022/001432;2022/001432;JARDÍN HISTÓRICO EL CAPRICHO ALAMEDA DE OSUNA. RESTAURACIÓN FORTÍN Y CASINO DE BAILE;221;BARAJAS;09;MEDIO AMBIENTE;00;PARQUES;;;;;;;829523;-173951;655572;0,06;0;655571,94;655571,94;380495,76;0;298623,7;
;;001;151;17101;61920;2024/001099;2024/001099;VIVERO MUNICIPAL DE MIGAS CALIENTES. REHABILITACIÓN DE INFRAESTRUCTURAS;209;MONCLOA-ARAVACA;09;MEDIO AMBIENTE;00;PARQUES;;;;;;;362365;0;362365;16692,39;39637,9;306034,71;306034,71;3807,65;0;0;
1;INCORPORACIONES REMANENTES OBLIGATORIAS;001;151;17101;61920;2022/000632;2022/000632;PARQUES DE LA CIUDAD DE MADRID. PLANTACIONES ARBÓREAS PARA COMPENSACIÓN EMISIONES CO2;998;VARIOS DISTRITOS;09;MEDIO AMBIENTE;00;PARQUES;;;;;;;0;24905,69;24905,69;24905,69;0;0;0;0;0;0;
5;FONDO DE REEQUILIBRIO TERRITORIAL;001;151;17102;60922;2025/005007;2025/005007;BOSQUE URBANO EN EL PARQUE DE CARLOS SOLÉ. ÁRBOLES SINGULARES CON CAJAS NIDO (ID 19: 15341);213;PUENTE DE VALLECAS;09;MEDIO AMBIENTE;00;PARQUES;;;;;18;PRESUPUESTOS PARTICIPATIVOS;40000;-3362,71;36637,29;0;0;36637,29;36637,29;0;0;0;
;;001;151;17102;61920;2022/000553;2022/000553;PARQUE PINAR DEL REY. OBRAS DE REMODELACIÓN INTEGRAL;216;HORTALEZA;09;MEDIO AMBIENTE;00;PARQUES;;;;;;;1081064;112174;1193238;0,41;0;1193237,59;1193237,59;1193237,57;0;1193237,57;
;;001;151;17102;61920;2022/001463;2022/001463;PARQUE LA VIÑA. OBRAS DE REHABILITACIÓN;213;PUENTE DE VALLECAS;09;MEDIO AMBIENTE;00;PARQUES;;;;;;;1316975;-215046,84;1101928,16;0;0;1101928,16;1101928,16;1101926,52;0;1101926,52;
;;001;151;17102;61920;2022/001464;2022/001464;PARQUE DE VALDEBERNARDO. OBRAS DE REMODELACIÓN;219;VICALVARO;09;MEDIO AMBIENTE;00;PARQUES;;;;;;;954662;-141105,95;813556,05;9742,11;0;803813,94;803813,94;803812,54;0;803812,54;
;;001;151;17102;61920;2022/001467;2022/001467;PARQUE PINAR DE LA ELIPA. OBRAS DE MEJORA (ID 18: 10392);215;CIUDAD LINEAL;09;MEDIO AMBIENTE;00;PARQUES;;;;;18;PRESUPUESTOS PARTICIPATIVOS;0;135187,64;135187,64;0;0;135187,64;135187,64;135187,64;0;135187,64;
;;001;151;17102;61920;2024/001327;2024/001327;PARQUE FORESTAL MONTECARMELO. PLANTACIONES ARBÓREAS;208;FUENCARRAL-EL PARDO;09;MEDIO AMBIENTE;00;PARQUES;;;;;;;96931;0;96931;0,74;0;96930,26;96930,26;96735,57;0;96735,57;
;;001;151;17102;61920;2024/001347;2024/001347;ZONAS VERDES AVENIDA SANTUARIO DE VALVERDE. PLANTACIONES ARBÓREAS;208;FUENCARRAL-EL PARDO;09;MEDIO AMBIENTE;01;ZONAS AJARDINADAS;;;;;;;78569;0;78569;1,51;0;78567,49;78567,49;43930,28;0;43930,28;
;;001;151;17102;61920;2025/001085;2025/001085;ZONA VERDE EN CALLE DÉDALO. EJECUCIÓN PARQUE BIOCONECTA;220;SAN BLAS-CANILLEJAS;09;MEDIO AMBIENTE;00;PARQUES;;;;;;;0;10940;10940;0,91;0;10939,09;10939,09;10939,09;0;10939,09;
;;001;151;17102;61920;2025/001261;2025/001261;PARQUE DE PEÑUELAS. OBRAS DE REHABILITACIÓN;202;ARGANZUELA;09;MEDIO AMBIENTE;00;PARQUES;;;;;;;0;30000;30000;56,53;0;29943,47;29943,47;29943,47;0;29943,47;
;;001;151;17102;61920;2025/001262;2025/001262;PARQUE FUENTELARREINA. OBRAS DE REHABILITACIÓN;208;FUENCARRAL-EL PARDO;09;MEDIO AMBIENTE;00;PARQUES;;;;;;;0;25000;25000;15,17;0;24984,83;24984,83;24984,83;0;24984,83;
;;001;151;17102;61920;2025/001322;2025/001322;PARQUE DEL ESPINILLO. OBRAS DE INSTALACIÓN DE SISTEMA DE TELEGESTIÓN DEL RIEGO;217;VILLAVERDE;09;MEDIO AMBIENTE;00;PARQUES;;;;;;;0;11207,15;11207,15;0;0;11207,15;11207,15;0;0;0;
;;001;151;17102;61920;2025/001442;2025/001442;CERRO ALMODÓVAR. ACTUACIÓN PILOTO DE RESTAURACIÓN PARA FOMENTO DE LA BIODIVERSIDAD;219;VICALVARO;09;MEDIO AMBIENTE;00;PARQUES;;;;;;;0;42584;42584;258,2;0;42325,8;42325,8;0;0;0;
5;FONDO DE REEQUILIBRIO TERRITORIAL;001;151;17102;61920;2022/001467;2022/001467;PARQUE PINAR DE LA ELIPA. OBRAS DE MEJORA (ID 18: 10392);215;CIUDAD LINEAL;09;MEDIO AMBIENTE;00;PARQUES;;;;;18;PRESUPUESTOS PARTICIPATIVOS;1296174;0;1296174;0,78;0;1296173,22;1296173,22;1296173,2;0;1296173,2;
5;FONDO DE REEQUILIBRIO TERRITORIAL;001;151;17102;61920;2023/003032;2023/003032;ZONA FORESTAL MONTECARMELO: M-607 KM.13-GTA.VENTISQUERO DE LA CONDESA.REHABILITACIÓN (ID 21: 17548);208;FUENCARRAL-EL PARDO;09;MEDIO AMBIENTE;00;PARQUES;;;;;18;PRESUPUESTOS PARTICIPATIVOS;205000;0;205000;0;51200;153800;153800;1003,54;0;1003,54;
5;FONDO DE REEQUILIBRIO TERRITORIAL;001;151;17102;61920;2024/001079;2024/001079;PARQUE CERRO ALMODÓVAR. OBRAS DE REHABILITACIÓN INTEGRAL;210;LATINA;09;MEDIO AMBIENTE;00;PARQUES;;;17;FONDO REEQUILIBRIO TERRITORIAL;;;205000;0;205000;0;46860;158140;158140;984,18;0;984,18;
5;FONDO DE REEQUILIBRIO TERRITORIAL;001;151;17102;61920;2024/001149;2024/001149;PARQUE DE LAS CRUCES, DISTRITO DE LATINA. REHABILITACIÓN;210;LATINA;09;MEDIO AMBIENTE;00;PARQUES;;;17;FONDO REEQUILIBRIO TERRITORIAL;;;205000;0;205000;0;50780;154220;154220;0;0;0;
5;FONDO DE REEQUILIBRIO TERRITORIAL;001;151;17102;61920;2025/005010;2025/005010;"PARQUE ALCALDE J.LUIS ÁLVAREZ Y ÁLVAREZ.ZONAS ESTANCIALES,CANINAS Y PAISAJÍSTICA(ID 18:11555;11559)";216;HORTALEZA;09;MEDIO AMBIENTE;00;PARQUES;;;;;18;PRESUPUESTOS PARTICIPATIVOS;0;481372,52;481372,52;41077,07;0;440295,45;440295,45;21370,95;0;21370,95;
;;001;151;17102;61921;2025/001053;2025/001053;ZONA VERDE EN EL CAÑAVERAL. TRASLADO Y ADECUACIÓN DE PARQUE CANINO;219;VICALVARO;09;MEDIO AMBIENTE;01;ZONAS AJARDINADAS;;;;;;;0;15306,38;15306,38;15306,38;0;0;0;0;0;0;
;;001;151;17102;61921;2025/001363;2025/001363;ZONA VERDE AVENIDA DAROCA. OBRAS DE ACONDICIONAMIENTO TALUDES Y AJARDINAMIENTO;215;CIUDAD LINEAL;09;MEDIO AMBIENTE;01;ZONAS AJARDINADAS;;;;;;;0;9693,62;9693,62;0;0;9693,62;9693,62;9693,62;0;9693,62;
5;FONDO DE REEQUILIBRIO TERRITORIAL;001;151;17102;61921;2019/009152;2019/009152;JARDÍN CON ESPECIES DE ECOSISTEMAS MEDITERRÁNEOS ENTRE C/GÉMINIS Y ORIÓN. PLANTACIÓN (ID: 11330);221;BARAJAS;09;MEDIO AMBIENTE;01;ZONAS AJARDINADAS;;;;;18;PRESUPUESTOS PARTICIPATIVOS;0;14673;14673;0,62;0;14672,38;14672,38;14672,38;0;14672,38;
5;FONDO DE REEQUILIBRIO TERRITORIAL;001;151;17102;61921;2023/003031;2023/003031;ZONAS VERDES ENSANCHE DE VALLECAS. CAMINOS, ZONAS ESTANCIALES Y OTRAS MEJORAS(ID 21: 17461);218;VILLA DE VALLECAS;09;MEDIO AMBIENTE;01;ZONAS AJARDINADAS;;;17;FONDO REEQUILIBRIO TERRITORIAL;18;PRESUPUESTOS PARTICIPATIVOS;205000;0;205000;0;50380;154620;154620;982,12;0;982,12;
5;FONDO DE REEQUILIBRIO TERRITORIAL;001;151;17102;61921;2023/003036;2023/003036;ZONA VERDE EN EL BARRIO DE REJAS. OBRAS DE ACONDICIONAMIENTO (ID 21: 17683);220;SAN BLAS-CANILLEJAS;09;MEDIO AMBIENTE;01;ZONAS AJARDINADAS;;;;;18;PRESUPUESTOS PARTICIPATIVOS;820000;-14673;805327;281732,19;0;523594,81;523594,81;522145,5;0;522145,5;
5;FONDO DE REEQUILIBRIO TERRITORIAL;001;151;17102;61921;2023/003040;2023/003040;MURO Y TERRAPLÉN EN ZONA VERDE CALLE MIRASIERRA. REPARACIÓN Y TRATAMIENTO DE TALUD (ID 21:18593);212;USERA;09;MEDIO AMBIENTE;01;ZONAS AJARDINADAS;;;;;18;PRESUPUESTOS PARTICIPATIVOS;250000;0;250000;75174,41;0;174825,59;174825,59;174825,58;0;174825,58;
5;FONDO DE REEQUILIBRIO TERRITORIAL;001;151;17102;61921;2025/001039;2025/001039;ZONAS VERDES BARRIO DE ORCASITAS, DISTRITO DE USERA. OBRAS DE REHABILITACIÓN;212;USERA;09;MEDIO AMBIENTE;01;ZONAS AJARDINADAS;;;17;FONDO REEQUILIBRIO TERRITORIAL;;;0;40000;40000;52,38;0;39947,62;39947,62;39947,62;0;39947,62;
5;FONDO DE REEQUILIBRIO TERRITORIAL;001;151;17102;61921;2025/001043;2025/001043;ZONAS VERDES EN LAS TABLAS, DISTRITO FUENCARRAL-EL PARDO. OBRAS DE REHABILITACIÓN;208;FUENCARRAL-EL PARDO;09;MEDIO AMBIENTE;01;ZONAS AJARDINADAS;;;17;FONDO REEQUILIBRIO TERRITORIAL;;;0;20000;20000;4,01;0;19995,99;19995,99;19995,98;0;19995,98;
;;001;161;15200;62301;2025/001051;2025/001051;LOCAL OFICINA VERDE ÁREA VIVIENDA, C/ BUSTAMANTE, 30. INSTALACIONES DE SEGURIDAD;999;NO DISTRITALIZABLE;00;INVERSIONES DE CARÁCTER GENERAL;01;SERVICIOS ADMINISTRATIVOS CENTRALES;;;;;;;0;7865;7865;1413,67;0;6451,33;6451,33;2837,45;0;2837,45;
;;001;161;15200;62301;2025/001136;2025/001136;SERVICIOS ADMINISTRATIVOS DEL ÁREA DE POLÍTICAS DE VIVIENDA. INSTALACIONES TÉCNICAS;999;NO DISTRITALIZABLE;00;INVERSIONES DE CARÁCTER GENERAL;01;SERVICIOS ADMINISTRATIVOS CENTRALES;;;;;;;0;39644;39644;1054,2;0;38589,8;38589,8;38589,8;0;38589,8;
;;001;161;15200;62302;2025/001167;2025/001167;EQUIPAMIENTO SERVICIOS OFICINA VERDE DEL ÁREA DE VIVIENDA;999;NO DISTRITALIZABLE;00;INVERSIONES DE CARÁCTER GENERAL;01;SERVICIOS ADMINISTRATIVOS CENTRALES;;;;;;;0;242;242;23;0;219;219;219;0;219;
;;001;161;15200;62500;2025/001132;2025/001132;SERVICIOS ADMINISTRATIVOS DEL ÁREA DE POLÍTICAS DE VIVIENDA. MOBILIARIO Y EQUIPOS DE OFICINA;999;NO DISTRITALIZABLE;00;INVERSIONES DE CARÁCTER GENERAL;01;SERVICIOS ADMINISTRATIVOS CENTRALES;;;;;;;0;174915;174915;65764,53;1264,45;107886,02;107886,02;107885,92;0;107885,92;
;;001;161;15200;62599;2024/001178;2024/001178;EQUIPAMIENTO SERVICIOS ADMINISTRATIVOS DEL ÁREA DE POLÍTICAS DE VIVIENDA;999;NO DISTRITALIZABLE;00;INVERSIONES DE CARÁCTER GENERAL;01;SERVICIOS ADMINISTRATIVOS CENTRALES;;;;;;;18000;0;18000;5100,14;0;12899,86;12899,86;12899,86;0;12899,86;
;;001;161;15200;62601;2024/001178;2024/001178;EQUIPAMIENTO SERVICIOS ADMINISTRATIVOS DEL ÁREA DE POLÍTICAS DE VIVIENDA;999;NO DISTRITALIZABLE;00;INVERSIONES DE CARÁCTER GENERAL;01;SERVICIOS ADMINISTRATIVOS CENTRALES;;;;;;;0;1500;1500;354,61;0;1145,39;1145,39;1145,39;0;1145,39;
5;FONDO DE REEQUILIBRIO TERRITORIAL;001;161;15230;61904;2022/000510;2022/000510;OBRAS DE URBANIZACIÓN ESPACIOS INTERBLOQUE PLAN ESPECIAL COLONIA URPISA;218;VILLA DE VALLECAS;06;URBANISMO;01;URBANIZACIÓN SUELO A CARGO DEL AYUNTAMIENTO;;;17;FONDO REEQUILIBRIO TERRITORIAL;;;1292266;179258,51;1471524,51;174746,68;0;1296777,83;1296777,83;946407,51;0;942701,93;
;;001;161;15230;62599;2025/001427;2025/001427;SERVICIO DE REGENERACIÓN URBANA. SOPORTES PARA PRESENTACIÓN PLAN REGENERA MADRID (BANNERS);999;NO DISTRITALIZABLE;00;INVERSIONES DE CARÁCTER GENERAL;01;SERVICIOS ADMINISTRATIVOS CENTRALES;;;;;;;0;640;640;27,74;0;612,26;612,26;0;0;0;
;;001;161;15230;61904;2022/000469;2022/000469;OBRAS DE URBANIZACIÓN ESPACIOS INTERBLOQUE PLAN ESPECIAL ROGER DE FLOR;211;CARABANCHEL;06;URBANISMO;01;URBANIZACIÓN SUELO A CARGO DEL AYUNTAMIENTO;;;17;FONDO REEQUILIBRIO TERRITORIAL;;;0;23823,52;23823,52;0;0;23823,52;23823,52;20420,16;0;20420,16;
;;001;161;15230;61904;2022/000510;2022/000510;OBRAS DE URBANIZACIÓN ESPACIOS INTERBLOQUE PLAN ESPECIAL COLONIA URPISA;218;VILLA DE VALLECAS;06;URBANISMO;01;URBANIZACIÓN SUELO A CARGO DEL AYUNTAMIENTO;;;17;FONDO REEQUILIBRIO TERRITORIAL;;;0;202770;202770;1,6;0;202768,4;202768,4;0;0;0;
;;001;161;15230;61904;2023/001400;2023/001400;POLÍGONOS E,I,Z,MORATALÁZ,ÁREAS PREFERENTES DE IMPULSO A LA REGENERACIÓN URBANA 14.03. RENOVACIÓN;214;MORATALAZ;06;URBANISMO;01;URBANIZACIÓN SUELO A CARGO DEL AYUNTAMIENTO;;;;;;;666976;577420;1244396;102590,72;0;1141805,28;1141805,28;635125,16;0;631419,58;
;;001;161;15230;61904;2024/000414;2024/000414;APE 12.05 CALLES DE JOSÉ ANESPERE, MERCEDES MANJÓN Y JUAN ESPAÑOL. ACTUACIONES DE REGENERCIÓN URBANA;212;USERA;06;URBANISMO;01;URBANIZACIÓN SUELO A CARGO DEL AYUNTAMIENTO;;;;;;;604541;-15494,64;589046,36;203601,36;0;385445;385445;10622,69;0;10622,69;
;;001;161;15230;61904;2024/000415;2024/000415;CORNISA DE ORCASITAS, DISTRITO DE USERA. ACTUACIONES DE REGENERCIÓN URBANA;212;USERA;06;URBANISMO;01;URBANIZACIÓN SUELO A CARGO DEL AYUNTAMIENTO;;;;;;;17500;-17500;0;0;0;0;0;0;0;0;
;;001;161;15230;61904;2024/001060;2024/001060;PLAZA ANEXA AL COLEGIO PÚBLICO SAGUNTO. ÁREA PREFERENTE DE IMPULSO A LA REGENERACIÓN URBANA 17.01.;217;VILLAVERDE;06;URBANISMO;01;URBANIZACIÓN SUELO A CARGO DEL AYUNTAMIENTO;;;;;;;706976;399893;1106869;136294,57;0;970574,43;970574,43;36811,91;0;33106,33;
;;001;161;15230;61904;2024/001061;2024/001061;CALLE PATERNA JUNTO AL COLEGIO PÚBLICO SAGUNTO. ACTUACIONES DE REGENERACIÓN URBANA;217;VILLAVERDE;06;URBANISMO;01;URBANIZACIÓN SUELO A CARGO DEL AYUNTAMIENTO;;;;;;;806976;205000;1011976;64626,24;0;947349,76;947349,76;693562,29;0;689856,71;
;;001;161;15230;61904;2024/001320;2024/001320;ÁREA REHABILITACIÓN SANTA ANA, FUENCARRAL. REGENERACIÓN Y RENOVACIÓN URBANA;208;FUENCARRAL-EL PARDO;06;URBANISMO;01;URBANIZACIÓN SUELO A CARGO DEL AYUNTAMIENTO;;;;;;;13911;0;13911;13911;0;0;0;0;0;0;
;;001;161;15230;61904;2024/001323;2024/001323;ÁREA REHABILITACIÓN COLONIA FERROVIARIOS,(C/ELDA,DIAMANTE Y JUAN JOSÉ MTNZ.SECO).REGENERACIÓN URBANA;217;VILLAVERDE;06;URBANISMO;01;URBANIZACIÓN SUELO A CARGO DEL AYUNTAMIENTO;;;;;;;17500;-17500;0;0;0;0;0;0;0;0;
;;001;161;15230;61904;2025/000342;2025/000342;CALLE DEL IBOR Y ENTORNO, BARRIO DE ENTREVÍAS. ACTUACIONES DE REGENERACIÓN URBANA;213;PUENTE DE VALLECAS;06;URBANISMO;01;URBANIZACIÓN SUELO A CARGO DEL AYUNTAMIENTO;;;;;;;17500;27500;45000;45000;0;0;0;0;0;0;
;;001;161;15230;61904;2025/000343;2025/000343;CALLE DE LA HUERTA DEL CONVENTO, CASCO HISTÓRICO DE VICÁLVARO. ACTUACIONES DE REGENERACIÓN URBANA;219;VICALVARO;06;URBANISMO;01;URBANIZACIÓN SUELO A CARGO DEL AYUNTAMIENTO;;;;;;;17500;4639,77;22139,77;0;0;22139,77;22139,77;0;0;0;
;;001;161;15230;61904;2025/000344;2025/000344;CALLE DE VERDAGUER Y GARCÍA, BARRIO SAN PASCUAL DE LA ALEGRÍA. ACTUACIONES DE REGENERACIÓN URBANA;215;CIUDAD LINEAL;06;URBANISMO;01;URBANIZACIÓN SUELO A CARGO DEL AYUNTAMIENTO;;;;;;;17500;5771,83;23271,83;0;0;23271,83;23271,83;12411,63;0;12411,63;
;;001;161;15230;61904;2025/000345;2025/000345;CALLE DE BUJALANCE, COLONIA DEL CERRO BERMEJO. ACTUACIONES DE REGENERACIÓN URBANA;210;LATINA;06;URBANISMO;01;URBANIZACIÓN SUELO A CARGO DEL AYUNTAMIENTO;;;;;;;1647811;-1647811;0;0;0;0;0;0;0;0;
;;001;161;15230;61904;2025/000348;2025/000348;CALLE DE LA HACIENDA DE PAVONES, BARRIO PAVONES-LAS LATAS. ACTUACIONES DE REGENERACIÓN URBANA;214;MORATALAZ;06;URBANISMO;01;URBANIZACIÓN SUELO A CARGO DEL AYUNTAMIENTO;;;;;;;17500;3144,25;20644,25;0;0;20644,25;20644,25;15139,12;0;15139,12;
;;001;161;15230;61904;2025/000349;2025/000349;CALLE DE SAN PEDRO DE CARDEÑA, MANOTERAS SUR. ACTUACIONES DE REGENERACIÓN URBANA;216;HORTALEZA;06;URBANISMO;01;URBANIZACIÓN SUELO A CARGO DEL AYUNTAMIENTO;;;;;;;1647811;-577420;1070391;1045740,55;0;24650,45;24650,45;18734,31;0;18734,31;
;;001;161;15230;61904;2025/001024;2025/001024;PARQUE JUAN CARMONA “HABICHUELA” EN ACCESO A LA CASA DE CAMPO. ACTUACIONES DE REGENERACIÓN URBANA;210;LATINA;06;URBANISMO;01;URBANIZACIÓN SUELO A CARGO DEL AYUNTAMIENTO;;;;;;;0;800000,34;800000,34;773669;0;26331,34;26331,34;20538,45;0;20538,45;
;;001;161;15230;61904;2025/001383;2025/001383;PARCELA G, DISTRITO SAN BLAS-CANILLEJAS, CALLES DEPORTISTAS, ALBAIDA Y OTRAS. REGENERACIÓN URBANA;220;SAN BLAS-CANILLEJAS;06;URBANISMO;01;URBANIZACIÓN SUELO A CARGO DEL AYUNTAMIENTO;;;;;;;0;25762,93;25762,93;17690,55;0;8072,38;8072,38;0;0;0;
5;FONDO DE REEQUILIBRIO TERRITORIAL;001;161;15230;61904;2022/000469;2022/000469;OBRAS DE URBANIZACIÓN ESPACIOS INTERBLOQUE PLAN ESPECIAL ROGER DE FLOR;211;CARABANCHEL;06;URBANISMO;01;URBANIZACIÓN SUELO A CARGO DEL AYUNTAMIENTO;;;17;FONDO REEQUILIBRIO TERRITORIAL;;;0;847741,49;847741,49;847741,49;0;0;0;0;0;0;
;;001;180;23100;62301;2024/000052;2024/000052;SERVICIOS ÁREA DE POLÍTICAS SOCIALES, FAMILIA E IGUALDAD. INSTALACIONES TÉCNICAS;999;NO DISTRITALIZABLE;00;INVERSIONES DE CARÁCTER GENERAL;01;SERVICIOS ADMINISTRATIVOS CENTRALES;;;;;;;0;10285,24;10285,24;0;0;10285,24;10285,24;7835,97;0;7835,97;
;;001;180;23100;62301;2025/000071;2025/000071;SERVICIOS ÁREA DE POLÍTICAS SOCIALES, FAMILIA E IGUALDAD. INSTALACIONES TÉCNICAS;999;NO DISTRITALIZABLE;00;INVERSIONES DE CARÁCTER GENERAL;01;SERVICIOS ADMINISTRATIVOS CENTRALES;;;;;;;26000;37714,76;63714,76;469,4;0;63245,36;60441,41;7166,1;0;7166,1;
;;001;180;23100;62500;2025/000069;2025/000069;EQUIPAMIENTO SERVICIOS ÁREA DE POLÍTICAS SOCIALES, FAMILIA E IGUALDAD;999;NO DISTRITALIZABLE;00;INVERSIONES DE CARÁCTER GENERAL;01;SERVICIOS ADMINISTRATIVOS CENTRALES;;;;;;;5000;35400;40400;1344,63;0;39055,37;392,65;392,65;0;392,65;
2;INCORPORACIONES REMANENTES VOLUNTARIAS;001;180;23100;62500;2024/000060;2024/000060;EQUIPAMIENTO SERVICIOS ÁREA DE POLÍTICAS SOCIALES, FAMILIA E IGUALDAD;999;NO DISTRITALIZABLE;00;INVERSIONES DE CARÁCTER GENERAL;01;SERVICIOS ADMINISTRATIVOS CENTRALES;;;;;;;0;6484,34;6484,34;0;0;6484,34;6484,34;6484,34;0;6484,34;
;;001;180;23100;62599;2025/000069;2025/000069;EQUIPAMIENTO SERVICIOS ÁREA DE POLÍTICAS SOCIALES, FAMILIA E IGUALDAD;999;NO DISTRITALIZABLE;00;INVERSIONES DE CARÁCTER GENERAL;01;SERVICIOS ADMINISTRATIVOS CENTRALES;;;;;;;52500;-36119,9;16380,1;9487,8;0;6892,3;6892,3;3162,84;0;3162,84;
;;001;180;23100;62601;2025/000069;2025/000069;EQUIPAMIENTO SERVICIOS ÁREA DE POLÍTICAS SOCIALES, FAMILIA E IGUALDAD;999;NO DISTRITALIZABLE;00;INVERSIONES DE CARÁCTER GENERAL;01;SERVICIOS ADMINISTRATIVOS CENTRALES;;;;;;;4000;0;4000;4000;0;0;0;0;0;0;
;;001;180;23100;62901;2025/000070;2025/000070;SERVICIOS ÁREA DE POLÍTICAS SOCIALES, FAMILIA E IGUALDAD. SEÑALIZACIÓN;999;NO DISTRITALIZABLE;00;INVERSIONES DE CARÁCTER GENERAL;01;SERVICIOS ADMINISTRATIVOS CENTRALES;;;;;;;4000;0;4000;4000;0;0;0;0;0;0;
;;001;180;23100;63301;2025/000071;2025/000071;SERVICIOS ÁREA DE POLÍTICAS SOCIALES, FAMILIA E IGUALDAD. INSTALACIONES TÉCNICAS;999;NO DISTRITALIZABLE;00;INVERSIONES DE CARÁCTER GENERAL;01;SERVICIOS ADMINISTRATIVOS CENTRALES;;;;;;;301000;-7868,83;293131,17;47190,76;16979,86;228960,55;153610,28;14377,22;0;14377,22;
;;001;180;23100;63500;2025/000069;2025/000069;EQUIPAMIENTO SERVICIOS ÁREA DE POLÍTICAS SOCIALES, FAMILIA E IGUALDAD;999;NO DISTRITALIZABLE;00;INVERSIONES DE CARÁCTER GENERAL;01;SERVICIOS ADMINISTRATIVOS CENTRALES;;;;;;;5000;1000;6000;658,66;0;5341,34;0;0;0;0;
2;INCORPORACIONES REMANENTES VOLUNTARIAS;001;180;23100;63500;2024/000060;2024/000060;EQUIPAMIENTO SERVICIOS ÁREA DE POLÍTICAS SOCIALES, FAMILIA E IGUALDAD;999;NO DISTRITALIZABLE;00;INVERSIONES DE CARÁCTER GENERAL;01;SERVICIOS ADMINISTRATIVOS CENTRALES;;;;;;;0;2607,07;2607,07;0;0;2607,07;2607,07;2607,07;0;2607,07;
;;001;180;23100;63901;2025/000070;2025/000070;SERVICIOS ÁREA DE POLÍTICAS SOCIALES, FAMILIA E IGUALDAD. SEÑALIZACIÓN;999;NO DISTRITALIZABLE;00;INVERSIONES DE CARÁCTER GENERAL;01;SERVICIOS ADMINISTRATIVOS CENTRALES;;;;;;;5000;-1000;4000;3770,1;0;229,9;229,9;0;0;0;
;;001;180;23102;62500;2025/000052;2025/000052;EQUIPAMIENTO CENTROS DE FAMILIA E INFANCIA;998;VARIOS DISTRITOS;03;PROTECCIÓN Y PROMOCIÓN SOCIAL;03;INFANCIA Y FAMILIA;;;;;;;0;3255;3255;3255;0;0;0;0;0;0;
;;001;180;23102;62599;2025/000052;2025/000052;EQUIPAMIENTO CENTROS DE FAMILIA E INFANCIA;998;VARIOS DISTRITOS;03;PROTECCIÓN Y PROMOCIÓN SOCIAL;03;INFANCIA Y FAMILIA;;;;;;;100000;-93061,89;6938,11;6938,11;0;0;0;0;0;0;
;;001;180;23102;62599;2025/000052;2025/010052;EQUIPAMIENTO PUNTO DE ENCUENTRO FAMILIAR 2;210;LATINA;03;PROTECCIÓN Y PROMOCIÓN SOCIAL;03;INFANCIA Y FAMILIA;;;;;;;0;1374,44;1374,44;0;0;1374,44;1374,44;449,15;0;449,15;
;;001;180;23102;62599;2025/000052;2025/020052;EQUIPAMIENTO PUNTO DE ENCUENTRO FAMILIAR 3;998;VARIOS DISTRITOS;03;PROTECCIÓN Y PROMOCIÓN SOCIAL;03;INFANCIA Y FAMILIA;;;;;;;0;449,15;449,15;0;0;449,15;449,15;449,15;0;449,15;
;;001;180;23102;62599;2025/000052;2025/030052;EQUIPAMIENTO CENTRO DE APOYO A LAS FAMILIAS 1;998;VARIOS DISTRITOS;03;PROTECCIÓN Y PROMOCIÓN SOCIAL;03;INFANCIA Y FAMILIA;;;;;;;0;449,15;449,15;0;0;449,15;449,15;449,15;0;449,15;
;;001;180;23102;62599;2025/000052;2025/040052;EQUIPAMIENTO CENTRO DE APOYO A LAS FAMILIAS 2;998;VARIOS DISTRITOS;03;PROTECCIÓN Y PROMOCIÓN SOCIAL;03;INFANCIA Y FAMILIA;;;;;;;0;120,05;120,05;0;0;120,05;120,05;120,05;0;120,05;
;;001;180;23102;62599;2025/000052;2025/050052;EQUIPAMIENTO CENTRO DE APOYO A LAS FAMILIAS 3;998;VARIOS DISTRITOS;03;PROTECCIÓN Y PROMOCIÓN SOCIAL;03;INFANCIA Y FAMILIA;;;;;;;0;449,15;449,15;0;0;449,15;449,15;449,15;0;449,15;
;;001;180;23102;62599;2025/000052;2025/060052;EQUIPAMIENTO CENTRO DE APOYO A LAS FAMILIAS 4;998;VARIOS DISTRITOS;03;PROTECCIÓN Y PROMOCIÓN SOCIAL;03;INFANCIA Y FAMILIA;;;;;;;0;569,18;569,18;0;0;569,18;569,18;569,18;0;569,18;
;;001;180;23102;62599;2025/000052;2025/070052;EQUIPAMIENTO CENTRO DE APOYO A LAS FAMILIAS 5;998;VARIOS DISTRITOS;03;PROTECCIÓN Y PROMOCIÓN SOCIAL;03;INFANCIA Y FAMILIA;;;;;;;0;449,15;449,15;0;0;449,15;449,15;449,15;0;449,15;
;;001;180;23102;62599;2025/000052;2025/080052;EQUIPAMIENTO CENTRO DE APOYO A LAS FAMILIAS 6;998;VARIOS DISTRITOS;03;PROTECCIÓN Y PROMOCIÓN SOCIAL;03;INFANCIA Y FAMILIA;;;;;;;0;120,03;120,03;0;0;120,03;120,03;120,03;0;120,03;
;;001;180;23102;62599;2025/000052;2025/090052;EQUIPAMIENTO CENTRO DE APOYO A LAS FAMILIAS 7;998;VARIOS DISTRITOS;03;PROTECCIÓN Y PROMOCIÓN SOCIAL;03;INFANCIA Y FAMILIA;;;;;;;0;1823,39;1823,39;0;0;1823,39;1823,39;449,15;0;449,15;
;;001;180;23102;62599;2025/000052;2025/100052;EQUIPAMIENTO CENTRO DE ATENCIÓN A LA INFANCIA 1;201;CENTRO;03;PROTECCIÓN Y PROMOCIÓN SOCIAL;03;INFANCIA Y FAMILIA;;;;;;;0;361,78;361,78;0;0;361,78;361,78;0;0;0;
;;001;180;23102;62599;2025/000052;2025/110052;EQUIPAMIENTO CENTRO DE ATENCIÓN A LA INFANCIA 2;216;HORTALEZA;03;PROTECCIÓN Y PROMOCIÓN SOCIAL;03;INFANCIA Y FAMILIA;;;;;;;0;103,31;103,31;0;0;103,31;103,31;0;0;0;
;;001;180;23102;62599;2025/000052;2025/120052;EQUIPAMIENTO CENTRO DE ATENCIÓN A LA INFANCIA 3;212;USERA;03;PROTECCIÓN Y PROMOCIÓN SOCIAL;03;INFANCIA Y FAMILIA;;;;;;;0;777,87;777,87;0;0;777,87;777,87;0;0;0;
;;001;180;23102;62599;2025/000052;2025/130052;EQUIPAMIENTO CENTRO DE APOYO A LAS FAMILIAS 8;211;CARABANCHEL;03;PROTECCIÓN Y PROMOCIÓN SOCIAL;03;INFANCIA Y FAMILIA;;;;;;;0;982,49;982,49;0;0;982,49;982,49;0;0;0;
;;001;180;23102;62599;2025/000052;2025/140052;EQUIPAMIENTO OFICINA MUNICIPAL DE INFORMACIÓN A FAMILIAS CON HIJOS CON DISCAPACIDAD;998;VARIOS DISTRITOS;03;PROTECCIÓN Y PROMOCIÓN SOCIAL;03;INFANCIA Y FAMILIA;;;;;;;0;5777,75;5777,75;0;0;5777,75;5777,75;0;0;0;
;;001;180;23102;63599;2025/000052;2025/000052;EQUIPAMIENTO CENTROS DE FAMILIA E INFANCIA;998;VARIOS DISTRITOS;03;PROTECCIÓN Y PROMOCIÓN SOCIAL;03;INFANCIA Y FAMILIA;;;;;;;9000;-9000;0;0;0;0;0;0;0;0;
;;001;180;23103;62601;2025/001133;2025/001133;ROBOTS DE COMPAÑÍA PARA LAS PERSONAS MAYORES QUE SUFREN SOLEDAD;998;VARIOS DISTRITOS;03;PROTECCIÓN Y PROMOCIÓN SOCIAL;00;CENTROS DE DÍA Y RESIDENCIAS DE MAYORES;;;;;;;0;41127;41127;41127;0;0;0;0;0;0;
;;001;180;23103;63599;2023/000054;2023/000054;EQUIPAMIENTO GABINETES PODOLOGICOS PARA CENTROS DE MAYORES;998;VARIOS DISTRITOS;03;PROTECCIÓN Y PROMOCIÓN SOCIAL;01;CENTROS DE MAYORES;;;;;;;48062;0;48062;451,65;0;47610,35;47610,35;35179,16;0;35179,16;
;;001;180;23103;63599;2024/001108;2024/001108;EQUIPAMIENTO SERVICIOS DE FISIOTERAPIA Y DE MANTENIMIENTO PARA CENTROS DE MAYORES;998;VARIOS DISTRITOS;03;PROTECCIÓN Y PROMOCIÓN SOCIAL;01;CENTROS DE MAYORES;;;;;;;45543;0;45543;4340,35;6400,76;34801,89;34801,89;21129,49;0;21129,49;
;;001;180;23104;62599;2024/000121;2024/010121;EQUIPAMIENTO DEL ESPACIO DE IGUALDAD ANA ORANTES;221;BARAJAS;03;PROTECCIÓN Y PROMOCIÓN SOCIAL;04;ATENCIÓN SOCIAL A LA MUJER;;;;;;;0;1277,58;1277,58;0;0;1277,58;1277,58;1277,58;0;1277,58;
;;001;180;23104;62599;2024/000121;2024/020121;EQUIPAMIENTO DEL ESPACIO DE IGUALDAD CARME CHACÓN;216;HORTALEZA;03;PROTECCIÓN Y PROMOCIÓN SOCIAL;04;ATENCIÓN SOCIAL A LA MUJER;;;;;;;0;1973,49;1973,49;0;0;1973,49;1973,49;1973,49;0;1973,49;
;;001;180;23104;62599;2024/000121;2024/030121;EQUIPAMIENTO DEL ESPACIO DE IGUALDAD CLARA CAMPOAMOR;217;VILLAVERDE;03;PROTECCIÓN Y PROMOCIÓN SOCIAL;04;ATENCIÓN SOCIAL A LA MUJER;;;;;;;0;740,52;740,52;0;0;740,52;740,52;740,52;0;740,52;
;;001;180;23104;62599;2024/000121;2024/040121;EQUIPAMIENTO DEL ESPACIO DE IGUALDAD EMILIA PARDO BAZÁN;215;CIUDAD LINEAL;03;PROTECCIÓN Y PROMOCIÓN SOCIAL;04;ATENCIÓN SOCIAL A LA MUJER;;;;;;;0;1820,45;1820,45;0;0;1820,45;1820,45;1820,45;0;1820,45;
;;001;180;23104;62599;2024/000121;2024/050121;EQUIPAMIENTO DEL ESPACIO DE IGUALDAD JUANA DOÑA;202;ARGANZUELA;03;PROTECCIÓN Y PROMOCIÓN SOCIAL;04;ATENCIÓN SOCIAL A LA MUJER;;;;;;;0;678,81;678,81;0;0;678,81;678,81;678,81;0;678,81;
;;001;180;23104;62599;2024/000121;2024/060121;EQUIPAMIENTO DEL ESPACIO DE IGUALDAD LOURDES HERNÁNDEZ;211;CARABANCHEL;03;PROTECCIÓN Y PROMOCIÓN SOCIAL;04;ATENCIÓN SOCIAL A LA MUJER;;;;;;;0;2838,66;2838,66;0;0;2838,66;2838,66;2838,66;0;2838,66;
;;001;180;23104;62599;2024/000121;2024/070121;EQUIPAMIENTO DEL ESPACIO DE IGUALDAD LUCÍA SÁNCHEZ SAORNIL;220;SAN BLAS-CANILLEJAS;03;PROTECCIÓN Y PROMOCIÓN SOCIAL;04;ATENCIÓN SOCIAL A LA MUJER;;;;;;;0;757,8;757,8;0;0;757,8;757,8;757,8;0;757,8;
;;001;180;23104;62599;2024/000121;2024/080121;EQUIPAMIENTO DEL ESPACIO DE IGUALDAD MARÍA MOLINER;218;VILLA DE VALLECAS;03;PROTECCIÓN Y PROMOCIÓN SOCIAL;04;ATENCIÓN SOCIAL A LA MUJER;;;;;;;0;1444,01;1444,01;0;0;1444,01;1444,01;1444;0;1444;
;;001;180;23104;62599;2024/000121;2024/090121;EQUIPAMIENTO DEL ESPACIO DE IGUALDAD MARÍA TELO;214;MORATALAZ;03;PROTECCIÓN Y PROMOCIÓN SOCIAL;04;ATENCIÓN SOCIAL A LA MUJER;;;;;;;0;1268,76;1268,76;0;0;1268,76;1268,76;1268,76;0;1268,76;
;;001;180;23104;62599;2025/000081;2025/000081;ESPACIOS DE IGUALDAD. OTRO MOBILIARIO Y ENSERES;998;VARIOS DISTRITOS;03;PROTECCIÓN Y PROMOCIÓN SOCIAL;04;ATENCIÓN SOCIAL A LA MUJER;;;;;;;25000;-12800,08;12199,92;12199,92;0;0;0;0;0;0;
;;001;180;23106;62300;2025/000033;2025/000033;EQUIPAMIENTO CENTROS DEL SAMUR SOCIAL;998;VARIOS DISTRITOS;03;PROTECCIÓN Y PROMOCIÓN SOCIAL;08;SAMUR - SOCIAL;;;;;;;5000;-2767,1;2232,9;2232,9;0;0;0;0;0;0;
;;001;180;23106;62300;2025/000033;2025/010033;EQUIPAMIENTO CENTRO MUNICIPAL URGENCIAS SOCIALES (CEMUS);213;PUENTE DE VALLECAS;03;PROTECCIÓN Y PROMOCIÓN SOCIAL;08;SAMUR - SOCIAL;;;;;;;0;2767,1;2767,1;0;0;2767,1;2767,1;2767,1;0;2767,1;
;;001;180;23106;62599;2025/000033;2025/000033;EQUIPAMIENTO CENTROS DEL SAMUR SOCIAL;998;VARIOS DISTRITOS;03;PROTECCIÓN Y PROMOCIÓN SOCIAL;08;SAMUR - SOCIAL;;;;;;;30000;-27903,95;2096,05;2096,05;0;0;0;0;0;0;
;;001;180;23106;62599;2025/000033;2025/020033;EQUIPAMIENTO CENTRAL DEL SAMUR SOCIAL DARÍO PÉREZ MADERA;201;CENTRO;03;PROTECCIÓN Y PROMOCIÓN SOCIAL;08;SAMUR - SOCIAL;;;;;;;0;1379,4;1379,4;0;0;1379,4;1379,4;0;0;0;
;;001;180;23106;62599;2025/001150;2025/001150;EQUIPAMIENTO OFICINA GESTIÓN PRESTACIONES ECONÓMICAS SERVICIOS SOCIALES, DISTRITO PUENTE DE VALLECAS;998;VARIOS DISTRITOS;03;PROTECCIÓN Y PROMOCIÓN SOCIAL;02;CENTROS DE SERVICIOS SOCIALES;;;;;;;0;6840,27;6840,27;0,02;0;6840,25;3967,35;3967,35;0;3967,35;
;;001;180;23106;62599;2025/001151;2025/001151;EQUIPAMIENTO OFICINA DE GESTIÓN DE PRESTACIONES ECONÓMICAS DE SERVICIOS SOCIALES, DISTRITO TETUÁN;998;VARIOS DISTRITOS;03;PROTECCIÓN Y PROMOCIÓN SOCIAL;02;CENTROS DE SERVICIOS SOCIALES;;;;;;;0;10605,64;10605,64;0;0;10605,64;6151,24;6151,24;0;6151,24;
;;001;180;23106;62599;2025/001152;2025/001152;EQUIPAMIENTO OFICINA DE GESTIÓN DE PRESTACIONES ECONÓMICAS DE SERVICIOS SOCIALES, DISTRITO DE USERA;998;VARIOS DISTRITOS;03;PROTECCIÓN Y PROMOCIÓN SOCIAL;02;CENTROS DE SERVICIOS SOCIALES;;;;;;;0;5776,64;5776,64;0,02;0;5776,62;3350,44;3350,44;0;3350,44;
;;001;180;23106;62599;2025/001154;2025/001154;EQUIPAMIENTO OFICINA DE GESTIÓN PRESTACIONES ECONÓMICAS SERVICIOS SOCIALES, DISTRITO CIUDAD LINEAL;998;VARIOS DISTRITOS;03;PROTECCIÓN Y PROMOCIÓN SOCIAL;02;CENTROS DE SERVICIOS SOCIALES;;;;;;;0;3302;3302;0,03;0;3301,97;1915,15;1915,15;0;1915,15;
;;001;180;23106;63300;2025/000033;2025/000033;EQUIPAMIENTO CENTROS DEL SAMUR SOCIAL;998;VARIOS DISTRITOS;03;PROTECCIÓN Y PROMOCIÓN SOCIAL;08;SAMUR - SOCIAL;;;;;;;5000;0;5000;5000;0;0;0;0;0;0;
;;001;180;23106;63599;2025/000033;2025/000033;EQUIPAMIENTO CENTROS DEL SAMUR SOCIAL;998;VARIOS DISTRITOS;03;PROTECCIÓN Y PROMOCIÓN SOCIAL;08;SAMUR - SOCIAL;;;;;;;15000;-14516,19;483,81;483,81;0;0;0;0;0;0;
;;001;180;23106;63599;2025/000033;2025/010033;EQUIPAMIENTO CENTRO MUNICIPAL URGENCIAS SOCIALES (CEMUS);213;PUENTE DE VALLECAS;03;PROTECCIÓN Y PROMOCIÓN SOCIAL;08;SAMUR - SOCIAL;;;;;;;0;7619,19;7619,19;0;0;7619,19;7619,19;7619,19;0;7619,19;
;;001;180;23106;63599;2025/000033;2025/020033;EQUIPAMIENTO CENTRAL DEL SAMUR SOCIAL DARÍO PÉREZ MADERA;201;CENTRO;03;PROTECCIÓN Y PROMOCIÓN SOCIAL;08;SAMUR - SOCIAL;;;;;;;0;6897;6897;0;0;6897;6897;0;0;0;
;;001;180;23107;62300;2025/000046;2025/000046;EQUIPAMIENTO CENTROS PERSONAS SIN HOGAR;998;VARIOS DISTRITOS;03;PROTECCIÓN Y PROMOCIÓN SOCIAL;06;PERSONAS SIN HOGAR;;;;;;;0;18001,58;18001,58;18001,58;0;0;0;0;0;0;
;;001;180;23107;62300;2025/000046;2025/010046;EQUIPAMIENTO CENTRO DE ACOGIDA PARA PERSONAS SIN HOGAR JUAN LUIS VIVES;219;VICALVARO;03;PROTECCIÓN Y PROMOCIÓN SOCIAL;06;PERSONAS SIN HOGAR;;;;;;;0;28230,81;28230,81;0;0;28230,81;14397,71;0;0;0;
;;001;180;23107;62300;2025/000046;2025/020046;EQUIPAMIENTO CENTRO DE ACOGIDA PARA PERSONAS SIN HOGAR SAN ISIDRO;209;MONCLOA-ARAVACA;03;PROTECCIÓN Y PROMOCIÓN SOCIAL;06;PERSONAS SIN HOGAR;;;;;;;0;1367,72;1367,72;0;0;1367,72;697,54;0;0;0;
;;001;180;23107;62300;2025/000046;2025/030046;EQUIPAMIENTO CENTRO DE ACOGIDA PARA PERSONAS SIN HOGAR PUERTA ABIERTA;210;LATINA;03;PROTECCIÓN Y PROMOCIÓN SOCIAL;06;PERSONAS SIN HOGAR;;;;;;;0;3433,04;3433,04;0;0;3433,04;1750,85;0;0;0;
;;001;180;23107;62300;2025/000046;2025/040046;EQUIPAMIENTO CENTRO DE ACOGIDA PARA PERSONAS SIN HOGAR LA ROSA;209;MONCLOA-ARAVACA;03;PROTECCIÓN Y PROMOCIÓN SOCIAL;06;PERSONAS SIN HOGAR;;;;;;;0;380,55;380,55;0;0;380,55;194,08;0;0;0;
;;001;180;23107;62300;2025/000046;2025/050046;EQUIPAMIENTO CENTRO DE ACOGIDA PARA PERSONAS SIN HOGAR PEDRO MECA;209;MONCLOA-ARAVACA;03;PROTECCIÓN Y PROMOCIÓN SOCIAL;06;PERSONAS SIN HOGAR;;;;;;;0;21332,3;21332,3;0;0;21332,3;10879,47;0;0;0;
;;001;180;23107;62300;2025/000047;2025/000047;EQUIPAMIENTO CENTROS DE ACOGIDA INMIGRACIÓN;998;VARIOS DISTRITOS;03;PROTECCIÓN Y PROMOCIÓN SOCIAL;05;INMIGRACIÓN;;;;;;;0;5,6;5,6;5,6;0;0;0;0;0;0;
;;001;180;23107;62300;2025/000047;2025/010047;EQUIPAMIENTO CENTRO DE ACOGIDA EL VIVERO;218;VILLA DE VALLECAS;03;PROTECCIÓN Y PROMOCIÓN SOCIAL;05;INMIGRACIÓN;;;;;;;0;29088,4;29088,4;0;0;29088,4;14835,08;0;0;0;
;;001;180;23107;62599;2025/000046;2025/000046;EQUIPAMIENTO CENTROS PERSONAS SIN HOGAR;998;VARIOS DISTRITOS;03;PROTECCIÓN Y PROMOCIÓN SOCIAL;06;PERSONAS SIN HOGAR;;;;;;;109311;-109310,98;0,02;0,02;0;0;0;0;0;0;
;;001;180;23107;62599;2025/000046;2025/010046;EQUIPAMIENTO CENTRO DE ACOGIDA PARA PERSONAS SIN HOGAR JUAN LUIS VIVES;219;VICALVARO;03;PROTECCIÓN Y PROMOCIÓN SOCIAL;06;PERSONAS SIN HOGAR;;;;;;;0;3284,85;3284,85;0;0;3284,85;2198,22;0;0;0;
;;001;180;23107;62599;2025/000046;2025/020046;EQUIPAMIENTO CENTRO DE ACOGIDA PARA PERSONAS SIN HOGAR SAN ISIDRO;209;MONCLOA-ARAVACA;03;PROTECCIÓN Y PROMOCIÓN SOCIAL;06;PERSONAS SIN HOGAR;;;;;;;0;19942,6;19942,6;0;4365,61;15576,99;11166,44;2244;0;2244;
;;001;180;23107;62599;2025/000046;2025/030046;EQUIPAMIENTO CENTRO DE ACOGIDA PARA PERSONAS SIN HOGAR PUERTA ABIERTA;210;LATINA;03;PROTECCIÓN Y PROMOCIÓN SOCIAL;06;PERSONAS SIN HOGAR;;;;;;;0;7481,01;7481,01;0;0;7481,01;5138,91;0;0;0;
;;001;180;23107;62599;2025/000046;2025/040046;EQUIPAMIENTO CENTRO DE ACOGIDA PARA PERSONAS SIN HOGAR LA ROSA;209;MONCLOA-ARAVACA;03;PROTECCIÓN Y PROMOCIÓN SOCIAL;06;PERSONAS SIN HOGAR;;;;;;;0;4510,11;4510,11;0;0;4510,11;3294,59;0;0;0;
;;001;180;23107;62599;2025/000046;2025/050046;EQUIPAMIENTO CENTRO DE ACOGIDA PARA PERSONAS SIN HOGAR PEDRO MECA;209;MONCLOA-ARAVACA;03;PROTECCIÓN Y PROMOCIÓN SOCIAL;06;PERSONAS SIN HOGAR;;;;;;;0;44768,51;44768,51;0;2449,56;42318,95;29453,51;2070,03;0;2070,03;
;;001;180;23107;62599;2025/000046;2025/060046;EQUIPAMIENTO CENTRO DE ACOGIDA PARA MUJERES SIN HOGAR BEATRIZ GALINDO;216;HORTALEZA;03;PROTECCIÓN Y PROMOCIÓN SOCIAL;06;PERSONAS SIN HOGAR;;;;;;;0;6854,3;6854,3;0;0;6854,3;5126,76;0;0;0;
;;001;180;23107;62599;2025/000047;2025/000047;EQUIPAMIENTO CENTROS DE ACOGIDA INMIGRACIÓN;998;VARIOS DISTRITOS;03;PROTECCIÓN Y PROMOCIÓN SOCIAL;05;INMIGRACIÓN;;;;;;;30000;-29919,84;80,16;80,16;0;0;0;0;0;0;
;;001;180;23107;62599;2025/000047;2025/010047;EQUIPAMIENTO CENTRO DE ACOGIDA EL VIVERO;218;VILLA DE VALLECAS;03;PROTECCIÓN Y PROMOCIÓN SOCIAL;05;INMIGRACIÓN;;;;;;;0;827,64;827,64;0;0;827,64;667,53;0;0;0;
1;INCORPORACIONES REMANENTES OBLIGATORIAS;001;180;23107;62599;2025/001221;2025/001221;ADQUISICIÓN E INSTALACIÓN DE TAQUILLAS EN LA CALLE PARA PERSONAS SIN HOGAR;998;VARIOS DISTRITOS;03;PROTECCIÓN Y PROMOCIÓN SOCIAL;06;PERSONAS SIN HOGAR;;;;;;;0;45000;45000;45000;0;0;0;0;0;0;
;;001;180;23107;62901;2025/000048;2025/000048;SEÑALIZACION DE CENTROS DE INCLUSIÓN SOCIAL;998;VARIOS DISTRITOS;03;PROTECCIÓN Y PROMOCIÓN SOCIAL;06;PERSONAS SIN HOGAR;;;;;;;3514;0;3514;3514;0;0;0;0;0;0;
;;001;180;23107;63300;2025/000046;2025/000046;EQUIPAMIENTO CENTROS PERSONAS SIN HOGAR;998;VARIOS DISTRITOS;03;PROTECCIÓN Y PROMOCIÓN SOCIAL;06;PERSONAS SIN HOGAR;;;;;;;60056;-60056;0;0;0;0;0;0;0;0;
;;001;180;23107;63300;2025/000047;2025/000047;EQUIPAMIENTO CENTROS DE ACOGIDA INMIGRACIÓN;998;VARIOS DISTRITOS;03;PROTECCIÓN Y PROMOCIÓN SOCIAL;05;INMIGRACIÓN;;;;;;;20000;-20000;0;0;0;0;0;0;0;0;
;;001;180;23107;63599;2025/000046;2025/000046;EQUIPAMIENTO CENTROS PERSONAS SIN HOGAR;998;VARIOS DISTRITOS;03;PROTECCIÓN Y PROMOCIÓN SOCIAL;06;PERSONAS SIN HOGAR;;;;;;;67119;-24335,82;42783,18;42783,18;0;0;0;0;0;0;
;;001;180;23107;63599;2025/000046;2025/010046;EQUIPAMIENTO CENTRO DE ACOGIDA PARA PERSONAS SIN HOGAR JUAN LUIS VIVES;219;VICALVARO;03;PROTECCIÓN Y PROMOCIÓN SOCIAL;06;PERSONAS SIN HOGAR;;;;;;;0;30516,55;30516,55;0;1352,21;29164,34;20921,98;4247,9;0;4247,9;
;;001;180;23107;63599;2025/000046;2025/020046;EQUIPAMIENTO CENTRO DE ACOGIDA PARA PERSONAS SIN HOGAR SAN ISIDRO;209;MONCLOA-ARAVACA;03;PROTECCIÓN Y PROMOCIÓN SOCIAL;06;PERSONAS SIN HOGAR;;;;;;;0;59717,37;59717,37;0;1334,93;58382,44;34201,15;3460,3;0;3460,3;
;;001;180;23107;63599;2025/000046;2025/030046;EQUIPAMIENTO CENTRO DE ACOGIDA PARA PERSONAS SIN HOGAR PUERTA ABIERTA;210;LATINA;03;PROTECCIÓN Y PROMOCIÓN SOCIAL;06;PERSONAS SIN HOGAR;;;;;;;0;83400,54;83400,54;0;4665,36;78735,18;58585,69;13957,64;0;13957,64;
;;001;180;23107;63599;2025/000046;2025/040046;EQUIPAMIENTO CENTRO DE ACOGIDA PARA PERSONAS SIN HOGAR LA ROSA;209;MONCLOA-ARAVACA;03;PROTECCIÓN Y PROMOCIÓN SOCIAL;06;PERSONAS SIN HOGAR;;;;;;;0;22394,68;22394,68;0;8371,51;14023,17;11990,37;7074,14;0;7074,14;
;;001;180;23107;63599;2025/000046;2025/060046;EQUIPAMIENTO CENTRO DE ACOGIDA PARA MUJERES SIN HOGAR BEATRIZ GALINDO;216;HORTALEZA;03;PROTECCIÓN Y PROMOCIÓN SOCIAL;06;PERSONAS SIN HOGAR;;;;;;;0;15275,28;15275,28;0;0;15275,28;7816,6;0;0;0;
;;001;180;23107;63599;2025/000047;2025/000047;EQUIPAMIENTO CENTROS DE ACOGIDA INMIGRACIÓN;998;VARIOS DISTRITOS;03;PROTECCIÓN Y PROMOCIÓN SOCIAL;05;INMIGRACIÓN;;;;;;;20000;-19557,79;442,21;442,21;0;0;0;0;0;0;
;;001;180;23107;63599;2025/000047;2025/010047;EQUIPAMIENTO CENTRO DE ACOGIDA EL VIVERO;218;VILLA DE VALLECAS;03;PROTECCIÓN Y PROMOCIÓN SOCIAL;05;INMIGRACIÓN;;;;;;;0;6440,59;6440,59;0;2911,03;3529,56;3529,56;2459,92;0;2459,92;
;;001;180;23107;63599;2025/000047;2025/020047;EQUIPAMIENTO CENTRO DE ACOGIDA TEMPORTAL MIGRANTES ALBERGUE MEJÍA LEQUERICA;201;CENTRO;03;PROTECCIÓN Y PROMOCIÓN SOCIAL;05;INMIGRACIÓN;;;;;;;0;27036,85;27036,85;0;14654,29;12382,56;12382,56;12382,56;0;12382,56;
1;INCORPORACIONES REMANENTES OBLIGATORIAS;001;180;23107;64100;2024/001354;2024/001354;SERVICIOS INCLUSIÓN SOCIAL. APLICACIÓN INFORMÁTICA INFORMACIÓN PERSONAS EN SITUACIÓN DE CALLE;998;VARIOS DISTRITOS;03;PROTECCIÓN Y PROMOCIÓN SOCIAL;06;PERSONAS SIN HOGAR;;;;;;;0;20000;20000;2424,75;0;17575,25;17575,25;17575,25;0;17575,25;
;;001;180;23109;62599;2025/001317;2025/001317;EQUIPAMIENTO OFICINA DE VIDA INDEPENDIENTE PARA PERSONAS CON DISCAPACIDAD INTELECTURAL (OVIDI);998;VARIOS DISTRITOS;03;PROTECCIÓN Y PROMOCIÓN SOCIAL;03;INFANCIA Y FAMILIA;;;;;;;0;18150;18150;3738,9;0;14411,1;14411,1;0;0;0;
;;001;180;23110;62599;2025/001487;2025/001487;EQUIPAMIENTO CASA DEL VOLUNTARIADO, C/ FÚCAR, 6;201;CENTRO;12;OTROS BIENES PÚBLICOS DE CARÁCTER SOCIAL;01;PARTICIPACIÓN CIUDADANA;;;;;;;0;18029;18029;18029;0;0;0;0;0;0;
;;001;180;23179;62999;2022/000642;2022/000642;EQUIPAMIENTO TÉCNICO Y TECNOLÓGICO PARA ADAPTACIÓN RESIDENCIAS DE MAYORES A UNIDADES DE CONVIVENCIA;998;VARIOS DISTRITOS;03;PROTECCIÓN Y PROMOCIÓN SOCIAL;00;CENTROS DE DÍA Y RESIDENCIAS DE MAYORES;;;;;;;127355;-127354,07;0,93;0,93;0;0;0;0;0;0;
;;001;180;23179;62999;2022/000642;2023/001401;EQUIPAMIENTO RESIDENCIA DE MAYORES SANTA ENGRACIA PARA ADAPTACIÓN A UNIDAD CONVIVENCIA;207;CHAMBERI;03;PROTECCIÓN Y PROMOCIÓN SOCIAL;00;CENTROS DE DÍA Y RESIDENCIAS DE MAYORES;;;;;;;0;28557,12;28557,12;0;0;28557,12;28557,12;0;0;0;
;;001;180;23179;62999;2022/000642;2023/001402;EQUIPAMIENTO RESIDENCIA DE MAYORES JAZMÍN PARA ADAPTACIÓN A UNIDAD CONVIVENCIA;215;CIUDAD LINEAL;03;PROTECCIÓN Y PROMOCIÓN SOCIAL;00;CENTROS DE DÍA Y RESIDENCIAS DE MAYORES;;;;;;;0;42280,34;42280,34;0;0;42280,34;42280,34;0;0;0;
;;001;180;23179;62999;2022/000642;2023/001403;EQUIPAMIENTO RESIDENCIA DE MAYORES MARGARITA RETUERTO PARA ADAPTACIÓN A UNIDAD CONVIVENCIA;204;SALAMANCA;03;PROTECCIÓN Y PROMOCIÓN SOCIAL;00;CENTROS DE DÍA Y RESIDENCIAS DE MAYORES;;;;;;;0;56516,61;56516,61;0;0;56516,61;56516,61;0;0;0;
1;INCORPORACIONES REMANENTES OBLIGATORIAS;001;180;23179;62999;2022/000642;2023/001401;EQUIPAMIENTO RESIDENCIA DE MAYORES SANTA ENGRACIA PARA ADAPTACIÓN A UNIDAD CONVIVENCIA;207;CHAMBERI;03;PROTECCIÓN Y PROMOCIÓN SOCIAL;00;CENTROS DE DÍA Y RESIDENCIAS DE MAYORES;;;;;;;0;135986,3;135986,3;0;0;135986,3;135986,3;0;0;0;
1;INCORPORACIONES REMANENTES OBLIGATORIAS;001;180;23179;62999;2022/000642;2023/001402;EQUIPAMIENTO RESIDENCIA DE MAYORES JAZMÍN PARA ADAPTACIÓN A UNIDAD CONVIVENCIA;215;CIUDAD LINEAL;03;PROTECCIÓN Y PROMOCIÓN SOCIAL;00;CENTROS DE DÍA Y RESIDENCIAS DE MAYORES;;;;;;;0;201334,97;201334,97;0;0;201334,97;201334,97;0;0;0;
1;INCORPORACIONES REMANENTES OBLIGATORIAS;001;180;23179;62999;2022/000642;2023/001403;EQUIPAMIENTO RESIDENCIA DE MAYORES MARGARITA RETUERTO PARA ADAPTACIÓN A UNIDAD CONVIVENCIA;204;SALAMANCA;03;PROTECCIÓN Y PROMOCIÓN SOCIAL;00;CENTROS DE DÍA Y RESIDENCIAS DE MAYORES;;;;;;;0;269126,69;269126,69;0;0;269126,69;269126,69;0;0;0;
;;001;180;32301;62599;2025/000074;2025/160074;EQUIPAMIENTO ESCUELA INFANTIL EL BOSQUE;202;ARGANZUELA;05;EDUCACIÓN;01;ESCUELAS INFANTILES;;;;;;;0;3296,04;3296,04;0;0;3296,04;2749,23;0;0;0;
;;001;180;32301;62599;2025/000074;2025/170074;EQUIPAMIENTO ESCUELA INFANTIL LUIS BELLO;205;CHAMARTIN;05;EDUCACIÓN;01;ESCUELAS INFANTILES;;;;;;;0;1473,78;1473,78;0;0;1473,78;1024,28;0;0;0;
;;001;180;32301;62599;2025/000074;2025/180074;EQUIPAMIENTO ESCUELA INFANTIL LA CARACOLA;208;FUENCARRAL-EL PARDO;05;EDUCACIÓN;01;ESCUELAS INFANTILES;;;;;;;0;1965,04;1965,04;0;0;1965,04;1365,7;0;0;0;
;;001;180;32301;62599;2025/000074;2025/190074;EQUIPAMIENTO ESCUELA INFANTIL AMANECER;219;VICALVARO;05;EDUCACIÓN;01;ESCUELAS INFANTILES;;;;;;;0;20566,37;20566,37;0;0;20566,37;741,72;0;0;0;
;;001;180;32301;62599;2025/000074;2025/200074;EQUIPAMIENTO ESCUELA INFANTIL HIEDRA;220;SAN BLAS-CANILLEJAS;05;EDUCACIÓN;01;ESCUELAS INFANTILES;;;;;;;0;251,68;251,68;0;0;251,68;174,92;0;0;0;
;;001;180;32301;62599;2025/000074;2025/210074;EQUIPAMIENTO ESCUELA INFANTIL LUISA FERNANDA;213;PUENTE DE VALLECAS;05;EDUCACIÓN;01;ESCUELAS INFANTILES;;;;;;;0;227,48;227,48;0;0;227,48;213,83;0;0;0;
;;001;180;32301;62599;2025/000074;2025/220074;EQUIPAMIENTO ESCUELA INFANTIL GIGANTES Y CABEZUDOS;215;CIUDAD LINEAL;05;EDUCACIÓN;01;ESCUELAS INFANTILES;;;;;;;0;242;242;0;0;242;0;0;0;0;
;;001;180;32301;62599;2025/000074;2025/260074;EQUIPAMIENTO ESCUELA INFANTIL LA BRUJA AVERÍA-LOLO RICO;201;CENTRO;05;EDUCACIÓN;01;ESCUELAS INFANTILES;;;;;;;0;726;726;0;0;726;606,71;0;0;0;
;;001;180;32301;62599;2025/000074;2025/270074;EQUIPAMIENTO ESCUELA INFANTIL ELENA FORTÚN;208;FUENCARRAL-EL PARDO;05;EDUCACIÓN;01;ESCUELAS INFANTILES;;;;;;;0;145,2;145,2;0;0;145,2;121,34;0;0;0;
;;001;180;32301;62599;2025/000074;2025/300074;OTRO EQUIPAMIENTO ESCUELA INFANTIL FÚCAR;201;CENTRO;05;EDUCACIÓN;01;ESCUELAS INFANTILES;;;;;;;0;5935,23;5935,23;0;0;5935,23;5935,23;553,19;0;553,19;
;;001;180;32301;62599;2025/000075;2025/000075;EQUIPAMIENTO NUEVO Y DE REPOSICIÓN RESIDENCIA INTERNADO SAN ILDEFONSO;201;CENTRO;05;EDUCACIÓN;05;OTROS CENTROS DE ENSEÑANZA;;;;;;;2500;3977,13;6477,13;0;0;6477,13;4092;0;0;0;
;;001;180;32301;62601;2025/000075;2025/000075;EQUIPAMIENTO NUEVO Y DE REPOSICIÓN RESIDENCIA INTERNADO SAN ILDEFONSO;201;CENTRO;05;EDUCACIÓN;05;OTROS CENTROS DE ENSEÑANZA;;;;;;;4000;-4000;0;0;0;0;0;0;0;0;
;;001;180;32301;62901;2025/000076;2025/000076;SEÑALIZACION DE LAS ESCUELAS INFANTILES MUNICIPALES;998;VARIOS DISTRITOS;05;EDUCACIÓN;01;ESCUELAS INFANTILES;;;;;;;1000;-1000;0;0;0;0;0;0;0;0;
;;001;180;32301;63300;2025/000075;2025/000075;EQUIPAMIENTO NUEVO Y DE REPOSICIÓN RESIDENCIA INTERNADO SAN ILDEFONSO;201;CENTRO;05;EDUCACIÓN;05;OTROS CENTROS DE ENSEÑANZA;;;;;;;1000;2947;3947;936,13;0;3010,87;2871,72;0;0;0;
;;001;180;32301;63500;2025/000075;2025/000075;EQUIPAMIENTO NUEVO Y DE REPOSICIÓN RESIDENCIA INTERNADO SAN ILDEFONSO;201;CENTRO;05;EDUCACIÓN;05;OTROS CENTROS DE ENSEÑANZA;;;;;;;5000;0;5000;5000;0;0;0;0;0;0;
;;001;180;32301;63599;2025/000074;2025/000074;EQUIPAMIENTO DE LAS ESCUELAS INFANTILES MUNICIPALES;998;VARIOS DISTRITOS;05;EDUCACIÓN;01;ESCUELAS INFANTILES;;;;;;;18000;-10784,53;7215,47;7215,47;0;0;0;0;0;0;
;;001;180;32301;63599;2025/000074;2025/010074;EQUIPAMIENTO ESCUELA INFANTIL EL DUENDE;201;CENTRO;05;EDUCACIÓN;01;ESCUELAS INFANTILES;;;;;;;0;1452,22;1452,22;0;0;1452,22;1452,22;0;0;0;
;;001;180;32301;63599;2025/000074;2025/020074;EQUIPAMIENTO ESCUELA INFANTIL EL SOL;205;CHAMARTIN;05;EDUCACIÓN;01;ESCUELAS INFANTILES;;;;;;;0;20225,76;20225,76;0;0;20225,76;15111,5;2869,52;0;2869,52;
;;001;180;32301;63599;2025/000074;2025/030074;EQUIPAMIENTO ESCUELA INFANTIL LA PALOMA;201;CENTRO;05;EDUCACIÓN;01;ESCUELAS INFANTILES;;;;;;;0;2087,25;2087,25;0;0;2087,25;1291,69;267,41;0;267,41;
;;001;180;32301;63599;2025/000074;2025/110074;EQUIPAMIENTO ESCUELA INFANTIL MARÍA MOLINER, PASEO DE LA DIRECCIÓN;206;TETUAN;05;EDUCACIÓN;01;ESCUELAS INFANTILES;;;;;;;0;397,67;397,67;0;0;397,67;397,67;0;0;0;
;;001;180;32301;63599;2025/000074;2025/210074;EQUIPAMIENTO ESCUELA INFANTIL LUISA FERNANDA;213;PUENTE DE VALLECAS;05;EDUCACIÓN;01;ESCUELAS INFANTILES;;;;;;;0;811,05;811,05;0;0;811,05;811,05;0;0;0;
;;001;180;32301;63599;2025/000074;2025/270074;EQUIPAMIENTO ESCUELA INFANTIL ELENA FORTÚN;208;FUENCARRAL-EL PARDO;05;EDUCACIÓN;01;ESCUELAS INFANTILES;;;;;;;0;270,35;270,35;0;0;270,35;270,35;0;0;0;
;;001;180;32301;63599;2025/000074;2025/290074;EQUIPAMIENTO ESCUELA INFANTIL EL FRESNO;208;FUENCARRAL-EL PARDO;05;EDUCACIÓN;01;ESCUELAS INFANTILES;;;;;;;0;270,35;270,35;0;0;270,35;270,35;0;0;0;
;;001;180;32301;63599;2025/000075;2025/000075;EQUIPAMIENTO NUEVO Y DE REPOSICIÓN RESIDENCIA INTERNADO SAN ILDEFONSO;201;CENTRO;05;EDUCACIÓN;05;OTROS CENTROS DE ENSEÑANZA;;;;;;;3000;50390,88;53390,88;8606,16;0;44784,72;41866,18;2027,11;0;0;
;;001;180;32301;63901;2025/000076;2025/000076;SEÑALIZACION DE LAS ESCUELAS INFANTILES MUNICIPALES;998;VARIOS DISTRITOS;05;EDUCACIÓN;01;ESCUELAS INFANTILES;;;;;;;16000;-16000;0;0;0;0;0;0;0;0;
;;001;180;32301;63901;2025/000076;2025/010076;ESCUELA INFANTIL LA PALOMA. SEÑALIZACIÓN;201;CENTRO;05;EDUCACIÓN;01;ESCUELAS INFANTILES;;;;;;;0;401,72;401,72;0;0;401,72;401,72;0;0;0;
;;001;180;32301;63901;2025/000076;2025/020076;ESCUELA INFANTIL OSA MENOR. SEÑALIZACIÓN;201;CENTRO;05;EDUCACIÓN;01;ESCUELAS INFANTILES;;;;;;;0;401,72;401,72;0;0;401,72;401,72;0;0;0;
;;001;180;32301;63901;2025/000076;2025/030076;ESCUELA INFANTIL EL BARBERILLO DE LAVAPIÉS. SEÑALIZACIÓN;202;ARGANZUELA;05;EDUCACIÓN;01;ESCUELAS INFANTILES;;;;;;;0;401,72;401,72;0;0;401,72;401,72;0;0;0;
;;001;180;32301;63901;2025/000076;2025/040076;ESCUELA INFANTIL LAS NUBES. SEÑALIZACIÓN;203;RETIRO;05;EDUCACIÓN;01;ESCUELAS INFANTILES;;;;;;;0;401,72;401,72;0;0;401,72;401,72;0;0;0;
;;001;180;32301;63901;2025/000076;2025/050076;ESCUELA INFANTIL LA BRISA. SEÑALIZACIÓN;206;TETUAN;05;EDUCACIÓN;01;ESCUELAS INFANTILES;;;;;;;0;401,72;401,72;0;0;401,72;401,72;0;0;0;
;;001;180;32301;63901;2025/000076;2025/060076;ESCUELA INFANTIL ALTAIR. SEÑALIZACIÓN;210;LATINA;05;EDUCACIÓN;01;ESCUELAS INFANTILES;;;;;;;0;401,72;401,72;0;0;401,72;401,72;0;0;0;
;;001;180;32301;63901;2025/000076;2025/070076;ESCUELA INFANTIL EL CASERÍO. SEÑALIZACIÓN;213;PUENTE DE VALLECAS;05;EDUCACIÓN;01;ESCUELAS INFANTILES;;;;;;;0;401,72;401,72;0;0;401,72;401,72;0;0;0;
;;001;180;32301;63901;2025/000076;2025/080076;ESCUELA INFANTIL LAS AZALEAS. SEÑALIZACIÓN;215;CIUDAD LINEAL;05;EDUCACIÓN;01;ESCUELAS INFANTILES;;;;;;;0;401,72;401,72;0;0;401,72;401,72;0;0;0;
;;001;180;32301;63901;2025/000076;2025/090076;ESCUELA INFANTIL ANA DE AUSTRIA. SEÑALIZACIÓN;216;HORTALEZA;05;EDUCACIÓN;01;ESCUELAS INFANTILES;;;;;;;0;401,72;401,72;0;0;401,72;401,72;0;0;0;
;;001;180;32301;63901;2025/000076;2025/100076;ESCUELA INFANTIL LA GRAN VÍA. SEÑALIZACIÓN;216;HORTALEZA;05;EDUCACIÓN;01;ESCUELAS INFANTILES;;;;;;;0;401,72;401,72;0;0;401,72;401,72;0;0;0;
;;001;180;32301;63901;2025/000076;2025/110076;ESCUELA INFANTIL LOS HIJOS DEL CAPITÁN GRANT. SEÑALIZACIÓN;218;VILLA DE VALLECAS;05;EDUCACIÓN;01;ESCUELAS INFANTILES;;;;;;;0;401,72;401,72;0;0;401,72;401,72;0;0;0;
;;001;180;32301;63901;2025/000076;2025/120076;ESCUELA INFANTIL CIELO AZUL. SEÑALIZACIÓN;219;VICALVARO;05;EDUCACIÓN;01;ESCUELAS INFANTILES;;;;;;;0;401,72;401,72;0;0;401,72;401,72;0;0;0;
;;001;180;32301;63901;2025/000076;2025/130076;ESCUELA INFANTIL AMANECER. SEÑALIZACIÓN;219;VICALVARO;05;EDUCACIÓN;01;ESCUELAS INFANTILES;;;;;;;0;401,72;401,72;0;0;401,72;401,72;0;0;0;
;;001;180;32301;63901;2025/000076;2025/140076;ESCUELA INFANTIL MOLINOS DE VIENTO. SEÑALIZACIÓN;219;VICALVARO;05;EDUCACIÓN;01;ESCUELAS INFANTILES;;;;;;;0;401,72;401,72;0;0;401,72;401,72;0;0;0;
;;001;180;32301;63901;2025/000076;2025/150076;ESCUELA INFANTIL LA ALEGRÍA DE LA HUERTA. SEÑALIZACIÓN;220;SAN BLAS-CANILLEJAS;05;EDUCACIÓN;01;ESCUELAS INFANTILES;;;;;;;0;401,72;401,72;0;0;401,72;401,72;0;0;0;
;;001;180;32301;63901;2025/000076;2025/160076;ESCUELA INFANTIL DOÑA FRANCISQUITA. SEÑALIZACIÓN;216;HORTALEZA;05;EDUCACIÓN;01;ESCUELAS INFANTILES;;;;;;;0;401,72;401,72;0;0;401,72;401,72;0;0;0;
;;001;180;32301;63901;2025/000076;2025/170076;ESCUELA INFANTIL LA REVOLTOSA. SEÑALIZACIÓN;218;VILLA DE VALLECAS;05;EDUCACIÓN;01;ESCUELAS INFANTILES;;;;;;;0;401,72;401,72;0;0;401,72;401,72;0;0;0;
;;001;180;32301;62300;2024/000192;2024/210192;EQUIPAMIENTO ESCUELA INFANTIL EL MANANTIAL;210;LATINA;05;EDUCACIÓN;01;ESCUELAS INFANTILES;;;;;;;0;4537,5;4537,5;0;680,63;3856,87;3856,87;0;0;0;
;;001;180;32301;62300;2024/000192;2024/220192;EQUIPAMIENTO ESCUELA INFANTIL LA VERBENA DE LA PALOMA;210;LATINA;05;EDUCACIÓN;01;ESCUELAS INFANTILES;;;;;;;0;13612,5;13612,5;0;2041,87;11570,63;11570,63;0;0;0;
;;001;180;32301;62300;2024/000192;2024/230192;EQUIPAMIENTO ESCUELA INFANTIL LA CORNISA;212;USERA;05;EDUCACIÓN;01;ESCUELAS INFANTILES;;;;;;;0;4537,5;4537,5;0;680,63;3856,87;3856,87;0;0;0;
;;001;180;32301;62300;2024/000192;2024/240192;EQUIPAMIENTO ESCUELA INFANTIL LUISA FERNANDA;213;PUENTE DE VALLECAS;05;EDUCACIÓN;01;ESCUELAS INFANTILES;;;;;;;0;4537,5;4537,5;0;680,63;3856,87;3856,87;0;0;0;
;;001;180;32301;62300;2024/000192;2024/250192;EQUIPAMIENTO ESCUELA INFANTIL GIGANTES Y CABEZUDOS;215;CIUDAD LINEAL;05;EDUCACIÓN;01;ESCUELAS INFANTILES;;;;;;;0;4537,5;4537,5;0;680,63;3856,87;3856,87;0;0;0;
;;001;180;32301;62300;2024/000192;2024/260192;EQUIPAMIENTO ESCUELA INFANTIL CIELO AZUL;219;VICALVARO;05;EDUCACIÓN;01;ESCUELAS INFANTILES;;;;;;;0;4537,5;4537,5;0;680,63;3856,87;3856,87;0;0;0;
;;001;180;32301;62300;2024/000192;2024/270192;EQUIPAMIENTO ESCUELA INFANTIL LA DEL MANOJO DE ROSAS;220;SAN BLAS-CANILLEJAS;05;EDUCACIÓN;01;ESCUELAS INFANTILES;;;;;;;0;5463,15;5463,15;0;819,47;4643,68;4643,68;0;0;0;
;;001;180;32301;62300;2024/000192;2024/290192;EQUIPAMIENTO ESCUELA INFANTIL FÚCAR;201;CENTRO;05;EDUCACIÓN;01;ESCUELAS INFANTILES;;;;;;;0;42722,68;42722,68;0;6408,4;36314,28;36314,28;0;0;0;
;;001;180;32301;62300;2025/000074;2025/000074;EQUIPAMIENTO DE LAS ESCUELAS INFANTILES MUNICIPALES;998;VARIOS DISTRITOS;05;EDUCACIÓN;01;ESCUELAS INFANTILES;;;;;;;0;789,35;789,35;789,35;0;0;0;0;0;0;
;;001;180;32301;62300;2025/000074;2025/030074;EQUIPAMIENTO ESCUELA INFANTIL LA PALOMA;201;CENTRO;05;EDUCACIÓN;01;ESCUELAS INFANTILES;;;;;;;0;260,15;260,15;0;0;260,15;217,41;0;0;0;
;;001;180;32301;62300;2025/000074;2025/230074;EQUIPAMIENTO ESCUELA INFANTIL LA GRAN VÍA;216;HORTALEZA;05;EDUCACIÓN;01;ESCUELAS INFANTILES;;;;;;;0;2541;2541;0;0;2541;2123,51;0;0;0;
;;001;180;32301;62300;2025/000074;2025/240074;EQUIPAMIENTO ESCUELA INFANTIL ANA DE AUSTRIA;216;HORTALEZA;05;EDUCACIÓN;01;ESCUELAS INFANTILES;;;;;;;0;2541;2541;0;0;2541;2123,51;0;0;0;
;;001;180;32301;62300;2025/000074;2025/250074;EQUIPAMIENTO ESCUELA INFANTIL LA CHULAPONA;221;BARAJAS;05;EDUCACIÓN;01;ESCUELAS INFANTILES;;;;;;;0;2541;2541;0;0;2541;2123,51;0;0;0;
;;001;180;32301;62300;2025/000074;2025/270074;EQUIPAMIENTO ESCUELA INFANTIL ELENA FORTÚN;208;FUENCARRAL-EL PARDO;05;EDUCACIÓN;01;ESCUELAS INFANTILES;;;;;;;0;4537,5;4537,5;0;0;4537,5;3791,99;0;0;0;
;;001;180;32301;62599;2024/000192;2024/000192;EQUIPAMIENTO NUEVO Y DE REPOSICIÓN ESCUELAS INFANTILES MUNICIPALES;998;VARIOS DISTRITOS;05;EDUCACIÓN;01;ESCUELAS INFANTILES;;;;;;;211485;-207351,96;4133,04;4133,04;0;0;0;0;0;0;
;;001;180;32301;62599;2024/000192;2024/020192;EQUIPAMIENTO ESCUELA INFANTIL EL DUENDE;201;CENTRO;05;EDUCACIÓN;01;ESCUELAS INFANTILES;;;;;;;0;5476,46;5476,46;0;54,76;5421,7;5421,7;5421,7;0;5421,7;
;;001;180;32301;62599;2024/000192;2024/030192;EQUIPAMIENTO ESCUELA INFANTIL EL LIRÓN;214;MORATALAZ;05;EDUCACIÓN;01;ESCUELAS INFANTILES;;;;;;;0;3239,17;3239,17;0;32,39;3206,78;3206,78;3206,78;0;3206,78;
;;001;180;32301;62599;2024/000192;2024/070192;EQUIPAMIENTO ESCUELA INFANTIL SABINA;214;MORATALAZ;05;EDUCACIÓN;01;ESCUELAS INFANTILES;;;;;;;0;145,2;145,2;0;21,78;123,42;123,42;0;0;0;
;;001;180;32301;62599;2024/000192;2024/100192;EQUIPAMIENTO ESCUELA INFANTIL LA PALOMA;201;CENTRO;05;EDUCACIÓN;01;ESCUELAS INFANTILES;;;;;;;0;145,2;145,2;0;21,78;123,42;123,42;0;0;0;
;;001;180;32301;62599;2024/000192;2024/120192;EQUIPAMIENTO ESCUELA INFANTIL POETA GLORIA FUERTES;208;FUENCARRAL-EL PARDO;05;EDUCACIÓN;01;ESCUELAS INFANTILES;;;;;;;0;145,2;145,2;0;21,78;123,42;123,42;0;0;0;
;;001;180;32301;62599;2024/000192;2024/130192;EQUIPAMIENTO ESCUELA INFANTIL LA CORTE DEL FARAÓN;208;FUENCARRAL-EL PARDO;05;EDUCACIÓN;01;ESCUELAS INFANTILES;;;;;;;0;145,2;145,2;0;21,78;123,42;123,42;0;0;0;
;;001;180;32301;62599;2024/000192;2024/140192;EQUIPAMIENTO ESCUELA INFANTIL LAS AMAPOLAS;211;CARABANCHEL;05;EDUCACIÓN;01;ESCUELAS INFANTILES;;;;;;;0;2057;2057;0;20,57;2036,43;2036,43;2036,43;0;2036,43;
;;001;180;32301;62599;2024/000192;2024/150192;EQUIPAMIENTO ESCUELA INFANTIL LOS JUNCOS;219;VICALVARO;05;EDUCACIÓN;01;ESCUELAS INFANTILES;;;;;;;0;5010,61;5010,61;0;851,8;4158,81;4158,81;0;0;0;
;;001;180;32301;62599;2024/000192;2024/160192;EQUIPAMIENTO ESCUELA INFANTIL EL ROCIO;217;VILLAVERDE;05;EDUCACIÓN;01;ESCUELAS INFANTILES;;;;;;;0;9241,98;9241,98;0;1571,14;7670,84;7670,84;0;0;0;
;;001;180;32301;62599;2024/000192;2024/170192;EQUIPAMIENTO ESCUELA INFANTIL LAS MERCEDES;220;SAN BLAS-CANILLEJAS;05;EDUCACIÓN;01;ESCUELAS INFANTILES;;;;;;;0;7374,95;7374,95;0;1253,74;6121,21;6121,21;0;0;0;
;;001;180;32301;62599;2024/000192;2024/180192;EQUIPAMIENTO ESCUELA INFANTIL LA COLINA;221;BARAJAS;05;EDUCACIÓN;01;ESCUELAS INFANTILES;;;;;;;0;28669,74;28669,74;0;2040,92;26628,82;26628,82;17528,86;0;17528,86;
;;001;180;32301;62599;2024/000192;2024/190192;EQUIPAMIENTO ESCUELA INFANTIL LOS GAVILANES;206;TETUAN;05;EDUCACIÓN;01;ESCUELAS INFANTILES;;;;;;;0;145,2;145,2;0;21,78;123,42;123,42;0;0;0;
;;001;180;32301;62599;2024/000192;2024/200192;EQUIPAMIENTO ESCUELA INFANTIL EL FRESNO;208;FUENCARRAL-EL PARDO;05;EDUCACIÓN;01;ESCUELAS INFANTILES;;;;;;;0;145,2;145,2;0;21,78;123,42;123,42;0;0;0;
;;001;180;32301;62599;2024/000192;2024/210192;EQUIPAMIENTO ESCUELA INFANTIL EL MANANTIAL;210;LATINA;05;EDUCACIÓN;01;ESCUELAS INFANTILES;;;;;;;0;145,2;145,2;0;21,78;123,42;123,42;0;0;0;
;;001;180;32301;62599;2024/000192;2024/220192;EQUIPAMIENTO ESCUELA INFANTIL LA VERBENA DE LA PALOMA;210;LATINA;05;EDUCACIÓN;01;ESCUELAS INFANTILES;;;;;;;0;145,2;145,2;0;21,78;123,42;123,42;0;0;0;
;;001;180;32301;62599;2024/000192;2024/230192;EQUIPAMIENTO ESCUELA INFANTIL LA CORNISA;212;USERA;05;EDUCACIÓN;01;ESCUELAS INFANTILES;;;;;;;0;145,2;145,2;0;21,78;123,42;123,42;0;0;0;
;;001;180;32301;62599;2024/000192;2024/240192;EQUIPAMIENTO ESCUELA INFANTIL LUISA FERNANDA;213;PUENTE DE VALLECAS;05;EDUCACIÓN;01;ESCUELAS INFANTILES;;;;;;;0;145,2;145,2;0;21,78;123,42;123,42;0;0;0;
;;001;180;32301;62599;2024/000192;2024/250192;EQUIPAMIENTO ESCUELA INFANTIL GIGANTES Y CABEZUDOS;215;CIUDAD LINEAL;05;EDUCACIÓN;01;ESCUELAS INFANTILES;;;;;;;0;145,2;145,2;0;21,78;123,42;123,42;0;0;0;
;;001;180;32301;62599;2024/000192;2024/260192;EQUIPAMIENTO ESCUELA INFANTIL CIELO AZUL;219;VICALVARO;05;EDUCACIÓN;01;ESCUELAS INFANTILES;;;;;;;0;145,2;145,2;0;21,78;123,42;123,42;0;0;0;
;;001;180;32301;62599;2024/000192;2024/280192;EQUIPAMIENTO ESCUELA INFANTIL AGUA DULCE;206;TETUAN;05;EDUCACIÓN;01;ESCUELAS INFANTILES;;;;;;;0;9428,32;9428,32;0;1602,81;7825,51;7825,51;0;0;0;
;;001;180;32301;62599;2024/000192;2024/290192;EQUIPAMIENTO ESCUELA INFANTIL FÚCAR;201;CENTRO;05;EDUCACIÓN;01;ESCUELAS INFANTILES;;;;;;;0;138629,55;138629,55;0;30928,7;107700,85;107575,55;77135,99;0;77135,99;
;;001;180;32301;62599;2025/000074;2025/000074;EQUIPAMIENTO DE LAS ESCUELAS INFANTILES MUNICIPALES;998;VARIOS DISTRITOS;05;EDUCACIÓN;01;ESCUELAS INFANTILES;;;;;;;119278;-45840,39;73437,61;73437,61;0;0;0;0;0;0;
;;001;180;32301;62599;2025/000074;2025/010074;EQUIPAMIENTO ESCUELA INFANTIL EL DUENDE;201;CENTRO;05;EDUCACIÓN;01;ESCUELAS INFANTILES;;;;;;;0;14054,63;14054,63;0;0;14054,63;10820,54;5969,41;0;5969,41;
;;001;180;32301;62599;2025/000074;2025/020074;EQUIPAMIENTO ESCUELA INFANTIL EL SOL;205;CHAMARTIN;05;EDUCACIÓN;01;ESCUELAS INFANTILES;;;;;;;0;7493,53;7493,53;0;0;7493,53;2839,56;0;0;0;
;;001;180;32301;62599;2025/000074;2025/030074;EQUIPAMIENTO ESCUELA INFANTIL LA PALOMA;201;CENTRO;05;EDUCACIÓN;01;ESCUELAS INFANTILES;;;;;;;0;1245,09;1245,09;0;0;1245,09;1172,82;0;0;0;
;;001;180;32301;62599;2025/000074;2025/040074;EQUIPAMIENTO ESCUELA INFANTIL LOS JUNCOS;219;VICALVARO;05;EDUCACIÓN;01;ESCUELAS INFANTILES;;;;;;;0;17465,56;17465,56;0;0;17465,56;17386,04;16981,56;0;16981,56;
;;001;180;32301;62599;2025/000074;2025/050074;EQUIPAMIENTO ESCUELA INFANTIL LAS AMAPOLAS;211;CARABANCHEL;05;EDUCACIÓN;01;ESCUELAS INFANTILES;;;;;;;0;7589,85;7589,85;0;0;7589,85;7440,29;5097,25;0;5097,25;
;;001;180;32301;62599;2025/000074;2025/060074;EQUIPAMIENTO ESCUELA INFANTIL EL ROCÍO;217;VILLAVERDE;05;EDUCACIÓN;01;ESCUELAS INFANTILES;;;;;;;0;15109,51;15109,51;0;0;15109,51;11897,66;4578,88;0;4578,88;
;;001;180;32301;62599;2025/000074;2025/070074;EQUIPAMIENTO ESCUELA INFANTIL LAS MERCEDES;220;SAN BLAS-CANILLEJAS;05;EDUCACIÓN;01;ESCUELAS INFANTILES;;;;;;;0;18951,14;18951,14;0;0;18951,14;18951,14;18951,14;0;18951,14;
;;001;180;32301;62599;2025/000074;2025/080074;EQUIPAMIENTO ESCUELA INFANTIL LA COLINA;221;BARAJAS;05;EDUCACIÓN;01;ESCUELAS INFANTILES;;;;;;;0;7313,18;7313,18;0;0;7313,18;1266,01;583,16;0;583,16;
;;001;180;32301;62599;2025/000074;2025/090074;EQUIPAMIENTO ESCUELA INFANTIL LA MELONERA;202;ARGANZUELA;05;EDUCACIÓN;02;CENTROS DE EDUCACIÓN ESPECIAL;;;;;;;0;6886,11;6886,11;0;0;6886,11;3443,06;0;0;0;
;;001;180;32301;62599;2025/000074;2025/100074;EQUIPAMIENTO ESCUELA INFANTIL LA ARDILLA;216;HORTALEZA;05;EDUCACIÓN;01;ESCUELAS INFANTILES;;;;;;;0;27084,64;27084,64;0;0;27084,64;15036,67;0;0;0;
;;001;180;32301;62599;2025/000074;2025/110074;EQUIPAMIENTO ESCUELA INFANTIL MARÍA MOLINER, PASEO DE LA DIRECCIÓN;206;TETUAN;05;EDUCACIÓN;01;ESCUELAS INFANTILES;;;;;;;0;21089,31;21089,31;0;0;21089,31;553,19;553,19;0;553,19;
;;001;180;32301;62599;2025/000074;2025/120074;EQUIPAMIENTO ESCUELA INFANTIL LAS PLÉYADES;216;HORTALEZA;05;EDUCACIÓN;01;ESCUELAS INFANTILES;;;;;;;0;31610,04;31610,04;0;0;31610,04;18966,02;0;0;0;
;;001;180;32301;62599;2025/000074;2025/130074;EQUIPAMIENTO ESCUELA INFANTIL EL LIRÓN;214;MORATALAZ;05;EDUCACIÓN;01;ESCUELAS INFANTILES;;;;;;;0;1473,78;1473,78;0;0;1473,78;1024,28;0;0;0;
;;001;180;32301;62599;2025/000074;2025/140074;EQUIPAMIENTO ESCUELA INFANTIL EL BARBERILLO DE LAVAPIÉS;202;ARGANZUELA;05;EDUCACIÓN;01;ESCUELAS INFANTILES;;;;;;;0;982,52;982,52;0;0;982,52;682,85;0;0;0;
;;001;180;32301;62599;2025/000074;2025/150074;EQUIPAMIENTO ESCUELA INFANTIL EL ALBA;202;ARGANZUELA;05;EDUCACIÓN;01;ESCUELAS INFANTILES;;;;;;;0;3427,93;3427,93;0;0;3427,93;2382,41;0;0;0;
;;001;180;32301;62300;2024/000192;2024/000192;EQUIPAMIENTO NUEVO Y DE REPOSICIÓN ESCUELAS INFANTILES MUNICIPALES;998;VARIOS DISTRITOS;05;EDUCACIÓN;01;ESCUELAS INFANTILES;;;;;;;112500;-105486,83;7013,17;7013,17;0;0;0;0;0;0;
;;001;180;32301;62300;2024/000192;2024/070192;EQUIPAMIENTO ESCUELA INFANTIL SABINA;214;MORATALAZ;05;EDUCACIÓN;01;ESCUELAS INFANTILES;;;;;;;0;4537,5;4537,5;0;680,63;3856,87;3856,87;0;0;0;
;;001;180;32301;62300;2024/000192;2024/100192;EQUIPAMIENTO ESCUELA INFANTIL LA PALOMA;201;CENTRO;05;EDUCACIÓN;01;ESCUELAS INFANTILES;;;;;;;0;4537,5;4537,5;0;680,62;3856,88;3856,88;0;0;0;
;;001;180;32301;62300;2024/000192;2024/120192;EQUIPAMIENTO ESCUELA INFANTIL POETA GLORIA FUERTES;208;FUENCARRAL-EL PARDO;05;EDUCACIÓN;01;ESCUELAS INFANTILES;;;;;;;0;4537,5;4537,5;0;680,62;3856,88;3856,88;0;0;0;
;;001;180;32301;62300;2024/000192;2024/130192;EQUIPAMIENTO ESCUELA INFANTIL LA CORTE DEL FARAÓN;208;FUENCARRAL-EL PARDO;05;EDUCACIÓN;01;ESCUELAS INFANTILES;;;;;;;0;4537,5;4537,5;0;680,62;3856,88;3856,88;0;0;0;
;;001;180;32301;62300;2024/000192;2024/190192;EQUIPAMIENTO ESCUELA INFANTIL LOS GAVILANES;206;TETUAN;05;EDUCACIÓN;01;ESCUELAS INFANTILES;;;;;;;0;4537,5;4537,5;0;680,62;3856,88;3856,88;0;0;0;
;;001;180;32301;62300;2024/000192;2024/200192;EQUIPAMIENTO ESCUELA INFANTIL EL FRESNO;208;FUENCARRAL-EL PARDO;05;EDUCACIÓN;01;ESCUELAS INFANTILES;;;;;;;0;4537,5;4537,5;0;680,62;3856,88;3856,88;0;0;0;
;;001;180;32601;62599;2025/000027;2025/000027;EQUIPAMIENTO DE LAS ESCUELAS DE MÚSICA MUNICIPALES;998;VARIOS DISTRITOS;05;EDUCACIÓN;03;ESCUELAS DE MÚSICA;;;;;;;50000;-44716,1;5283,9;5283,9;0;0;0;0;0;0;
;;001;180;32601;62599;2025/000027;2025/010027;EQUIPAMIENTO ESCUELA DE MÚSICA ISAAC ALBÉNIZ;211;CARABANCHEL;05;EDUCACIÓN;03;ESCUELAS DE MÚSICA;;;;;;;0;3888,8;3888,8;0;780,96;3107,84;3107,84;0;0;0;
;;001;180;32601;62599;2025/000027;2025/020027;EQUIPAMIENTO ESCUELA DE MÚSICA FEDERICO CHUECA;216;HORTALEZA;05;EDUCACIÓN;03;ESCUELAS DE MÚSICA;;;;;;;0;1944,4;1944,4;0;390,48;1553,92;1553,92;0;0;0;
;;001;180;32601;62599;2025/000027;2025/030027;EQUIPAMIENTO ESCUELA DE MÚSICA EL CAPRICHO;221;BARAJAS;05;EDUCACIÓN;03;ESCUELAS DE MÚSICA;;;;;;;0;3888,8;3888,8;0;780,96;3107,84;3107,84;0;0;0;
;;001;180;32601;62599;2025/000027;2025/040027;EQUIPAMIENTO ESCUELA DE MÚSICA CIUDAD LINEAL;215;CIUDAD LINEAL;05;EDUCACIÓN;03;ESCUELAS DE MÚSICA;;;;;;;0;3888,8;3888,8;0;780,96;3107,84;3107,84;0;0;0;
;;001;180;32601;62599;2025/000027;2025/050027;EQUIPAMIENTO ESCUELA DE MÚSICA CARMELO ALONSO BERNAOLA;208;FUENCARRAL-EL PARDO;05;EDUCACIÓN;03;ESCUELAS DE MÚSICA;;;;;;;0;1944,4;1944,4;0;390,48;1553,92;1553,92;0;0;0;
;;001;180;32601;62599;2025/000027;2025/060027;EQUIPAMIENTO ESCUELA DE MÚSICA ANTÓN GARCÍA ABRIL;217;VILLAVERDE;05;EDUCACIÓN;03;ESCUELAS DE MÚSICA;;;;;;;0;1944,4;1944,4;0;390,48;1553,92;1553,92;0;0;0;
;;001;180;32601;62599;2025/000027;2025/070027;EQUIPAMIENTO ESCUELA DE MÚSICA ANTONIO MACHADO;220;SAN BLAS-CANILLEJAS;05;EDUCACIÓN;03;ESCUELAS DE MÚSICA;;;;;;;0;1944,4;1944,4;0;390,48;1553,92;1553,92;0;0;0;
;;001;180;32601;62599;2025/000027;2025/080027;EQUIPAMIENTO ESCUELA DE MÚSICA ALMUDENA CANO;202;ARGANZUELA;05;EDUCACIÓN;03;ESCUELAS DE MÚSICA;;;;;;;0;3888,8;3888,8;0;780,96;3107,84;3107,84;0;0;0;
;;001;180;32601;62599;2025/000027;2025/090027;EQUIPAMIENTO ESCUELA DE MÚSICA VILLA DE VALLECAS;218;VILLA DE VALLECAS;05;EDUCACIÓN;03;ESCUELAS DE MÚSICA;;;;;;;0;3888,8;3888,8;0;780,96;3107,84;3107,84;0;0;0;
;;001;180;32601;62599;2025/000027;2025/100027;EQUIPAMIENTO ESCUELA DE MÚSICA DE VICÁLVARO;219;VICALVARO;05;EDUCACIÓN;03;ESCUELAS DE MÚSICA;;;;;;;0;1944,4;1944,4;0;390,48;1553,92;1553,92;0;0;0;
;;001;180;32601;62599;2025/000027;2025/110027;EQUIPAMIENTO ESCUELA DE MÚSICA Y DANZA PLÁCIDO DOMINGO;203;RETIRO;05;EDUCACIÓN;03;ESCUELAS DE MÚSICA;;;;;;;0;5833,2;5833,2;0;1171,48;4661,72;4661,72;0;0;0;
;;001;180;32601;62599;2025/000027;2025/120027;EQUIPAMIENTO ESCUELA DE MÚSICA MARÍA RODRIGO;205;CHAMARTIN;05;EDUCACIÓN;03;ESCUELAS DE MÚSICA;;;;;;;0;1944,4;1944,4;0;390,48;1553,92;1553,92;0;0;0;
;;001;180;32601;62599;2025/000027;2025/130027;EQUIPAMIENTO ESCUELA DE MÚSICA MANUEL VÁZQUEZ MONTALBÁN;206;TETUAN;05;EDUCACIÓN;03;ESCUELAS DE MÚSICA;;;;;;;0;16233,7;16233,7;0;780,96;15452,74;15452,74;12344,9;0;12344,9;
;;001;180;32601;62599;2025/000027;2025/140027;EQUIPAMIENTO ESCUELA DE MÚSICA MAESTRO BARBIERI;212;USERA;05;EDUCACIÓN;03;ESCUELAS DE MÚSICA;;;;;;;0;3888,8;3888,8;0;780,96;3107,84;3107,84;0;0;0;
;;001;180;32601;62599;2025/000031;2025/000031;EQUIPAMIENTO OTROS CENTROS DE ENSEÑANZA MUNICIPALES;998;VARIOS DISTRITOS;05;EDUCACIÓN;05;OTROS CENTROS DE ENSEÑANZA;;;;;;;42500;-25605,55;16894,45;16894,45;0;0;0;0;0;0;
;;001;180;32601;62599;2025/000031;2025/010031;EQUIPAMIENTO ESCUELA MUNICIPAL DE ARTE DRAMÁTICO;201;CENTRO;05;EDUCACIÓN;05;OTROS CENTROS DE ENSEÑANZA;;;;;;;0;10835,55;10835,55;0;0;10835,55;10835,55;10835,55;0;10835,55;
;;001;180;32601;62599;2025/000031;2025/020031;CENTROS DE EDUCACIÓN DE ADULTOS. ADQUISICIÓN DE TABLETS;998;VARIOS DISTRITOS;05;EDUCACIÓN;05;OTROS CENTROS DE ENSEÑANZA;;;;;;;0;2420;2420;0;0;2420;1476,2;0;0;0;
5;FONDO DE REEQUILIBRIO TERRITORIAL;001;180;32601;62599;2023/000281;2023/000281;EQUIPAMIENTO ESCUELA DE MÚSICA DE MORATALAZ;214;MORATALAZ;05;EDUCACIÓN;03;ESCUELAS DE MÚSICA;;;17;FONDO REEQUILIBRIO TERRITORIAL;;;12000;0;12000;4222,4;1561,93;6215,67;6215,67;0;0;0;
5;FONDO DE REEQUILIBRIO TERRITORIAL;001;180;32601;62599;2024/000294;2024/000294;EQUIPAMIENTO ESCUELA DE MÚSICA Y DANZA DEL DISTRITO DE LATINA;210;LATINA;05;EDUCACIÓN;03;ESCUELAS DE MÚSICA;;;17;FONDO REEQUILIBRIO TERRITORIAL;;;350000;82727,31;432727,31;95196,04;2733,37;334797,9;300915;283660,19;0;283660,19;
;;001;180;32601;62601;2025/000031;2025/000031;EQUIPAMIENTO OTROS CENTROS DE ENSEÑANZA MUNICIPALES;998;VARIOS DISTRITOS;05;EDUCACIÓN;05;OTROS CENTROS DE ENSEÑANZA;;;;;;;2500;0;2500;2500;0;0;0;0;0;0;
;;001;180;32601;63300;2025/000031;2025/000031;EQUIPAMIENTO OTROS CENTROS DE ENSEÑANZA MUNICIPALES;998;VARIOS DISTRITOS;05;EDUCACIÓN;05;OTROS CENTROS DE ENSEÑANZA;;;;;;;0;3964,82;3964,82;3964,82;0;0;0;0;0;0;
;;001;180;32601;63300;2025/000031;2025/040031;EQUIPAMIENTO RESIDENCIA NUESTRA SEÑORA DE LA PALOMA CERCEDILLA;999;NO DISTRITALIZABLE;05;EDUCACIÓN;05;OTROS CENTROS DE ENSEÑANZA;;;;;;;0;6035,18;6035,18;0;0;6035,18;6035,18;0;0;0;
;;001;180;32601;63599;2025/000027;2025/000027;EQUIPAMIENTO DE LAS ESCUELAS DE MÚSICA MUNICIPALES;998;VARIOS DISTRITOS;05;EDUCACIÓN;03;ESCUELAS DE MÚSICA;;;;;;;32000;-627,26;31372,74;31372,74;0;0;0;0;0;0;
;;001;180;32601;63599;2025/000027;2025/110027;EQUIPAMIENTO ESCUELA DE MÚSICA Y DANZA PLÁCIDO DOMINGO;203;RETIRO;05;EDUCACIÓN;03;ESCUELAS DE MÚSICA;;;;;;;0;627,26;627,26;0;0;627,26;435,94;0;0;0;
;;001;180;32601;63599;2025/000031;2025/000031;EQUIPAMIENTO OTROS CENTROS DE ENSEÑANZA MUNICIPALES;998;VARIOS DISTRITOS;05;EDUCACIÓN;05;OTROS CENTROS DE ENSEÑANZA;;;;;;;13000;-4442,62;8557,38;8557,38;0;0;0;0;0;0;
;;001;180;32601;63599;2025/000031;2025/010031;EQUIPAMIENTO ESCUELA MUNICIPAL DE ARTE DRAMÁTICO;201;CENTRO;05;EDUCACIÓN;05;OTROS CENTROS DE ENSEÑANZA;;;;;;;0;3083,12;3083,12;0;0;3083,12;3083,12;3083,12;0;3083,12;
;;001;180;32601;63599;2025/000031;2025/030031;EQUIPAMIENTO ESCUELA DE CERÁMICA DE LA MONCLOA;209;MONCLOA-ARAVACA;05;EDUCACIÓN;05;OTROS CENTROS DE ENSEÑANZA;;;;;;;0;1359,5;1359,5;0;0;1359,5;1359,5;1359,5;0;1359,5;
;;001;180;33701;62599;2025/000026;2025/000026;EQUIPAMIENTO CENTROS JUVENILES;998;VARIOS DISTRITOS;11;DEPORTES, JUVENTUD  Y ESPARCIMIENTO;03;CENTROS JUVENILES;;;;;;;18000;-17999,95;0,05;0,05;0;0;0;0;0;0;
;;001;180;33701;62599;2025/000026;2025/010026;EQUIPAMIENTO CENTRO JUVENIL TETUÁN PUNTO JOVEN;206;TETUAN;11;DEPORTES, JUVENTUD  Y ESPARCIMIENTO;03;CENTROS JUVENILES;;;;;;;0;1106,99;1106,99;0;0;1106,99;1106,99;1106,99;0;1106,99;
;;001;180;33701;62599;2025/000026;2025/020026;EQUIPAMIENTO CENTRO JUVENIL CARABANCHEL ALTO;211;CARABANCHEL;11;DEPORTES, JUVENTUD  Y ESPARCIMIENTO;03;CENTROS JUVENILES;;;;;;;0;818,75;818,75;0;0;818,75;818,75;818,75;0;818,75;
;;001;180;33701;62599;2025/000026;2025/030026;EQUIPAMIENTO CENTRO JUVENIL CHAMBERÍ;207;CHAMBERI;11;DEPORTES, JUVENTUD  Y ESPARCIMIENTO;03;CENTROS JUVENILES;;;;;;;0;834,08;834,08;0;0;834,08;834,08;834,08;0;834,08;
;;001;180;33701;62599;2025/000026;2025/040026;EQUIPAMIENTO CENTRO JUVENIL EL ALEPH;218;VILLA DE VALLECAS;11;DEPORTES, JUVENTUD  Y ESPARCIMIENTO;03;CENTROS JUVENILES;;;;;;;0;818,75;818,75;0;0;818,75;818,75;818,75;0;818,75;
;;001;180;33701;62599;2025/000026;2025/050026;EQUIPAMIENTO CENTRO JUVENIL EL PARDO;208;FUENCARRAL-EL PARDO;11;DEPORTES, JUVENTUD  Y ESPARCIMIENTO;03;CENTROS JUVENILES;;;;;;;0;7825,13;7825,13;0;0;7825,13;6466,36;545,83;0;545,83;
;;001;180;33701;62599;2025/000026;2025/060026;EQUIPAMIENTO CENTRO JUVENIL EL SITIO DE MI RECREO;213;PUENTE DE VALLECAS;11;DEPORTES, JUVENTUD  Y ESPARCIMIENTO;03;CENTROS JUVENILES;;;;;;;0;1668,15;1668,15;0;0;1668,15;1668,15;1668,15;0;1668,15;
;;001;180;33701;62599;2025/000026;2025/070026;EQUIPAMIENTO CENTRO JUVENIL HONTALBILLA;208;FUENCARRAL-EL PARDO;11;DEPORTES, JUVENTUD  Y ESPARCIMIENTO;03;CENTROS JUVENILES;;;;;;;0;2971,7;2971,7;0;0;2971,7;2717,6;2047,26;0;2047,26;
;;001;180;33701;62599;2025/000026;2025/080026;EQUIPAMIENTO CENTRO JUVENIL OUKA LEELE;202;ARGANZUELA;11;DEPORTES, JUVENTUD  Y ESPARCIMIENTO;03;CENTROS JUVENILES;;;;;;;0;1956,4;1956,4;0;0;1956,4;1956,4;1956,4;0;1956,4;
5;FONDO DE REEQUILIBRIO TERRITORIAL;001;180;33701;62599;2022/000482;2022/000482;EQUIPAMIENTO CENTRO JUVENIL ZOFÍO, C/ AVENA, 5;212;USERA;11;DEPORTES, JUVENTUD  Y ESPARCIMIENTO;03;CENTROS JUVENILES;;;17;FONDO REEQUILIBRIO TERRITORIAL;;;0;2730;2730;0,85;0;2729,15;2729,15;2729,15;0;2729,15;
;;001;190;15320;62301;2025/000065;2025/000065;SERVICIOS ADMINISTRATIVOS ÁREA DE OBRAS Y EQUIPAMIENTOS. INSTALACIONES TÉCNICAS;999;NO DISTRITALIZABLE;00;INVERSIONES DE CARÁCTER GENERAL;01;SERVICIOS ADMINISTRATIVOS CENTRALES;;;;;;;2000;0;2000;2000;0;0;0;0;0;0;
;;001;190;15320;62500;2024/000054;2024/000054;SERVICIOS ADMINISTRATIVOS ÁREA OBRAS Y EQUIPAMIENTOS. MOBILIARIO Y EQUIPOS DE OFICINA;999;NO DISTRITALIZABLE;00;INVERSIONES DE CARÁCTER GENERAL;01;SERVICIOS ADMINISTRATIVOS CENTRALES;;;;;;;0;484,68;484,68;0;0;484,68;484,68;484,68;0;484,68;
;;001;190;15320;62500;2025/000066;2025/000066;SERVICIOS ADMINISTRATIVOS ÁREA OBRAS Y EQUIPAMIENTOS. MOBILIARIO Y EQUIPOS DE OFICINA;999;NO DISTRITALIZABLE;00;INVERSIONES DE CARÁCTER GENERAL;01;SERVICIOS ADMINISTRATIVOS CENTRALES;;;;;;;22000;4868,32;26868,32;9270,08;0;17598,24;17598,24;17598,24;0;17598,24;
;;001;190;15320;62599;2025/000068;2025/000068;SERVICIOS ADMINISTRATIVOS ÁREA OBRAS Y EQUIPAMIENTOS. OTRO MOBILIARIO Y ENSERES;999;NO DISTRITALIZABLE;00;INVERSIONES DE CARÁCTER GENERAL;01;SERVICIOS ADMINISTRATIVOS CENTRALES;;;;;;;2000;2385;4385;1785,31;0;2599,69;2599,69;2599,69;0;2599,69;
;;001;190;15320;62999;2025/001134;2025/001134;DEPENDENCIAS ADMINISTRATIVAS OBRAS Y EQUIPAMIENTOS, C/BARCO, 20. VALLA PERIMETRAL PATIO;999;NO DISTRITALIZABLE;00;INVERSIONES DE CARÁCTER GENERAL;01;SERVICIOS ADMINISTRATIVOS CENTRALES;;;;;;;0;1057;1057;0;0;1057;1057;1057;0;1057;
;;001;190;15320;63599;2025/000068;2025/000068;SERVICIOS ADMINISTRATIVOS ÁREA OBRAS Y EQUIPAMIENTOS. OTRO MOBILIARIO Y ENSERES;999;NO DISTRITALIZABLE;00;INVERSIONES DE CARÁCTER GENERAL;01;SERVICIOS ADMINISTRATIVOS CENTRALES;;;;;;;0;3636;3636;3636;0;0;0;0;0;0;
;;001;190;15320;64100;2024/000390;2024/000390;APLICACIONES INFORMATICAS PARA DISEÑO ARQUITECTÓNICO, CONSTRUCCIÓN E INGENIERÍA ESTRUCTURAL;999;NO DISTRITALIZABLE;00;INVERSIONES DE CARÁCTER GENERAL;01;SERVICIOS ADMINISTRATIVOS CENTRALES;;;;;;;348381;-348381;0;0;0;0;0;0;0;0;
;;001;190;15321;61911;2025/000303;2025/040303;MURO MICROPILOTES CALLE AMPÉLIDO, 17. ADECUACIÓN RAMPA Y ACCESIBILIDAD;210;LATINA;08;MANTENIMIENTO URBANO;02;VÍAS PÚBLICAS;;;;;;;0;368487,5;368487,5;0;0;368487,5;368487,5;335648,09;0;335648,09;
;;001;190;15321;61911;2025/000303;2025/050303;MUROS DE LA CALLE DE LOS MARINEROS. ADECUACIÓN DE RAMPA Y ACCESIBILIDAD;220;SAN BLAS-CANILLEJAS;08;MANTENIMIENTO URBANO;02;VÍAS PÚBLICAS;;;;;;;0;320615,96;320615,96;0;0;320615,96;320615,96;82118,42;0;82118,42;
;;001;190;15321;61911;2025/000303;2025/060303;MURO INTERBLOQUES CALLE CAZORLA, 3-27 Y AVENIDA MIGUEL HERNÁNDEZ. ADECUACIÓN;213;PUENTE DE VALLECAS;08;MANTENIMIENTO URBANO;02;VÍAS PÚBLICAS;;;;;;;0;192906,45;192906,45;0;0;192906,45;192906,45;109476,01;0;109476,01;
;;001;190;15321;61911;2025/000303;2025/070303;PASO INFERIOR GRAN VÍA DEL ESTE CON AURORA BOREAL Y PIROTECNIA. OBRAS DE ACONDICIONAMIENTO;219;VICALVARO;08;MANTENIMIENTO URBANO;02;VÍAS PÚBLICAS;;;;;;;0;1070673,68;1070673,68;0;0;1070673,68;1070673,68;103590,57;0;4725,58;
;;001;190;15321;61911;2025/000303;2025/080303;PASOS ELEVADOS AVENIDA PUERTA DE HIERRO – CIUDAD UNIVERSITARIA SOBRE A-6. OBRAS DE ACONDICIONAMIENTO;209;MONCLOA-ARAVACA;08;MANTENIMIENTO URBANO;04;CONSERVACIÓN  PASOS A DISTINTO NIVEL;;;;;;;0;1000000;1000000;0;0;1000000;1000000;281428,51;0;281428,51;
;;001;190;15321;61911;2025/000303;2025/090303;PASO ELEVADO JOSÉ VASCONCELOS SOBRE PASEO CASTELLANA. OBRAS REPARACIÓN Y MEJORA IMPERMEABILIZACIÓN;205;CHAMARTIN;08;MANTENIMIENTO URBANO;04;CONSERVACIÓN  PASOS A DISTINTO NIVEL;;;;;;;0;544377,97;544377,97;0;0;544377,97;544377,97;55235,93;0;55235,93;
;;001;190;15321;61911;2025/000303;2025/100303;PASARELA PEATONAL CAMPOTEJAR-CENSO SOBRE FERROCARRIL, ESTACIÓN ORCASITAS. ACONDICIONAMIENTO;212;USERA;08;MANTENIMIENTO URBANO;04;CONSERVACIÓN  PASOS A DISTINTO NIVEL;;;;;;;0;100000;100000;0;0;100000;100000;0;0;0;
;;001;190;15321;61911;2025/000303;2025/110303;PUENTE CELEORAMA GÓMEZ MONTIJA SOBRE M-40. OBRAS DE REHABILITACIÓN ESTRUCTURAL;208;FUENCARRAL-EL PARDO;08;MANTENIMIENTO URBANO;02;VÍAS PÚBLICAS;;;;;;;0;192355,16;192355,16;0;0;192355,16;192355,16;0;0;0;
;;001;190;15321;61911;2025/000303;2025/120303;PASO INFERIOR PUERTA HIERRO BAJO A-6. CONSOLIDACIÓN ESTRUCTURAL Y GENERACIÓN ENTRADA MANTENIMIENTO;209;MONCLOA-ARAVACA;08;MANTENIMIENTO URBANO;04;CONSERVACIÓN  PASOS A DISTINTO NIVEL;;;;;;;0;200000;200000;0;0;200000;200000;0;0;0;
;;001;190;15321;68101;2024/000316;2024/000316;PASEO DE LA DIRECCIÓN, DISTRITO DE TETUAN. OBRAS DE URBANIZACIÓN;206;TETUAN;06;URBANISMO;06;URBANIZACIÓN SUELO PATRIMONIAL;;;;;;;3305048;-501480,53;2803567,47;240671,54;0;2562895,93;2562895,93;844035,28;0;810562,72;
;;001;190;15321;68101;2025/000298;2025/000298;OBRAS DE NUEVA URBANIZACIÓN EN SUELO PATRIMONIAL;998;VARIOS DISTRITOS;06;URBANISMO;06;URBANIZACIÓN SUELO PATRIMONIAL;;;;;;;211123;-94601,4;116521,6;116521,6;0;0;0;0;0;0;
;;001;190;15321;68101;2025/000298;2025/010298;CALLE ADRIÁN PULIDO C/V. PAMPLONA. OBRAS DE URBANIZACIÓN PARA MEJORA DE LA ACCESIBILIDAD;206;TETUAN;06;URBANISMO;06;URBANIZACIÓN SUELO PATRIMONIAL;;;;;;;0;94601,4;94601,4;0;0;94601,4;94601,4;56193,98;0;56074,44;
1;INCORPORACIONES REMANENTES OBLIGATORIAS;001;190;15321;60903;2018/000597;2018/000597;C/ ADRIÁN ANDRÉS, 1. OBRAS ACCESORIAS DE URBANIZACIÓN;209;MONCLOA-ARAVACA;06;URBANISMO;04;URBANIZACIÓN SUELO A CARGO DE PARTICULARES;;;;;;;0;11813,04;11813,04;11813,04;0;0;0;0;0;0;
1;INCORPORACIONES REMANENTES OBLIGATORIAS;001;190;15321;60903;2018/000602;2018/000602;C/ ANTONIA LANCHA, 10. OBRAS ACCESORIAS DE URBANIZACIÓN;211;CARABANCHEL;06;URBANISMO;04;URBANIZACIÓN SUELO A CARGO DE PARTICULARES;;;;;;;0;25799,47;25799,47;25799,47;0;0;0;0;0;0;
1;INCORPORACIONES REMANENTES OBLIGATORIAS;001;190;15321;60903;2019/000603;2019/000603;C/ PICO DE LA MIEL, 18. OBRAS ACCESORIAS DE URBANIZACIÓN;209;MONCLOA-ARAVACA;06;URBANISMO;04;URBANIZACIÓN SUELO A CARGO DE PARTICULARES;;;;;;;0;32479,34;32479,34;1181,76;0;31297,58;31297,58;0;0;0;
1;INCORPORACIONES REMANENTES OBLIGATORIAS;001;190;15321;60903;2021/001506;2021/001506;AVENIDA DE ANDALUCÍA, 66. OBRAS ACCESORIAS DE URBANIZACIÓN;217;VILLAVERDE;06;URBANISMO;04;URBANIZACIÓN SUELO A CARGO DE PARTICULARES;;;;;;;0;245677,31;245677,31;209093,1;0;36584,21;36584,21;0;0;0;
1;INCORPORACIONES REMANENTES OBLIGATORIAS;001;190;15321;60903;2022/001310;2022/001310;C/ ISLAS DE CABO VERDE, 2. OBRAS ACCESORIAS DE URBANIZACIÓN;208;FUENCARRAL-EL PARDO;06;URBANISMO;04;URBANIZACIÓN SUELO A CARGO DE PARTICULARES;;;;;;;0;57851,24;57851,24;57851,24;0;0;0;0;0;0;
1;INCORPORACIONES REMANENTES OBLIGATORIAS;001;190;15321;60903;2023/001397;2023/001397;APE 10.18 Pº EXTREMADURA, 177. OBRAS ACCESORIAS DE URBANIZACIÓN;210;LATINA;06;URBANISMO;04;URBANIZACIÓN SUELO A CARGO DE PARTICULARES;;;;;;;0;47117,98;47117,98;44067,21;0;3050,77;3050,77;3050,77;0;3050,77;
1;INCORPORACIONES REMANENTES OBLIGATORIAS;001;190;15321;60903;2023/001471;2023/001471;AVENIDA DE MARCONI, 14. OBRAS ACCESORIAS DE URBANIZACIÓN;217;VILLAVERDE;06;URBANISMO;04;URBANIZACIÓN SUELO A CARGO DE PARTICULARES;;;;;;;0;290380,05;290380,05;290380,05;0;0;0;0;0;0;
1;INCORPORACIONES REMANENTES OBLIGATORIAS;001;190;15321;60903;2024/001046;2024/001046;CALLE LÉRIDA, 41. OBRAS ACCESORIAS DE URBANIZACIÓN;206;TETUAN;06;URBANISMO;04;URBANIZACIÓN SUELO A CARGO DE PARTICULARES;;;;;;;0;26242,11;26242,11;14189,26;0;12052,85;12052,85;5573,41;0;5573,41;
1;INCORPORACIONES REMANENTES OBLIGATORIAS;001;190;15321;60903;2024/001047;2024/001047;CALLE CAPITÁN BLANCO ARGIBAY, 46. OBRAS ACCESORIAS DE URBANIZACIÓN;206;TETUAN;06;URBANISMO;04;URBANIZACIÓN SUELO A CARGO DE PARTICULARES;;;;;;;0;43606,74;43606,74;13116,02;0;30490,72;30490,72;0;0;0;
1;INCORPORACIONES REMANENTES OBLIGATORIAS;001;190;15321;60903;2024/001063;2024/001063;AVENIDA CARDENAL HERRERA ORIA, 318. OBRAS ACCESORIAS DE URBANIZACIÓN;208;FUENCARRAL-EL PARDO;06;URBANISMO;04;URBANIZACIÓN SUELO A CARGO DE PARTICULARES;;;;;;;0;637,11;637,11;316,22;0;320,89;320,89;0;0;0;
1;INCORPORACIONES REMANENTES OBLIGATORIAS;001;190;15321;60903;2024/001103;2024/001103;CALLE PIRITA, 20. OBRAS ACCESORIAS DE URBANIZACIÓN;212;USERA;06;URBANISMO;04;URBANIZACIÓN SUELO A CARGO DE PARTICULARES;;;;;;;0;84,88;84,88;28,26;0;56,62;56,62;0;0;0;
1;INCORPORACIONES REMANENTES OBLIGATORIAS;001;190;15321;60903;2024/001182;2024/001182;CALLE LA MILAGROSA, 22. OBRAS ACCESORIAS DE URBANIZACIÓN;210;LATINA;06;URBANISMO;04;URBANIZACIÓN SUELO A CARGO DE PARTICULARES;;;;;;;0;2254,39;2254,39;50,81;0;2203,58;2203,58;2200,68;0;2200,68;
1;INCORPORACIONES REMANENTES OBLIGATORIAS;001;190;15321;60903;2024/001183;2024/001183;CALLE JULIO 23 EN EL AMBITO AP20.10 COLONIA FIN DE SEMANA. OBRAS ACCESORIAS DE URBANIZACIÓN;220;SAN BLAS-CANILLEJAS;06;URBANISMO;04;URBANIZACIÓN SUELO A CARGO DE PARTICULARES;;;;;;;0;4985,02;4985,02;679,3;0;4305,72;4305,72;4195,12;0;4195,12;
1;INCORPORACIONES REMANENTES OBLIGATORIAS;001;190;15321;60903;2024/001184;2024/001184;CALLE PIRITA, 14 C/V CALLE INDALECIO FERNÁNDEZ. OBRAS ACCESORIAS DE URBANIZACIÓN;212;USERA;06;URBANISMO;04;URBANIZACIÓN SUELO A CARGO DE PARTICULARES;;;;;;;0;4699,63;4699,63;4453,3;0;246,33;246,33;0;0;0;
1;INCORPORACIONES REMANENTES OBLIGATORIAS;001;190;15321;60903;2024/001185;2024/001185;C/ CEDROS, 88 C/V C/ ALEMANIA C/V C/ MARTIRES DE LA VENTILLA. OBRAS ACCESORIAS DE URBANIZACIÓN;206;TETUAN;06;URBANISMO;04;URBANIZACIÓN SUELO A CARGO DE PARTICULARES;;;;;;;0;58309,53;58309,53;0,24;0;58309,29;58309,29;58309,29;0;58309,29;
1;INCORPORACIONES REMANENTES OBLIGATORIAS;001;190;15321;60903;2024/001186;2024/001186;CALLE CERCIS, 60. OBRAS ACCESORIAS DE URBANIZACIÓN;206;TETUAN;06;URBANISMO;04;URBANIZACIÓN SUELO A CARGO DE PARTICULARES;;;;;;;0;2788,62;2788,62;614,16;0;2174,46;2174,46;0;0;0;
1;INCORPORACIONES REMANENTES OBLIGATORIAS;001;190;15321;60903;2024/001187;2024/001187;CALLE MÁRTIRES DE LA VENTILLA, 3-5. OBRAS ACCESORIAS DE URBANIZACIÓN;206;TETUAN;06;URBANISMO;04;URBANIZACIÓN SUELO A CARGO DE PARTICULARES;;;;;;;0;13513,07;13513,07;6446,28;0;7066,79;7066,79;0;0;0;
1;INCORPORACIONES REMANENTES OBLIGATORIAS;001;190;15321;60903;2024/001189;2024/001189;C/ BERMEO 38. OBRAS ACCESORIAS DE URBANIZACIÓN;209;MONCLOA-ARAVACA;06;URBANISMO;04;URBANIZACIÓN SUELO A CARGO DE PARTICULARES;;;;;;;0;1156,72;1156,72;51,98;0;1104,74;1104,74;1104,74;0;0;
1;INCORPORACIONES REMANENTES OBLIGATORIAS;001;190;15321;60903;2024/001190;2024/001190;CALLE DOCTOR JUAN JOSÉ LÓPEZ IBOR, 2. OBRAS ACCESORIAS DE URBANIZACIÓN;209;MONCLOA-ARAVACA;06;URBANISMO;04;URBANIZACIÓN SUELO A CARGO DE PARTICULARES;;;;;;;0;641878,51;641878,51;641878,51;0;0;0;0;0;0;
1;INCORPORACIONES REMANENTES OBLIGATORIAS;001;190;15321;60903;2024/001237;2024/001237;AVENIDA DE AMÉRICA, 51. OBRAS ACCESORIAS DE URBANIZACIÓN;205;CHAMARTIN;06;URBANISMO;04;URBANIZACIÓN SUELO A CARGO DE PARTICULARES;;;;;;;0;843,51;843,51;681,49;0;162,02;162,02;162,02;0;162,02;
1;INCORPORACIONES REMANENTES OBLIGATORIAS;001;190;15321;60903;2024/001339;2024/001339;CALLE BELLVER, 10. OBRAS ACCESORIAS DE URBANIZACIÓN;206;TETUAN;06;URBANISMO;04;URBANIZACIÓN SUELO A CARGO DE PARTICULARES;;;;;;;0;9864,55;9864,55;79,3;0;9785,25;9785,25;0;0;0;
1;INCORPORACIONES REMANENTES OBLIGATORIAS;001;190;15321;60903;2024/001340;2024/001340;CALLE MIOSOTIS, 48-50. OBRAS ACCESORIAS DE URBANIZACIÓN;206;TETUAN;06;URBANISMO;04;URBANIZACIÓN SUELO A CARGO DE PARTICULARES;;;;;;;0;94856,56;94856,56;7636,34;0;87220,22;87220,22;42840,53;0;42840,53;
;;001;190;15321;60904;2025/000305;2025/000305;OBRAS DE URBANIZACIÓN A CARGO DEL AYUNTAMIENTO;998;VARIOS DISTRITOS;06;URBANISMO;01;URBANIZACIÓN SUELO A CARGO DEL AYUNTAMIENTO;;;;;;;483807;-483805,32;1,68;1,68;0;0;0;0;0;0;
;;001;190;15321;60904;2025/000305;2025/010305;CALLES CONEXIÓN MARÍA TERESA ROBLEDO CON JAVIER DE MIGUEL. URBANIZACIÓN Y ADECUACIÓN ACCESIBILIDAD;213;PUENTE DE VALLECAS;06;URBANISMO;01;URBANIZACIÓN SUELO A CARGO DEL AYUNTAMIENTO;;;;;;;0;476218,78;476218,78;0;0;476218,78;476218,78;41190,5;0;41190,5;
;;001;190;15321;60904;2025/000305;2025/020305;CALLE Mª MARTÍNEZ, ENTRE CALLES OROPENDOLA Y ANGEL RIPOLL. URBANIZACIÓN Y ADECUACIÓN ACCESIBILIDAD;211;CARABANCHEL;06;URBANISMO;01;URBANIZACIÓN SUELO A CARGO DEL AYUNTAMIENTO;;;;;;;0;222399,04;222399,04;0;0;222399,04;222399,04;222255,88;0;196046,64;
;;001;190;15321;60904;2025/000305;2025/030305;AV. CARDENAL HERRERA ORIA, 269 C/V C/ ISLA DE TABARCA. URBANIZACIÓN Y ADECUACIÓN ESPACIO PÚBLICO;208;FUENCARRAL-EL PARDO;06;URBANISMO;01;URBANIZACIÓN SUELO A CARGO DEL AYUNTAMIENTO;;;;;;;0;318519,5;318519,5;0;0;318519,5;318519,5;66304,63;0;3317,77;
;;001;190;15321;61910;2021/000466;2021/000466;POLÍGONOS INDUSTRIALES DE LA CIUDAD. OBRAS DE PAVIMENTACIÓN Y MEJORA;998;VARIOS DISTRITOS;08;MANTENIMIENTO URBANO;02;VÍAS PÚBLICAS;;;;;;;0;3637,74;3637,74;3637,74;0;0;0;0;0;0;
;;001;190;15321;61910;2021/000466;2022/001324;POLÍGONO INDUSTRIAL CAMINO DE HORMIGUERAS, VILLA DE VALLECAS. OBRAS DE PAVIMENTACIÓN Y MEJORA;218;VILLA DE VALLECAS;08;MANTENIMIENTO URBANO;02;VÍAS PÚBLICAS;;;;;;;0;113733,78;113733,78;0;0;113733,78;113733,78;113733,78;0;113733,78;
;;001;190;15321;61910;2024/000308;2024/000308;ENTORNOS ESCOLARES. ADECUACIÓN DE VÍAS Y ESPACIOS PÚBLICOS;998;VARIOS DISTRITOS;08;MANTENIMIENTO URBANO;02;VÍAS PÚBLICAS;;;;;;;2963565;-2961483,31;2081,69;2081,69;0;0;0;0;0;0;
;;001;190;15321;61910;2024/000308;2024/020308;ENTORNO COLEGIO PÚBLICO MENÉNDEZ PELAYO. ADECUACIÓN VÍAS Y ESPACIO PÚBLICO;202;ARGANZUELA;08;MANTENIMIENTO URBANO;02;VÍAS PÚBLICAS;;;;;;;0;330441,72;330441,72;0;0;330441,72;330441,72;225750,8;0;225750,8;
;;001;190;15321;61910;2024/000308;2024/040308;ENTORNO COLEGIO PÚBLICO HERMANOS PINZÓN. ADECUACIÓN DE VÍAS Y ESPACIOS PÚBLICOS;210;LATINA;08;MANTENIMIENTO URBANO;02;VÍAS PÚBLICAS;;;;;;;0;236356,11;236356,11;0;0;236356,11;236356,11;141245,64;0;141245,64;
;;001;190;15321;61910;2024/000308;2024/050308;ENTORNO COLEGIO PÚBLICO RAMÓN MARÍA DEL VALLE INCLÁN. ADECUACIÓN DE VÍAS Y ESPACIOS PÚBLICOS;220;SAN BLAS-CANILLEJAS;08;MANTENIMIENTO URBANO;02;VÍAS PÚBLICAS;;;;;;;0;576844,41;576844,41;0;0;576844,41;576844,41;383961,32;0;243608,51;
;;001;190;15321;61910;2024/000308;2024/080308;ENTORNO ESCOLAR C/ POETA BLAS DE OTERO. ADECUACIÓN DE VÍAS Y ESPACIOS PÚBLICOS;215;CIUDAD LINEAL;08;MANTENIMIENTO URBANO;02;VÍAS PÚBLICAS;;;;;;;0;174013,55;174013,55;0;0;174013,55;174013,55;89753,88;0;89753,88;
;;001;190;15321;61910;2024/000308;2024/130308;ENTORNO ESCOLAR CALLE NUEVA ZELANDA. ADECUACIÓN DE VÍAS Y ESPACIOS PÚBLICOS;209;MONCLOA-ARAVACA;08;MANTENIMIENTO URBANO;02;VÍAS PÚBLICAS;;;;;;;0;818654,14;818654,14;0;0;818654,14;818654,14;560142,81;0;515638,68;
;;001;190;15321;61910;2024/000308;2024/140308;ENTORNO ESCOLAR CALLE MELCHOR FERNÁNDEZ ALMAGRO. ADECUACIÓN DE VÍAS Y ESPACIOS PÚBLICOS;208;FUENCARRAL-EL PARDO;08;MANTENIMIENTO URBANO;02;VÍAS PÚBLICAS;;;;;;;0;447149,89;447149,89;0;0;447149,89;447149,89;447145,49;0;447145,49;
;;001;190;15321;61910;2024/000309;2024/000309;CALZADAS Y PAVIMENTOS EN LA CIUDAD DE MADRID. ADECUACIÓN Y MEJORA;998;VARIOS DISTRITOS;08;MANTENIMIENTO URBANO;02;VÍAS PÚBLICAS;;;;;;;0;99,83;99,83;99,83;0;0;0;0;0;0;
;;001;190;15321;61910;2024/000309;2024/150309;CALLE ORIA Y OTRAS, DISTRITO DE CHAMARTÍN. MEJORA DE LAS CONDICIONES DE RODADURA;205;CHAMARTIN;08;MANTENIMIENTO URBANO;02;VÍAS PÚBLICAS;;;;;;;0;41933,61;41933,61;0;0;41933,61;41933,61;41933,61;0;41933,61;
;;001;190;15321;61910;2024/000309;2024/170309;CALLE LAGASCA Y OTRAS, DISTRITO DE SALAMANCA. MEJORA DE LAS CONDICIONES DE RODADURA;204;SALAMANCA;08;MANTENIMIENTO URBANO;02;VÍAS PÚBLICAS;;;;;;;0;966,56;966,56;0;0;966,56;966,56;966,56;0;966,56;
;;001;190;15321;61910;2024/000309;2024/380309;CALLE YERMA. MEJORA DE LAS CONDICIONES DE RODADURA;215;CIUDAD LINEAL;08;MANTENIMIENTO URBANO;02;VÍAS PÚBLICAS;;;;;;;0;833,4;833,4;0;0;833,4;833,4;833,4;0;833,4;
;;001;190;15321;61910;2024/000310;2024/000310;VÍAS PÚBLICAS DE LA CIUDAD DE MADRID. ADECUACIÓN VIALES Y MEJORA DE LA ACCESIBILIDAD;998;VARIOS DISTRITOS;08;MANTENIMIENTO URBANO;02;VÍAS PÚBLICAS;;;;;;;10741659;-10712287,47;29371,53;29371,53;0;0;0;0;0;0;
;;001;190;15321;61910;2024/000310;2024/030310;CALLE MIGUEL SOLAS. ADECUACIÓN DE VIALES;217;VILLAVERDE;08;MANTENIMIENTO URBANO;02;VÍAS PÚBLICAS;;;;;;;0;53992,43;53992,43;0;0;53992,43;53992,43;35004,25;0;35004,25;
;;001;190;15321;61910;2024/000310;2024/040310;PLAZA DE MONTERREY. ADECUACIÓN DE VIALES;216;HORTALEZA;08;MANTENIMIENTO URBANO;02;VÍAS PÚBLICAS;;;;;;;0;125501,37;125501,37;0;0;125501,37;125501,37;124445,13;0;124445,13;
;;001;190;15321;61910;2024/000310;2024/050310;ENTORNO PLAZA DE SAN CRISTOBAL. ADECUACIÓN DE VIALES Y MEJORA DE LA ACCESIBILIDAD;220;SAN BLAS-CANILLEJAS;08;MANTENIMIENTO URBANO;02;VÍAS PÚBLICAS;;;;;;;0;447731,92;447731,92;0;0;447731,92;447731,92;325235,55;0;325235,55;
;;001;190;15321;61910;2024/000310;2024/060310;VÍAS PÚBLICAS BAJO EL PUENTE DE RAIMUNDO FERNÁNDEZ VILLAVERDE. ADECUACIÓN Y MEJORA ACCESIBILIDAD;998;VARIOS DISTRITOS;08;MANTENIMIENTO URBANO;02;VÍAS PÚBLICAS;;;;;;;0;299314,3;299314,3;0;0;299314,3;299314,3;215237,2;0;215237,2;
;;001;190;15321;61910;2024/000310;2024/100310;CALLE YÉBENES, 123 A 129. ADECUACIÓN DE VIALES Y MEJORA DE LA ACCESIBILIDAD;210;LATINA;08;MANTENIMIENTO URBANO;02;VÍAS PÚBLICAS;;;;;;;0;116722,52;116722,52;0;0;116722,52;116722,52;61563,46;0;61563,46;
;;001;190;15321;61910;2024/000310;2024/110310;AVENIDA DE LA PESETA. ADECUACIÓN DE VIALES Y CARRIL BICI EN SECTOR OESTE;211;CARABANCHEL;08;MANTENIMIENTO URBANO;02;VÍAS PÚBLICAS;;;;;;;0;478222,47;478222,47;0;0;478222,47;478222,47;478215,92;0;478215,92;
;;001;190;15321;61910;2024/000310;2024/120310;CALLE SOLEDAD CAZORLA. ADECUACIÓN DE VÍAS Y ESPACIOS PÚBLICOS;210;LATINA;08;MANTENIMIENTO URBANO;02;VÍAS PÚBLICAS;;;;;;;0;353422,38;353422,38;0;0;353422,38;353422,38;203730,86;0;203730,86;
;;001;190;15321;61910;2024/000310;2024/140310;CALLE ARCINIEGA, 9 A 31. ADECUACIÓN DE VIALES Y MEJORA DE LA ACCESIBILIDAD;209;MONCLOA-ARAVACA;08;MANTENIMIENTO URBANO;02;VÍAS PÚBLICAS;;;;;;;0;81808,96;81808,96;0;0;81808,96;81808,96;81808,96;0;81808,96;
;;001;190;15321;61910;2024/000310;2024/160310;CELLE CEBREROS, 85 A 89. ADECUACIÓN DE VIALES Y MEJORA DE LA ACCESIBILIDAD;210;LATINA;08;MANTENIMIENTO URBANO;02;VÍAS PÚBLICAS;;;;;;;0;68644,04;68644,04;0;0;68644,04;68644,04;48934,99;0;48934,99;
;;001;190;15321;61910;2024/000310;2024/180310;CALLE GOMEZNARRO, 4 A 6. ADECUACIÓN DE VIALES Y MEJORA DE LA ACCESIBILIDAD;216;HORTALEZA;08;MANTENIMIENTO URBANO;02;VÍAS PÚBLICAS;;;;;;;0;294713,33;294713,33;0;0;294713,33;294713,33;137236,24;0;137236,24;
;;001;190;15321;61910;2024/000310;2024/190310;CALLE SAN CLAUDIO, 25 A 61. ADECUACIÓN DE VIALES Y MEJORA DE LA ACCESIBILIDAD;213;PUENTE DE VALLECAS;08;MANTENIMIENTO URBANO;02;VÍAS PÚBLICAS;;;;;;;0;602489,57;602489,57;0;0;602489,57;602489,57;602489,57;0;602489,57;
;;001;190;15321;61910;2024/000310;2024/200310;CALLE LUIS DE HOYOS SAINZ. ADECUACIÓN DE VIALES Y MEJORA DE LA ACCESIBILIDAD;214;MORATALAZ;08;MANTENIMIENTO URBANO;02;VÍAS PÚBLICAS;;;;;;;0;16781,11;16781,11;0;0;16781,11;16781,11;16781,11;0;16781,11;
;;001;190;15321;61910;2025/000306;2025/150306;C/ MAQUEDA. OBRAS DE RENOVACIÓN DE ACERAS Y OTRAS MEJORAS;210;LATINA;08;MANTENIMIENTO URBANO;02;VÍAS PÚBLICAS;;;;;;;0;45000;45000;0;0;45000;45000;0;0;0;
;;001;190;15321;61910;2025/000306;2025/160306;ENTORNO MERCADO VILLA DE VALLECAS. OBRAS DE ACONDICIONAMIENTO NUEVA PLAZA URBANA;218;VILLA DE VALLECAS;08;MANTENIMIENTO URBANO;02;VÍAS PÚBLICAS;;;;;;;0;82000;82000;0;0;82000;82000;0;0;0;
;;001;190;15321;61910;2025/000307;2025/000307;CALZADAS Y PAVIMENTOS EN LA CIUDAD DE MADRID. OBRAS DE ADECUACIÓN Y MEJORA;998;VARIOS DISTRITOS;08;MANTENIMIENTO URBANO;02;VÍAS PÚBLICAS;;;;;;;6000000;-4746701,67;1253298,33;1253298,33;0;0;0;0;0;0;
;;001;190;15321;61910;2025/000307;2025/010307;CALLE ANTONIO ACUÑA, DISTRITO RETIRO. MEJORA DE LAS CONDICIONES DE RODADURA;203;RETIRO;08;MANTENIMIENTO URBANO;02;VÍAS PÚBLICAS;;;;;;;0;108067;108067;0;0;108067;108067;36111,62;0;35013,67;
;;001;190;15321;61910;2025/000307;2025/020307;CALLE MARÍA TERESA, DISTRITO SALAMANCA. MEJORA DE LAS CONDICIONES DE RODADURA;204;SALAMANCA;08;MANTENIMIENTO URBANO;02;VÍAS PÚBLICAS;;;;;;;0;17457,85;17457,85;0;0;17457,85;17457,85;15886,97;0;0;
;;001;190;15321;61910;2025/000307;2025/030307;CALLE NUESTRA SEÑORA DE LAS ANGUSTÍAS, DISTRITO CHAMARTÍN. MEJORA DE LAS CONDICIONES DE RODADURA;205;CHAMARTIN;08;MANTENIMIENTO URBANO;02;VÍAS PÚBLICAS;;;;;;;0;381892,7;381892,7;0;0;381892,7;381892,7;115285,5;0;0;
;;001;190;15321;61910;2025/000307;2025/040307;CALLE CONDE DUQUE, DISTRITO CENTRO. MEJORA DE LAS CONDICIONES DE RODADURA;201;CENTRO;08;MANTENIMIENTO URBANO;02;VÍAS PÚBLICAS;;;;;;;0;182006,35;182006,35;0;0;182006,35;182006,35;131160,24;0;131160,24;
;;001;190;15321;61910;2025/000307;2025/050307;CALLE CARRANZA, DISTRITO CHAMBERÍ. MEJORA DE LAS CONDICIONES DE RODADURA;207;CHAMBERI;08;MANTENIMIENTO URBANO;02;VÍAS PÚBLICAS;;;;;;;0;238363,26;238363,26;0;0;238363,26;238363,26;82726,6;0;82726,6;
;;001;190;15321;61910;2025/000307;2025/060307;CALLE BRAVO MURILLO, DISTRITO TETUÁN. MEJORA DE LAS CONDICIONES DE RODADURA;206;TETUAN;08;MANTENIMIENTO URBANO;02;VÍAS PÚBLICAS;;;;;;;0;1427038,1;1427038,1;0;0;1427038,1;1427038,1;613401,72;0;613401,72;
;;001;190;15321;61910;2025/000307;2025/070307;CALLE TITÁN, DISTRITO ARGANZUELA. MEJORA DE LAS CONDICIONES DE RODADURA;202;ARGANZUELA;08;MANTENIMIENTO URBANO;02;VÍAS PÚBLICAS;;;;;;;0;92301,36;92301,36;0;0;92301,36;92301,36;81276,72;0;81276,72;
;;001;190;15321;61910;2025/000307;2025/080307;C/ BENICASIM, DISTRITO LATINA. MEJORA DE LAS CONDICIONES DE RODADURA;210;LATINA;08;MANTENIMIENTO URBANO;02;VÍAS PÚBLICAS;;;;;;;0;227959,43;227959,43;0;0;227959,43;227959,43;227958,81;0;227958,81;
;;001;190;15321;61910;2025/000307;2025/090307;CALLE CAÑAS, DISTRITO CIUDAD LINEAL. MEJORA DE LAS CONDICIONES DE RODADURA;215;CIUDAD LINEAL;08;MANTENIMIENTO URBANO;02;VÍAS PÚBLICAS;;;;;;;0;580662,65;580662,65;0;0;580662,65;580662,65;580441,66;0;580441,66;
;;001;190;15321;61910;2025/000307;2025/100307;CALLE TROYA, DISTRITO SAN BLAS-CANILLEJAS. MEJORA DE LAS CONDICIONES DE RODADURA;220;SAN BLAS-CANILLEJAS;08;MANTENIMIENTO URBANO;02;VÍAS PÚBLICAS;;;;;;;0;288106,06;288106,06;0;0;288106,06;288106,06;287835,26;0;287835,26;
;;001;190;15321;61910;2025/000307;2025/110307;CALLE CONDE DE LAS POSADAS, DISTRITO HORTALEZA. MEJORA DE LAS CONDICIONES DE RODADURA;216;HORTALEZA;08;MANTENIMIENTO URBANO;02;VÍAS PÚBLICAS;;;;;;;0;267677,25;267677,25;0;0;267677,25;267677,25;267527,46;0;267527,46;
;;001;190;15321;61910;2025/000307;2025/120307;PASEO ALAMEDA DE OSUNA, DISTRITO BARAJAS. MEJORA DE LAS CONDICIONES DE RODADURA;221;BARAJAS;08;MANTENIMIENTO URBANO;02;VÍAS PÚBLICAS;;;;;;;0;137834,29;137834,29;0;0;137834,29;137834,29;125339,77;0;125339,77;
;;001;190;15321;61910;2025/000307;2025/130307;CALLE PUENTELARRA, DISTRITO VILLA DE VALLECAS. MEJORA DE LAS CONDICIONES DE RODADURA;218;VILLA DE VALLECAS;08;MANTENIMIENTO URBANO;02;VÍAS PÚBLICAS;;;;;;;0;339584,21;339584,21;0;0;339584,21;339584,21;287802,28;0;287802,28;
;;001;190;15321;61910;2025/000307;2025/140307;CALLE CANDILEJAS, DISTRITO PUENTE DE VALLECAS. MEJORA DE LAS CONDICIONES DE RODADURA;213;PUENTE DE VALLECAS;08;MANTENIMIENTO URBANO;02;VÍAS PÚBLICAS;;;;;;;0;557617,1;557617,1;0;0;557617,1;557617,1;528936,98;0;528936,98;
;;001;190;15321;61910;2025/000307;2025/150307;CALLE DE LA FUENTE CARRANTONA, DISTRITO MORATALAZ. MEJORA DE LAS CONDICIONES DE RODADURA;214;MORATALAZ;08;MANTENIMIENTO URBANO;02;VÍAS PÚBLICAS;;;;;;;0;79149,56;79149,56;0;0;79149,56;79149,56;77621,35;0;77621,35;
;;001;190;15321;61910;2025/000307;2025/160307;AVENIDA OSA MAYOR, DISTRITO MONCLOA-ARAVACA. MEJORA DE LAS CONDICIONES DE RODADURA;209;MONCLOA-ARAVACA;08;MANTENIMIENTO URBANO;02;VÍAS PÚBLICAS;;;;;;;0;390575,73;390575,73;0;0;390575,73;390575,73;365338,08;0;365338,08;
;;001;190;15321;61910;2025/000307;2025/170307;CALLE BELLA ALTISIDORA, DISTRITO FUENCARRAL-EL PARDO. MEJORA DE LAS CONDICIONES DE RODADURA;208;FUENCARRAL-EL PARDO;08;MANTENIMIENTO URBANO;02;VÍAS PÚBLICAS;;;;;;;0;504773,23;504773,23;0;0;504773,23;504773,23;444011,88;0;444011,88;
;;001;190;15321;61910;2025/000307;2025/180307;CALLE ALBERTO PALACIOS, DISTRITO VILLAVERDE. MEJORA DE LAS CONDICIONES DE RODADURA;217;VILLAVERDE;08;MANTENIMIENTO URBANO;02;VÍAS PÚBLICAS;;;;;;;0;217751,89;217751,89;0;0;217751,89;217751,89;217751,65;0;217751,65;
;;001;190;15321;61910;2025/000307;2025/190307;CALLE COCHEROS, DISTRITO USERA. MEJORA DE LAS CONDICIONES DE RODADURA;212;USERA;08;MANTENIMIENTO URBANO;02;VÍAS PÚBLICAS;;;;;;;0;270477,01;270477,01;0;0;270477,01;270477,01;270476,65;0;270476,65;
;;001;190;15321;61910;2025/000307;2025/200307;CALLE BINEFAR, DISTRITO CARABANCHEL. MEJORA DE LAS CONDICIONES DE RODADURA;211;CARABANCHEL;08;MANTENIMIENTO URBANO;02;VÍAS PÚBLICAS;;;;;;;0;231372,81;231372,81;0;0;231372,81;231372,81;231372,77;0;231372,77;
;;001;190;15321;61910;2025/000307;2025/210307;CALLE LADERA DE LOS ALMENDROS Y OTRAS, DISTRITO VICÁLVARO. MEJORA DE LAS CONDICIONES DE RODADURA;219;VICALVARO;08;MANTENIMIENTO URBANO;02;VÍAS PÚBLICAS;;;;;;;0;264368,44;264368,44;0;0;264368,44;264368,44;254884,27;0;254884,27;
;;001;190;15321;61910;2025/000307;2025/220307;CALLE SIERRA DE TORNAVACAS, DISTRITO DE VILLA DE VALLECAS. MEJORA DE LAS CONDICIONES DE RODADURA;218;VILLA DE VALLECAS;08;MANTENIMIENTO URBANO;02;VÍAS PÚBLICAS;;;;;;;0;215382,18;215382,18;0;0;215382,18;215382,18;99325,02;0;99325,02;
;;001;190;15321;61910;2025/000307;2025/230307;CARRETERA DE MADRID A RIVAS DEL JARAMA, DISTRITO DE VICÁLVARO. MEJORA DE LAS CONDICIONES DE RODADURA;219;VICALVARO;08;MANTENIMIENTO URBANO;02;VÍAS PÚBLICAS;;;;;;;0;282184,68;282184,68;0;0;282184,68;282184,68;254261,7;0;247750,67;
;;001;190;15321;61910;2025/000307;2025/240307;CALLE PINTOR SOROLLA, DISTRITO DE PUENTE DE VALLECAS. MEJORA DE LAS CONDICIONES DE RODADURA;213;PUENTE DE VALLECAS;08;MANTENIMIENTO URBANO;02;VÍAS PÚBLICAS;;;;;;;0;285797;285797;0;0;285797;285797;250993,38;0;250821,05;
;;001;190;15321;61910;2025/000307;2025/250307;CALLE ENCOMIENDA DE PALACIOS, DISTRITO DE MORATALAZ. MEJORA DE LAS CONDICIONES DE RODADURA;214;MORATALAZ;08;MANTENIMIENTO URBANO;02;VÍAS PÚBLICAS;;;;;;;0;206246,62;206246,62;0;0;206246,62;206246,62;191093,24;0;92922,66;
;;001;190;15321;61910;2025/000307;2025/260307;CALLE VEINTICINCO DE SEPTIEMBRE, DISTRITO DE SAN BLAS-CANILLEJAS. MEJORA DE CONDICIONES DE RODADURA;220;SAN BLAS-CANILLEJAS;08;MANTENIMIENTO URBANO;02;VÍAS PÚBLICAS;;;;;;;0;424030,58;424030,58;0;0;424030,58;424030,58;421720,86;0;421720,86;
;;001;190;15321;61910;2025/000307;2025/270307;CALLE BUEN GOBERNADOR, DISTRITO DE CIUDAD LINEAL. MEJORA DE LAS CONDICIONES DE RODADURA;215;CIUDAD LINEAL;08;MANTENIMIENTO URBANO;02;VÍAS PÚBLICAS;;;;;;;0;158808,81;158808,81;0;0;158808,81;158808,81;157583,59;0;157583,59;
;;001;190;15321;61910;2025/000307;2025/280307;CALLE ÁGREDA, DISTRITO DE HORTALEZA. MEJORA DE LAS CONDICIONES DE RODADURA;216;HORTALEZA;08;MANTENIMIENTO URBANO;02;VÍAS PÚBLICAS;;;;;;;0;408606,96;408606,96;0;0;408606,96;408606,96;153126,47;0;153126,47;
;;001;190;15321;61910;2025/000307;2025/290307;C/ MARQUÉS DE BERNA, DISTRITO DE BARAJAS. MEJORA DE LAS CONDICIONES DE RODADURA;221;BARAJAS;08;MANTENIMIENTO URBANO;02;VÍAS PÚBLICAS;;;;;;;0;132981,66;132981,66;0;0;132981,66;132981,66;132560,48;0;132560,48;
;;001;190;15321;61910;2025/000307;2025/300307;CALLE ISLA DE ALEGRANZA, DISTRITO DE MONCLOA-ARAVACA. MEJORA DE LAS CONDICIONES DE RODADURA;209;MONCLOA-ARAVACA;08;MANTENIMIENTO URBANO;02;VÍAS PÚBLICAS;;;;;;;0;305570,51;305570,51;0;0;305570,51;305570,51;169011,79;0;56088,58;
;;001;190;15321;61910;2025/000307;2025/310307;CALLE LABASTIDA, DISTRITO DE FUENCARRAL-EL PARDO. MEJORA DE LAS CONDICIONES DE RODADURA;208;FUENCARRAL-EL PARDO;08;MANTENIMIENTO URBANO;02;VÍAS PÚBLICAS;;;;;;;0;497090,1;497090,1;0;0;497090,1;497090,1;71265,03;0;0;
;;001;190;15321;61910;2025/000307;2025/320307;CALLE PLANETA TIERRA, DISTRITO ARGANZUELA. MEJORA DE LAS CONDICIONES DE RODADURA;202;ARGANZUELA;08;MANTENIMIENTO URBANO;02;VÍAS PÚBLICAS;;;;;;;0;259456,82;259456,82;0;0;259456,82;259456,82;159265,68;0;159265,68;
;;001;190;15321;61910;2025/000307;2025/330307;CALLE HORTALEZA, DISTRITO CENTRO. MEJORA DE LAS CONDICIONES DE RODADURA;201;CENTRO;08;MANTENIMIENTO URBANO;02;VÍAS PÚBLICAS;;;;;;;0;382345,58;382345,58;0;0;382345,58;382345,58;50973,51;0;16717,58;
;;001;190;15321;61910;2025/000307;2025/340307;CALLE BLANCA DE NAVARRA, DISTRITO CHAMBERÍ. MEJORA DE LAS CONDICIONES DE RODADURA;207;CHAMBERI;08;MANTENIMIENTO URBANO;02;VÍAS PÚBLICAS;;;;;;;0;138953,13;138953,13;0;0;138953,13;138953,13;103038,09;0;102004,3;
;;001;190;15321;61910;2025/000307;2025/350307;CALLE JUAN DE RISCO, DISTRITO TETUÁN. MEJORA DE LAS CONDICIONES DE RODADURA;206;TETUAN;08;MANTENIMIENTO URBANO;02;VÍAS PÚBLICAS;;;;;;;0;189523,02;189523,02;0;0;189523,02;189523,02;102822,15;0;102822,15;
;;001;190;15321;61910;2025/000307;2025/360307;CALLE PILAR DE ZARAGOZA, DISTRITO DE SALAMANCA. MEJORA DE LAS CONDICIONES DE RODADURA;204;SALAMANCA;08;MANTENIMIENTO URBANO;02;VÍAS PÚBLICAS;;;;;;;0;533866,9;533866,9;0;0;533866,9;533866,9;53104,82;0;0;
;;001;190;15321;61910;2025/000307;2025/370307;CALLE SIRIO, DISTRITO DE RETIRO. MEJORA DE LAS CONDICIONES DE RODADURA;203;RETIRO;08;MANTENIMIENTO URBANO;02;VÍAS PÚBLICAS;;;;;;;0;270102,18;270102,18;0;0;270102,18;270102,18;188506,39;0;177920,74;
;;001;190;15321;61910;2025/000307;2025/380307;CALLE VELÁZQUEZ, DISTRITO DE CHAMARTÍN. MEJORA DE LAS CONDICIONES DE RODADURA;205;CHAMARTIN;08;MANTENIMIENTO URBANO;02;VÍAS PÚBLICAS;;;;;;;0;460027,85;460027,85;0;0;460027,85;460027,85;271243,39;0;0;
;;001;190;15321;61910;2025/000307;2025/390307;CALLES HIDRATOS, CORTIJO Y OTRAS DEL DISTRITO DE VILLAVERDE. MEJORA DE LAS CONDICIONES DE RODADURA;217;VILLAVERDE;08;MANTENIMIENTO URBANO;02;VÍAS PÚBLICAS;;;;;;;0;281338,37;281338,37;0;0;281338,37;281338,37;0;0;0;
;;001;190;15321;61910;2025/000307;2025/400307;GLORIETA MARQUÉS DE VADILLO Y OTRAS CALLES DEL DISTRITO DE CARABANCHEL. MEJORA CONDICIONES RODADURA;211;CARABANCHEL;08;MANTENIMIENTO URBANO;02;VÍAS PÚBLICAS;;;;;;;0;256248,33;256248,33;0;0;256248,33;256248,33;0;0;0;
;;001;190;15321;61910;2025/000307;2025/410307;CALLE DOCTOR LARRA Y CEREZO Y OTRAS DEL DISTRITO DE LATINA. MEJORA DE LAS CONDICIONES DE RODADURA;210;LATINA;08;MANTENIMIENTO URBANO;02;VÍAS PÚBLICAS;;;;;;;0;210740,23;210740,23;0;0;210740,23;210740,23;0;0;0;
;;001;190;15321;61910;2025/000307;2025/420307;CALLE FAUSTA ELORZ Y OTRAS DEL DISTRITO DE USERA. MEJORA DE LAS CONDICIONES DE RODADURA;212;USERA;08;MANTENIMIENTO URBANO;02;VÍAS PÚBLICAS;;;;;;;0;202971,58;202971,58;0;0;202971,58;202971,58;0;0;0;
;;001;190;15321;61910;2025/000307;2025/430307;CALLE MOMBUEY, DISTRITO DE HORTALEZA. MEJORA DE LAS CONDICIONES DE RODADURA;216;HORTALEZA;08;MANTENIMIENTO URBANO;02;VÍAS PÚBLICAS;;;;;;;0;150647,56;150647,56;0;0;150647,56;150647,56;0;0;0;
;;001;190;15321;61910;2025/000307;2025/440307;CALLE LARRA, DISTRITO DE CENTRO. MEJORA DE LAS CONDICIONES DE RODADURA;201;CENTRO;08;MANTENIMIENTO URBANO;02;VÍAS PÚBLICAS;;;;;;;0;96862,09;96862,09;0;0;96862,09;96862,09;0;0;0;
;;001;190;15321;61910;2025/000307;2025/450307;CALLE BARDALA, DISTRITO DE TETUÁN. MEJORA DE LAS CONDICIONES DE RODADURA;206;TETUAN;08;MANTENIMIENTO URBANO;02;VÍAS PÚBLICAS;;;;;;;0;240967,42;240967,42;0;0;240967,42;240967,42;0;0;0;
;;001;190;15321;61910;2025/000307;2025/460307;CALLE ANTONIA RUIZ SORO, DISTRITO DE SALAMANCA. MEJORA DE LAS CONDICIONES DE RODADURA;204;SALAMANCA;08;MANTENIMIENTO URBANO;02;VÍAS PÚBLICAS;;;;;;;0;212342,15;212342,15;0;0;212342,15;212342,15;0;0;0;
;;001;190;15321;61910;2025/000307;2025/470307;CALLE VALDERREY, DISTRITO DE MONCLOA-ARAVACA. MEJORA DE LAS CONDICIONES DE RODADURA;209;MONCLOA-ARAVACA;08;MANTENIMIENTO URBANO;02;VÍAS PÚBLICAS;;;;;;;0;336817,02;336817,02;0;0;336817,02;336817,02;0;0;0;
;;001;190;15321;61910;2025/000307;2025/480307;CALLE ALCALDE SAINZ DE BARANDA, DISTRITO DE RETIRO. MEJORA DE LAS CONDICIONES DE RODADURA;203;RETIRO;08;MANTENIMIENTO URBANO;02;VÍAS PÚBLICAS;;;;;;;0;103120,76;103120,76;0;0;103120,76;103120,76;0;0;0;
;;001;190;15321;61910;2025/000307;2025/490307;CALLE LACOMA, DISTRITO DE FUENCARRAL-ELPARDO. MEJORA DE LAS CONDICIONES DE RODADURA;208;FUENCARRAL-EL PARDO;08;MANTENIMIENTO URBANO;02;VÍAS PÚBLICAS;;;;;;;0;523584,95;523584,95;0;0;523584,95;523584,95;0;0;0;
;;001;190;15321;60902;2025/001110;2025/001110;ÁREA PLANEAMIENTO ESPECÍFICO 20.10 COLONIA FIN SEMANA UE-5. URBANIZACIÓN AVDA. FERMINA SEVILLANO 5-9;220;SAN BLAS-CANILLEJAS;06;URBANISMO;03;URBANIZACIÓN SUELO A TRAVÉS DEL SIST.COOPERACIÓN;;;;;;;0;387117;387117;67185,77;0;319931,23;319931,23;130498,19;0;130498,19;
1;INCORPORACIONES REMANENTES OBLIGATORIAS;001;190;15321;60902;2021/000424;2021/000424;ÁREA DE PLANEAMIENTO ESPECÍFICO APE 20.10 UE5 COOPERACIÓN CALLE DE MARZO 13-15;220;SAN BLAS-CANILLEJAS;06;URBANISMO;03;URBANIZACIÓN SUELO A TRAVÉS DEL SIST.COOPERACIÓN;;;;;;;0;83392,9;83392,9;83392,9;0;0;0;0;0;0;
1;INCORPORACIONES REMANENTES OBLIGATORIAS;001;190;15321;60902;2023/001132;2023/001132;POLÍGONO DE COOPERACIÓN CÁRCAVAS, UNIDAD DE EJECUCIÓN 1. URBANIZACIÓN;216;HORTALEZA;06;URBANISMO;03;URBANIZACIÓN SUELO A TRAVÉS DEL SIST.COOPERACIÓN;;;;;;;0;54169,97;54169,97;41234,37;0;12935,6;12935,6;10971,12;0;10971,12;
1;INCORPORACIONES REMANENTES OBLIGATORIAS;001;190;15321;60902;2023/001133;2023/001133;POLÍGONO DE COOPERACIÓN CÁRCAVAS, UNIDAD DE EJECUCIÓN 2. URBANIZACIÓN;216;HORTALEZA;06;URBANISMO;03;URBANIZACIÓN SUELO A TRAVÉS DEL SIST.COOPERACIÓN;;;;;;;0;234805,28;234805,28;234805,28;0;0;0;0;0;0;
;;001;190;15321;60903;2024/001190;2024/001190;CALLE DOCTOR JUAN JOSÉ LÓPEZ IBOR, 2. OBRAS ACCESORIAS DE URBANIZACIÓN;209;MONCLOA-ARAVACA;06;URBANISMO;04;URBANIZACIÓN SUELO A CARGO DE PARTICULARES;;;;;;;0;107419,01;107419,01;107419,01;0;0;0;0;0;0;
;;001;190;15321;60903;2025/001078;2025/001078;C/ CANCHAS DEL MANZANARES, 15 C/V. HORTELANO, 10. OBRAS ACCESORIAS Y COMPLEMENTARIAS DE URBANIZACIÓN;209;MONCLOA-ARAVACA;06;URBANISMO;04;URBANIZACIÓN SUELO A CARGO DE PARTICULARES;;;;;;;0;62218,35;62218,35;215,98;0;62002,37;62002,37;13763,57;0;13763,57;
;;001;190;15321;60903;2025/001111;2025/001111;AVENIDA DE ARAGÓN 404. OBRAS ACCESORIAS DE URBANIZACIÓN;220;SAN BLAS-CANILLEJAS;06;URBANISMO;04;URBANIZACIÓN SUELO A CARGO DE PARTICULARES;;;;;;;0;452672,96;452672,96;452672,96;0;0;0;0;0;0;
;;001;190;15321;60903;2025/001113;2025/001113;AVENIDA DE ARAGÓN 406. OBRAS ACCESORIAS DE URBANIZACIÓN;220;SAN BLAS-CANILLEJAS;06;URBANISMO;04;URBANIZACIÓN SUELO A CARGO DE PARTICULARES;;;;;;;0;325992,73;325992,73;147550,37;0;178442,36;178442,36;0;0;0;
;;001;190;15321;60903;2025/001116;2025/001116;AVDA. CARDENAL HERRERA ORIA, 67 C/V C/ ISLA DE SICILIA Y OTRAS. OBRAS ACCESORIAS DE URBANIZACIÓN;208;FUENCARRAL-EL PARDO;06;URBANISMO;04;URBANIZACIÓN SUELO A CARGO DE PARTICULARES;;;;;;;0;339464,1;339464,1;245824,44;0;93639,66;93639,66;740,95;0;740,95;
;;001;190;15321;60903;2025/001165;2025/001165;AVDA. MONFORTE DE LEMOS, 28. OBRAS ACCESORIAS Y COMPLEMENTARIAS DE URBANIZACIÓN;208;FUENCARRAL-EL PARDO;06;URBANISMO;04;URBANIZACIÓN SUELO A CARGO DE PARTICULARES;;;;;;;0;10347,11;10347,11;1230,57;0;9116,54;9116,54;7582,56;0;7582,56;
;;001;190;15321;60903;2025/001218;2025/001218;CALLE SIERRA PEÑA NEGRA, 7. OBRAS ACCESORIAS Y COMPLEMENTARIAS DE URBANIZACIÓN;209;MONCLOA-ARAVACA;06;URBANISMO;04;URBANIZACIÓN SUELO A CARGO DE PARTICULARES;;;;;;;0;146344,56;146344,56;146344,56;0;0;0;0;0;0;
;;001;190;15321;60903;2025/001229;2025/001229;C/ TENIENTE CORONEL NOREÑA 20-22 Y TERESA LOPEZ VALCARCEL 12. OBRAS ACCESORIAS DE URBANIZACIÓN;202;ARGANZUELA;06;URBANISMO;04;URBANIZACIÓN SUELO A CARGO DE PARTICULARES;;;;;;;0;23926,99;23926,99;3652,33;0;20274,66;20274,66;7305,33;0;7305,33;
;;001;190;15321;60903;2025/001412;2025/001412;CALLE VALERIA, 7. OBRAS ACCESORIAS Y COMPLEMENTARIAS DE URBANIZACION;203;RETIRO;06;URBANISMO;04;URBANIZACIÓN SUELO A CARGO DE PARTICULARES;;;;;;;0;25289,26;25289,26;9678,36;0;15610,9;15610,9;0;0;0;
1;INCORPORACIONES REMANENTES OBLIGATORIAS;001;190;15321;60903;2004/001076;2004/001076;C/ALSASUA, AV.PADRE HUIDOBRO,S.GERARDO Y OTRAS. URBANIZACIÓN;998;VARIOS DISTRITOS;06;URBANISMO;04;URBANIZACIÓN SUELO A CARGO DE PARTICULARES;;;;;;;0;168880,23;168880,23;54044,14;0;114836,09;114836,09;0;0;0;
1;INCORPORACIONES REMANENTES OBLIGATORIAS;001;190;15321;60903;2010/000319;2010/000319;AVENIDA DE MARCONI, 1. URBANIZACIÓN;217;VILLAVERDE;06;URBANISMO;04;URBANIZACIÓN SUELO A CARGO DE PARTICULARES;;;;;;;0;44978,77;44978,77;16684,8;0;28293,97;28293,97;0;0;0;
1;INCORPORACIONES REMANENTES OBLIGATORIAS;001;190;15321;60903;2017/001244;2017/001244;C/ MÁRTIRES DE LA VENTILLA, 2. OBRAS DE URBANIZACIÓN;206;TETUAN;06;URBANISMO;04;URBANIZACIÓN SUELO A CARGO DE PARTICULARES;;;;;;;0;22809,92;22809,92;22809,92;0;0;0;0;0;0;
1;INCORPORACIONES REMANENTES OBLIGATORIAS;001;190;15321;60903;2018/000594;2018/000594;AV. SANTA CATALINA, S/N. OBRAS ACCESORIAS DE URBANIZACIÓN;213;PUENTE DE VALLECAS;06;URBANISMO;04;URBANIZACIÓN SUELO A CARGO DE PARTICULARES;;;;;;;0;34710,74;34710,74;34710,74;0;0;0;0;0;0;
;;001;190;15321;61910;2025/000307;2025/500307;CALLE AZOR, DISTRITO DE LATINA. MEJORA DE LAS CONDICIONES DE RODADURA;210;LATINA;08;MANTENIMIENTO URBANO;02;VÍAS PÚBLICAS;;;;;;;0;154161,16;154161,16;0;0;154161,16;154161,16;0;0;0;
;;001;190;15321;61910;2025/000307;2025/510307;CALLE CAÍDOS DE LA DIVISIÓN AZUL, DISTRITO DE CHAMARTÍN. MEJORA DE LAS CONDICIONES DE RODADURA;205;CHAMARTIN;08;MANTENIMIENTO URBANO;02;VÍAS PÚBLICAS;;;;;;;0;378783,11;378783,11;0;0;378783,11;378783,11;0;0;0;
;;001;190;15321;61910;2025/000307;2025/520307;CALLE ALCALÁ GALIANO, DISTRITO DE CHAMBERÍ. MEJORA DE LAS CONDICIONES DE RODADURA;207;CHAMBERI;08;MANTENIMIENTO URBANO;02;VÍAS PÚBLICAS;;;;;;;0;337292,54;337292,54;0;0;337292,54;337292,54;0;0;0;
;;001;190;15321;61910;2025/000307;2025/530307;CALLE EUGENIA DE MONTIJO, DISTRITO DE CARABANCHEL. MEJORA DE LAS CONDICIONES DE RODADURA;211;CARABANCHEL;08;MANTENIMIENTO URBANO;02;VÍAS PÚBLICAS;;;;;;;0;364203,15;364203,15;0;0;364203,15;364203,15;0;0;0;
;;001;190;15321;61910;2025/000307;2025/540307;CALLE CIGARRERAS, DISTRITO DE ARGANZUELA. MEJORA DE LAS CONDICIONES DE RODADURA;202;ARGANZUELA;08;MANTENIMIENTO URBANO;02;VÍAS PÚBLICAS;;;;;;;0;251414,7;251414,7;0;0;251414,7;251414,7;0;0;0;
;;001;190;15321;61910;2025/000307;2025/550307;CALLE ALCOCER, DISTRITO DE VILLAVERDE. MEJORA DE LAS CONDICIONES DE RODADURA;217;VILLAVERDE;08;MANTENIMIENTO URBANO;02;VÍAS PÚBLICAS;;;;;;;0;361685,1;361685,1;0;0;361685,1;361685,1;0;0;0;
;;001;190;15321;61910;2025/000307;2025/580307;CALLE DOLORES BARRANCO, DISTRITO DE USERA. MEJORA DE LAS CONDICIONES DE RODADURA;212;USERA;08;MANTENIMIENTO URBANO;02;VÍAS PÚBLICAS;;;;;;;0;141583,14;141583,14;0;0;141583,14;141583,14;0;0;0;
;;001;190;15321;61910;2025/000307;2025/590307;CALLE BOLTAÑA, DISTRITO DE SAN BLAS-CANILLEJAS. MEJORA DE LAS CONDICIONES DE RODADURA;220;SAN BLAS-CANILLEJAS;08;MANTENIMIENTO URBANO;02;VÍAS PÚBLICAS;;;;;;;0;173812,05;173812,05;0;0;173812,05;173812,05;0;0;0;
;;001;190;15321;61910;2025/000307;2025/620307;CALLE BENIDORM, DISTRITO DE CIUDAD LINEAL. MEJORA DE LAS CONDICIONES DE RODADURA;215;CIUDAD LINEAL;08;MANTENIMIENTO URBANO;02;VÍAS PÚBLICAS;;;;;;;0;330216,18;330216,18;0;0;330216,18;330216,18;0;0;0;
;;001;190;15321;61910;2025/000307;2025/630307;CALLE RIOJA, DISTRITO DE BARAJAS. MEJORA DE LAS CONDICIONES DE RODADURA;221;BARAJAS;08;MANTENIMIENTO URBANO;02;VÍAS PÚBLICAS;;;;;;;0;449094,69;449094,69;0;0;449094,69;449094,69;0;0;0;
;;001;190;15321;61910;2025/000308;2025/000308;CASCOS HISTÓRICOS DE LA CIUDAD. RECUPERACIÓN Y REGENERACIÓN;998;VARIOS DISTRITOS;08;MANTENIMIENTO URBANO;02;VÍAS PÚBLICAS;;;;;;;1328274;-1322884,32;5389,68;5389,68;0;0;0;0;0;0;
;;001;190;15321;61910;2025/000309;2025/000309;COLONIAS HISTÓRICAS DE LA CIUDAD. OBRAS DE RECUPERACIÓN Y REGENERACIÓN;998;VARIOS DISTRITOS;08;MANTENIMIENTO URBANO;02;VÍAS PÚBLICAS;;;;;;;3618333;-3612943,32;5389,68;5389,68;0;0;0;0;0;0;
;;001;190;15321;61910;2025/000309;2025/010309;APE 05.11 COLONIA UNIÓN ELÉCTRICA MADRILEÑA. OBRAS DE RECUPERACIÓN Y MEJORA DE LA ACCESIBILIDAD;205;CHAMARTIN;08;MANTENIMIENTO URBANO;02;VÍAS PÚBLICAS;;;;;;;0;1568350,5;1568350,5;0;0;1568350,5;1568350,5;90863,35;0;90863,35;
;;001;190;15321;61910;2025/000309;2025/020309;COLONIA EL VISO, CALLE SIL (APE 05.19). OBRAS DE RECUPERACIÓN Y MEJORA DE LA ACCESIBILIDAD;205;CHAMARTIN;08;MANTENIMIENTO URBANO;02;VÍAS PÚBLICAS;;;;;;;0;984735,33;984735,33;0;0;984735,33;984735,33;355863,28;0;355863,28;
;;001;190;15321;61910;2025/000309;2025/030309;COLONIA EL VISO, CALLE TAJO (APE 05.19). OBRAS DE RECUPERACIÓN Y MEJORA DE LA ACCESIBILIDAD;205;CHAMARTIN;08;MANTENIMIENTO URBANO;02;VÍAS PÚBLICAS;;;;;;;0;859333,68;859333,68;0;0;859333,68;859333,68;157727,86;0;29346,33;
;;001;190;15321;61910;2025/000310;2025/000310;ENTORNOS A CENTROS DE MAYORES. ADECUACIÓN DE VÍAS Y ESPACIOS PÚBLICOS;998;VARIOS DISTRITOS;08;MANTENIMIENTO URBANO;02;VÍAS PÚBLICAS;;;;;;;1500000;-1465360,6;34639,4;34639,4;0;0;0;0;0;0;
;;001;190;15321;61910;2025/000310;2025/010310;ENTORNO CENTRO DE MAYORES ENTREVÍAS. ADECUACIÓN DE VÍAS Y ESPACIOS PÚBLICOS;213;PUENTE DE VALLECAS;08;MANTENIMIENTO URBANO;02;VÍAS PÚBLICAS;;;;;;;0;383160,56;383160,56;0;0;383160,56;383160,56;347261,22;0;347261,22;
;;001;190;15321;61910;2025/000310;2025/020310;ENTORNO CENTRO DE MAYORES SAN CRISPÍN. OBRAS DE MEJORA DE LA ACCESIBILIDAD;210;LATINA;08;MANTENIMIENTO URBANO;02;VÍAS PÚBLICAS;;;;;;;0;174717,02;174717,02;0;0;174717,02;174717,02;136826,51;0;136826,51;
;;001;190;15321;61910;2025/000310;2025/030310;ENTORNO CENTRO DE MAYORES RETIRO. ADECUACIÓN DE VÍAS Y ESPACIOS PÚBLICOS;203;RETIRO;08;MANTENIMIENTO URBANO;02;VÍAS PÚBLICAS;;;;;;;0;372653,68;372653,68;0;0;372653,68;372653,68;261266,61;0;261266,61;
;;001;190;15321;61910;2025/000310;2025/040310;ENTORNO CENTRO DE MAYORES DOS AMIGOS. OBRAS DE MEJORA DE LA ACCESIBILIDAD;201;CENTRO;08;MANTENIMIENTO URBANO;02;VÍAS PÚBLICAS;;;;;;;0;173595,48;173595,48;0;0;173595,48;173595,48;0;0;0;
;;001;190;15321;61910;2025/000310;2025/050310;ENTORNO CENTRO DE MAYORES MANZANARES. OBRAS DE URBANIZACIÓN Y MEJORA ACCESIBILIDAD;209;MONCLOA-ARAVACA;08;MANTENIMIENTO URBANO;02;VÍAS PÚBLICAS;;;;;;;0;692204,12;692204,12;0;0;692204,12;692204,12;62251,28;0;62251,28;
;;001;190;15321;61910;2025/000311;2025/000311;ENTORNOS ESCOLARES. ADECUACIÓN DE VÍAS Y ESPACIOS PÚBLICOS;998;VARIOS DISTRITOS;08;MANTENIMIENTO URBANO;02;VÍAS PÚBLICAS;;;;;;;2500000;-2498184,71;1815,29;1815,29;0;0;0;0;0;0;
;;001;190;15321;61910;2025/000311;2025/010311;ENTORNO COLEGIO PÚBLICO AGUSTINA DÍEZ. ADECUACIÓN DE VÍAS Y ESPACIOS PÚBLICOS;213;PUENTE DE VALLECAS;08;MANTENIMIENTO URBANO;02;VÍAS PÚBLICAS;;;;;;;0;1168302,41;1168302,41;0;0;1168302,41;1168302,41;343117,74;0;343117,74;
;;001;190;15321;61910;2025/000311;2025/020311;ENTORNO ESUCUELA INFANTIL EL SOL. ADECUACIÓN DE VÍAS Y ESPACIOS PÚBLICOS;205;CHAMARTIN;08;MANTENIMIENTO URBANO;02;VÍAS PÚBLICAS;;;;;;;0;944217,36;944217,36;0;0;944217,36;944217,36;0;0;0;
;;001;190;15321;61910;2025/000311;2025/030311;ENTORNO CENTROS ESCOLARES DISTRITO DE SALAMANCA. ADECUACIÓN DE VÍAS Y ESPACIOS PÚBLICOS;204;SALAMANCA;08;MANTENIMIENTO URBANO;02;VÍAS PÚBLICAS;;;;;;;0;244116,28;244116,28;0;0;244116,28;244116,28;239273,17;0;239273,17;
;;001;190;15321;61910;2025/000311;2025/040311;ENTORNO CENTROS ESCOLARES DISTRITO DE RETIRO. ADECUACIÓN DE VÍAS Y ESPACIOS PÚBLICOS;203;RETIRO;08;MANTENIMIENTO URBANO;02;VÍAS PÚBLICAS;;;;;;;0;171548,66;171548,66;0;0;171548,66;171548,66;67102,22;0;35359,16;
;;001;190;15321;61910;2025/001012;2025/001012;PASEO FEDERICO GARCÍA LORCA. OBRAS DE ACCESIBILIDAD UNIVERSAL Y REHABILITACIÓN PAVIMENTACIÓN;218;VILLA DE VALLECAS;08;MANTENIMIENTO URBANO;02;VÍAS PÚBLICAS;;;;;;;500000;862624,73;1362624,73;0;0;1362624,73;1362624,73;200602,51;0;85838,16;
5;FONDO DE REEQUILIBRIO TERRITORIAL;001;190;15321;61910;2024/004001;2024/004001;CASCO ANTIGUO CARABANCHEL BAJO. REMODELACIÓN INTEGRAL Y MEJORA DE LA ACCESIBILIDAD (ID 19: 15755);211;CARABANCHEL;08;MANTENIMIENTO URBANO;02;VÍAS PÚBLICAS;;;17;FONDO REEQUILIBRIO TERRITORIAL;18;PRESUPUESTOS PARTICIPATIVOS;1580000;500000;2080000;952,65;0;2079047,35;2079047,35;1424866,92;0;1371934,53;
5;FONDO DE REEQUILIBRIO TERRITORIAL;001;190;15321;61910;2024/004002;2024/004002;PLAZA EN LA CALLE SAN POL DE MAR. ACTUACIONES DE RECUPERACIÓN (ID 21: 18511);209;MONCLOA-ARAVACA;08;MANTENIMIENTO URBANO;02;VÍAS PÚBLICAS;;;;;18;PRESUPUESTOS PARTICIPATIVOS;563351;49999,1;613350,1;0;0;613350,1;613350,1;528269;0;528269;
5;FONDO DE REEQUILIBRIO TERRITORIAL;001;190;15321;61910;2024/004003;2024/004003;CRUCE DEL PUENTE DE TRES OLIVOS SOBRE M-607-MADRID. OBRAS DE MEJORA Y SEGURIDAD (ID 21:18609);208;FUENCARRAL-EL PARDO;08;MANTENIMIENTO URBANO;02;VÍAS PÚBLICAS;;;;;18;PRESUPUESTOS PARTICIPATIVOS;0;100000;100000;100000;0;0;0;0;0;0;
5;FONDO DE REEQUILIBRIO TERRITORIAL;001;190;15321;61910;2024/004038;2024/004038;PLAZA DE LA AVENIDA DE OPORTO. RECUPERACIÓN DE LA CALIDAD ESTANCIAL (ID 21: 17048);211;CARABANCHEL;08;MANTENIMIENTO URBANO;02;VÍAS PÚBLICAS;;;;;18;PRESUPUESTOS PARTICIPATIVOS;123051;0;123051;0,95;0;123050,05;123050,05;123050,05;0;107442,84;
5;FONDO DE REEQUILIBRIO TERRITORIAL;001;190;15321;61910;2025/001091;2025/001091;PLAZA DE LAS PALMERAS. OBRAS DE REMODELACIÓN DEL ESPACIO PÚBLICO;211;CARABANCHEL;08;MANTENIMIENTO URBANO;02;VÍAS PÚBLICAS;;;17;FONDO REEQUILIBRIO TERRITORIAL;;;0;100000;100000;100000;0;0;0;0;0;0;
5;FONDO DE REEQUILIBRIO TERRITORIAL;001;190;15321;61910;2025/005000;2025/005000;CAMINO ESCOLAR SEGURO ENTORNO COLEGIO PÚBLICO LA LATINA. ADECUACIÓN DE VIALES (ID 21: 17896);210;LATINA;08;MANTENIMIENTO URBANO;02;VÍAS PÚBLICAS;;;;;18;PRESUPUESTOS PARTICIPATIVOS;250000;-149999,1;100000,9;100000,9;0;0;0;0;0;0;
;;001;190;15321;61911;2022/000540;2022/000540;PASOS A DISTINTO NIVEL Y OTRAS ESTRUCTURAS. ACONDICIONAMIENTO Y REHABILITACIÓN;998;VARIOS DISTRITOS;08;MANTENIMIENTO URBANO;04;CONSERVACIÓN  PASOS A DISTINTO NIVEL;;;;;;;97892;-97892;0;0;0;0;0;0;0;0;
;;001;190;15321;61911;2022/000540;2023/001639;PASARELA AVENIDA DE AMÉRICA - PARQUE DE LAS AVENIDAS SOBRE A-2. SUSTITUCIÓN;998;VARIOS DISTRITOS;08;MANTENIMIENTO URBANO;04;CONSERVACIÓN  PASOS A DISTINTO NIVEL;;;;;;;0;1258666,77;1258666,77;0;0;1258666,77;1258666,77;1249563,11;0;1249563,11;
;;001;190;15321;61911;2024/000315;2024/000315;PASOS A DISTINTO NIVEL DE LA CIUDAD Y OTRAS ESTRUCTURAS. ACONDICIONAMIENTO Y REHABILITACIÓN;998;VARIOS DISTRITOS;08;MANTENIMIENTO URBANO;04;CONSERVACIÓN  PASOS A DISTINTO NIVEL;;;;;;;2524016;-2485690,65;38325,35;38325,35;0;0;0;0;0;0;
;;001;190;15321;61911;2024/000315;2024/050315;PUENTE DE VENTAS. ADECUACIÓN ESTÉTICA Y OTRAS MEJORAS;204;SALAMANCA;08;MANTENIMIENTO URBANO;04;CONSERVACIÓN  PASOS A DISTINTO NIVEL;;;;;;;0;99678,23;99678,23;0;0;99678,23;99678,23;99678,23;0;99678,23;
;;001;190;15321;61911;2024/000315;2024/060315;PUENTE DE LOS CAPUCHINOS SOBRE EL RÍO MANZANARES. OBRAS DE ACONDICIONAMIENTO;208;FUENCARRAL-EL PARDO;08;MANTENIMIENTO URBANO;04;CONSERVACIÓN  PASOS A DISTINTO NIVEL;;;;;;;0;403013,59;403013,59;0;0;403013,59;403013,59;198123,93;0;198123,93;
;;001;190;15321;61911;2024/000315;2024/070315;PASO SUPERIOR CALLE BOYER A COSLADA SOBRE EL FERROCARRIL. OBRAS DE REHABILITACIÓN;219;VICALVARO;08;MANTENIMIENTO URBANO;04;CONSERVACIÓN  PASOS A DISTINTO NIVEL;;;;;;;0;100124,23;100124,23;0;0;100124,23;100124,23;99944,01;0;99944,01;
;;001;190;15321;61911;2024/000315;2024/090315;PASO ELEVADO PEATONES RAMPA PEATONAL SUR-PLAZA PABLO RUIZ PICASSO. REHABILITACIÓN;206;TETUAN;08;MANTENIMIENTO URBANO;04;CONSERVACIÓN  PASOS A DISTINTO NIVEL;;;;;;;0;2301,43;2301,43;0;0;2301,43;2301,43;2301,43;0;2301,43;
;;001;190;15321;61911;2024/000315;2024/110315;Cº POZO DEL TÍO RAIMUNDO ENTRE AV.ENTREVÍAS Y PASO INFERIOR FERROCARRIL PUENTE DE VALLECAS. MEJORAS;213;PUENTE DE VALLECAS;08;MANTENIMIENTO URBANO;02;VÍAS PÚBLICAS;;;;;;;0;1176395,47;1176395,47;0;0;1176395,47;1176395,47;1176391;0;1176391;
;;001;190;15321;61911;2024/000315;2024/120315;Cº POZO DEL TÍO RAIMUNDO ENTRE AV.ENTREVÍAS Y PASO INFERIOR FERROCARRIL VILLA DE VALLECAS. MEJORAS;218;VILLA DE VALLECAS;08;MANTENIMIENTO URBANO;02;VÍAS PÚBLICAS;;;;;;;0;1176395,47;1176395,47;0;0;1176395,47;1176395,47;1176390,47;0;1176390,47;
;;001;190;15321;61911;2024/000315;2024/130315;PASO ELEVADO VEHÍCULOS Pº SANTA MARÍA DE LA CABEZA SOBRE C/ANTONIO LÓPEZ, CARABANCHEL. ACCESIBILIDAD;211;CARABANCHEL;08;MANTENIMIENTO URBANO;04;CONSERVACIÓN  PASOS A DISTINTO NIVEL;;;;;;;0;25070,39;25070,39;0;0;25070,39;25070,39;25070,39;0;25070,39;
;;001;190;15321;61911;2024/000315;2024/140315;PASO ELEVADO VEHÍCULOS Pº SANTA MARÍA DE LA CABEZA SOBRE C/ANTONIO LÓPEZ, USERA. ACCESIBILIDAD;212;USERA;08;MANTENIMIENTO URBANO;04;CONSERVACIÓN  PASOS A DISTINTO NIVEL;;;;;;;0;25070,52;25070,52;0;0;25070,52;25070,52;25070,52;0;25070,52;
;;001;190;15321;61911;2024/000315;2024/150315;MURO EN LA CALLE DE CARAMUEL, 42. ACONDICIONAMIENTO PARA CREACIÓN DE ZONA ESTANCIAL;210;LATINA;08;MANTENIMIENTO URBANO;02;VÍAS PÚBLICAS;;;;;;;0;26243,45;26243,45;0;0;26243,45;26243,45;26243,45;0;26243,45;
;;001;190;15321;61911;2024/000315;2024/160315;MUROS EN LA C/DE GESALEICO, COLONIA TERCIO Y TEROL. OBRAS DE ACONDICIONAMIENTO Y ACCESIBILIDAD;211;CARABANCHEL;08;MANTENIMIENTO URBANO;02;VÍAS PÚBLICAS;;;;;;;0;16397,87;16397,87;0;0;16397,87;16397,87;16079,61;0;16079,61;
;;001;190;15321;61911;2024/001011;2024/001011;ESTRUCTURA AVENIDA DE ANDALUCÍA SOBRE GRAN VÍA DE VILLAVERDE. OBRAS DE REHABILITACIÓN;217;VILLAVERDE;08;MANTENIMIENTO URBANO;04;CONSERVACIÓN  PASOS A DISTINTO NIVEL;;;;;;;105329;-50000;55329;55329;0;0;0;0;0;0;
;;001;190;15321;61911;2024/001362;2024/001362;PASO INFERIOR VEHÍCULOS AV. CAMILO JOSÉ CELA-C/CORAZÓN DE MARÍA BAJO A-2. OBRAS DE ACONDICIONAMIENTO;204;SALAMANCA;08;MANTENIMIENTO URBANO;04;CONSERVACIÓN  PASOS A DISTINTO NIVEL;;;;;;;400000;333643,67;733643,67;3737,61;0;729906,06;729906,06;729500,58;0;729500,58;
;;001;190;15321;61911;2024/001362;2024/001362;PASO INFERIOR VEHÍCULOS AV. CAMILO JOSÉ CELA-C/CORAZÓN DE MARÍA BAJO A-2. OBRAS DE ACONDICIONAMIENTO;205;CHAMARTIN;08;MANTENIMIENTO URBANO;04;CONSERVACIÓN  PASOS A DISTINTO NIVEL;;;;;;;400000;333643,67;733643,67;3737,6;0;729906,07;729906,07;729500,58;0;729500,58;
;;001;190;15321;61911;2025/000303;2025/000303;PASOS A DISTINTO NIVEL DE LA CIUDAD Y OTRAS ESTRUCTURAS. ACONDICIONAMIENTO Y REHABILITACIÓN;998;VARIOS DISTRITOS;08;MANTENIMIENTO URBANO;04;CONSERVACIÓN  PASOS A DISTINTO NIVEL;;;;;;;4449353;-4082619,7;366733,3;366733,3;0;0;0;0;0;0;
;;001;190;15321;61911;2025/000303;2025/010303;PASO CONEXIÓN ENTRE PASARELA AV. DE AMÉRICA-PARQUE DE LAS AVENIDAS Y C/ SANTA HORTENSIA. ADECUACIÓN;205;CHAMARTIN;08;MANTENIMIENTO URBANO;04;CONSERVACIÓN  PASOS A DISTINTO NIVEL;;;;;;;0;43081,71;43081,71;0;0;43081,71;43081,71;25164,79;0;25164,79;
;;001;190;15321;61911;2025/000303;2025/020303;PASO INFERIOR AVENIDA PUERTA DE HIERRO - CIUDAD UNIVERSITARIA BAJO A-6. OBRAS DE ACONDICIONAMIENTO;209;MONCLOA-ARAVACA;08;MANTENIMIENTO URBANO;04;CONSERVACIÓN  PASOS A DISTINTO NIVEL;;;;;;;0;274163,14;274163,14;0;0;274163,14;274163,14;251824,92;0;251824,92;
;;001;190;15321;61911;2025/000303;2025/030303;PASO CONEXIÓN ENTRE PASARELA AVENIDA DE AMÉRICA-AVENIDA BRUSELAS. OBRAS DE ADECUACIÓN;204;SALAMANCA;08;MANTENIMIENTO URBANO;04;CONSERVACIÓN  PASOS A DISTINTO NIVEL;;;;;;;0;48341,13;48341,13;0;0;48341,13;48341,13;32670,14;0;32670,14;
;;001;190;15321;61910;2024/000310;2024/220310;CALLE LENGUAS, ENTRE EL NÚMERO 1 Y LA CALLE BISMUTO. ADECUACIÓN DE VIALES;217;VILLAVERDE;08;MANTENIMIENTO URBANO;02;VÍAS PÚBLICAS;;;;;;;0;467240,79;467240,79;0;0;467240,79;467240,79;415967,85;0;415967,85;
;;001;190;15321;61910;2024/000310;2024/230310;CALLE MESENA NÚMEROS PARES. ADECUACIÓN VIALES Y MEJORA DE LA ACCESIBILIDAD;216;HORTALEZA;08;MANTENIMIENTO URBANO;02;VÍAS PÚBLICAS;;;;;;;0;6933,75;6933,75;0;0;6933,75;6933,75;6933,75;0;6933,75;
;;001;190;15321;61910;2024/000310;2024/240310;CALLE MESENA NÚMEROS IMPARES. ADECUACIÓN VIALES Y MEJORA DE LA ACCESIBILIDAD;215;CIUDAD LINEAL;08;MANTENIMIENTO URBANO;02;VÍAS PÚBLICAS;;;;;;;0;6933,81;6933,81;0;0;6933,81;6933,81;6933,81;0;6933,81;
;;001;190;15321;61910;2024/000310;2024/250310;CALLE LA LAGUNA. ADECUACIÓN VIALES Y MEJORA DE LA ACCESIBILIDAD;211;CARABANCHEL;08;MANTENIMIENTO URBANO;02;VÍAS PÚBLICAS;;;;;;;0;931921,65;931921,65;0;0;931921,65;931921,65;918536,84;0;918536,84;
;;001;190;15321;61910;2024/000310;2024/260310;CALLE DE LÉRIDA. ADECUACIÓN VIALES Y MEJORA DE LA ACCESIBILIDAD;206;TETUAN;08;MANTENIMIENTO URBANO;02;VÍAS PÚBLICAS;;;;;;;0;71784,3;71784,3;0;0;71784,3;71784,3;55573,44;0;55573,44;
;;001;190;15321;61910;2024/000310;2024/270310;CALLE FUENTE DEL REY. ADECUACIÓN DE VIALES Y MEJORA DE LA ACCESIBILIDAD;209;MONCLOA-ARAVACA;08;MANTENIMIENTO URBANO;02;VÍAS PÚBLICAS;;;;;;;0;468029,41;468029,41;0;0;468029,41;468029,41;467989,54;0;467989,54;
;;001;190;15321;61910;2024/000310;2024/280310;CALLE JILOCA. ADECUACIÓN DE VIALES Y MEJORA DE LA ACCESIBILIDAD;205;CHAMARTIN;08;MANTENIMIENTO URBANO;02;VÍAS PÚBLICAS;;;;;;;0;371304,61;371304,61;0;0;371304,61;371304,61;371304,61;0;317564,67;
;;001;190;15321;61910;2024/000310;2024/290310;CALLE GARGANTA DE AISA Y OTRAS DISTRITO PUENTE DE VALLECAS. ADECUACIÓN VIALES Y MEJORA ACCESIBILIDAD;213;PUENTE DE VALLECAS;08;MANTENIMIENTO URBANO;02;VÍAS PÚBLICAS;;;;;;;0;1801665,07;1801665,07;0;0;1801665,07;1801665,07;1583167,27;0;1583167,27;
;;001;190;15321;61910;2024/000310;2024/310310;CALLE CID. ADECUACIÓN DE VIALES Y MEJORA DE LA ACCESIBILIDAD;204;SALAMANCA;08;MANTENIMIENTO URBANO;02;VÍAS PÚBLICAS;;;;;;;0;183658,19;183658,19;0;0;183658,19;183658,19;109018,6;0;109018,6;
;;001;190;15321;61910;2024/000310;2024/320310;CALLE NADIR. ADECUACIÓN DE VIALES Y MEJORA DE LA ACCESIBILIDAD;209;MONCLOA-ARAVACA;08;MANTENIMIENTO URBANO;02;VÍAS PÚBLICAS;;;;;;;0;377887,99;377887,99;0;0;377887,99;377887,99;377727,73;0;377727,73;
;;001;190;15321;61910;2024/000310;2024/330310;CALLE SAN FIDEL, 3-19. ADECUACIÓN DE VIALES Y MEJORA DE LA ACCESIBILIDAD;215;CIUDAD LINEAL;08;MANTENIMIENTO URBANO;02;VÍAS PÚBLICAS;;;;;;;0;173781,89;173781,89;0;0;173781,89;173781,89;166516,26;0;166516,26;
;;001;190;15321;61910;2024/000310;2024/340310;CALLE ANTONIO PRIETO Y OTRAS. ADECUACIÓN DE VIALES Y MEJORA DE LA ACCESIBILIDAD;212;USERA;08;MANTENIMIENTO URBANO;02;VÍAS PÚBLICAS;;;;;;;0;768845,09;768845,09;0;0;768845,09;768845,09;768845,04;0;768845,04;
;;001;190;15321;61910;2024/000310;2024/350310;CARRETERA ARAVACA DESDE AVENIDA TALGO HASTA FIN TÉRMINO MUNICIPAL. ADECUACIÓN VIALES Y ACCESIBILIDAD;209;MONCLOA-ARAVACA;08;MANTENIMIENTO URBANO;02;VÍAS PÚBLICAS;;;;;;;0;146317,45;146317,45;0;0;146317,45;146317,45;146317,45;0;146317,45;
;;001;190;15321;61910;2024/000310;2024/360310;CALLE RIBADUMIA DISTRITO SAN BLAS-CANILLEJAS. ADECUACIÓN DE VIALES Y MEJORA DE LA ACCESIBILIDAD;220;SAN BLAS-CANILLEJAS;08;MANTENIMIENTO URBANO;02;VÍAS PÚBLICAS;;;;;;;0;173060,27;173060,27;0;0;173060,27;173060,27;169978,95;0;169978,95;
;;001;190;15321;61910;2024/000310;2024/370310;CALLE MISTERIOS. OBRAS DE PEATONALIZACIÓN;215;CIUDAD LINEAL;08;MANTENIMIENTO URBANO;02;VÍAS PÚBLICAS;;;;;;;0;1254560,86;1254560,86;0;0;1254560,86;1254560,86;1254560,86;0;1254560,86;
;;001;190;15321;61910;2024/000310;2024/380310;C/ SAN AURELIANO, 4-20. ADECUACIÓN DE VIALES Y MEJORA DE LA ACCESIBILIDAD;217;VILLAVERDE;08;MANTENIMIENTO URBANO;02;VÍAS PÚBLICAS;;;;;;;0;381421,79;381421,79;0;0;381421,79;381421,79;261143,88;0;261143,88;
;;001;190;15321;61910;2024/000310;2024/390310;AVENIDA DE LOS MADROÑOS ENTRE C/FRASCUELO Y AV. PAPA NEGRO. ADECUACIÓN VIALES Y MEJORA ACCESIBILIDAD;216;HORTALEZA;08;MANTENIMIENTO URBANO;02;VÍAS PÚBLICAS;;;;;;;0;823699,64;823699,64;0;0;823699,64;823699,64;673421,69;0;673421,69;
;;001;190;15321;61910;2024/000311;2024/000311;ACCESOS A CENTROS DE MAYORES Y DE DÍA. OBRAS DE MEJORA Y ELIMINACIÓN DE BARRERAS URBANÍSTICAS;998;VARIOS DISTRITOS;08;MANTENIMIENTO URBANO;02;VÍAS PÚBLICAS;;;;;;;1396405;-1396405;0;0;0;0;0;0;0;0;
;;001;190;15321;61910;2024/000311;2024/010311;ACCESOS CENTRO MAYORES SAN BENITO, ENTORNO C/ CARRIÓN CONDES. OBRAS MEJORA Y ELIMINACIÓN BARRERAS;216;HORTALEZA;08;MANTENIMIENTO URBANO;02;VÍAS PÚBLICAS;;;;;;;0;22697,91;22697,91;0;0;22697,91;22697,91;22697,91;0;22697,91;
;;001;190;15321;61910;2024/000311;2024/020311;ACCESOS CENTROS DÍA Y MAYORES SAN VICENTE PAUL Y OTROS CARABANCHEL. MEJORAS Y ELIMINACIÓN BARRERAS;211;CARABANCHEL;08;MANTENIMIENTO URBANO;02;VÍAS PÚBLICAS;;;;;;;0;433621,01;433621,01;0;0;433621,01;433621,01;369629,27;0;369629,27;
;;001;190;15321;61910;2024/000311;2024/030311;ACCESOS CENTROS DÍA Y MAYORES JOSÉ MANUEL BRINGAS Y SAN FILIBERTO. MEJORAS Y ELIMINACIÓN BARRERAS;212;USERA;08;MANTENIMIENTO URBANO;02;VÍAS PÚBLICAS;;;;;;;0;402936,24;402936,24;0;0;402936,24;402936,24;325846,53;0;325846,53;
;;001;190;15321;61910;2024/000311;2024/040311;ACCESOS CENTROS DE MAYORES PAMPLONA Y LEÑEROS. OBRAS DE MEJORA Y ELIMINACIÓN DE BARRERAS;206;TETUAN;08;MANTENIMIENTO URBANO;02;VÍAS PÚBLICAS;;;;;;;0;117038,43;117038,43;0;0;117038,43;117038,43;90979,73;0;90979,73;
;;001;190;15321;61910;2024/000311;2024/050311;ACCESO CENTRO DE MAYORES SAN LUCIANO. OBRAS DE MEJORA Y ELIMINACIÓN BARRERAS;217;VILLAVERDE;08;MANTENIMIENTO URBANO;02;VÍAS PÚBLICAS;;;;;;;0;124527,19;124527,19;0;0;124527,19;124527,19;120782,87;0;120782,87;
;;001;190;15321;61910;2024/000312;2024/000312;CASCOS HISTÓRICOS DE LA CIUDAD. RECUPERACIÓN Y REGENERACIÓN;998;VARIOS DISTRITOS;08;MANTENIMIENTO URBANO;02;VÍAS PÚBLICAS;;;;;;;1690570;-1690570;0;0;0;0;0;0;0;0;
;;001;190;15321;61910;2024/000312;2024/010312;CASCO HISTÓRICO VILLA DE VALLECAS. OBRAS DE RENOVACIÓN Y REGENERACIÓN PLAZA MILMARCOS;218;VILLA DE VALLECAS;08;MANTENIMIENTO URBANO;02;VÍAS PÚBLICAS;;;;;;;0;291061,31;291061,31;0;0;291061,31;291061,31;285566,02;0;285566,02;
;;001;190;15321;61910;2024/000312;2024/020312;CASCO HISTÓRICO DE EL PARDO. OBRAS DE RENOVACIÓN Y REGENERACIÓN EN CALLE MIRA EL RIO Y OTRAS;208;FUENCARRAL-EL PARDO;08;MANTENIMIENTO URBANO;02;VÍAS PÚBLICAS;;;;;;;0;702081,47;702081,47;0;0;702081,47;702081,47;591145,4;0;591145,4;
;;001;190;15321;61910;2024/000312;2024/030312;CASCO HISTÓRICO HORTALEZA. OBRAS DE RENOVACIÓN Y REGENERACIÓN EN CALLE MAR CANTÁBRICO Y OTRAS;216;HORTALEZA;08;MANTENIMIENTO URBANO;02;VÍAS PÚBLICAS;;;;;;;0;711436,31;711436,31;0;0;711436,31;711436,31;619525,18;0;619525,18;
;;001;190;15321;61910;2024/000312;2024/040312;CASCO HISTÓRICO DE VICÁLVARO. OBRAS DE RENOVACIÓN Y REGENERACIÓN EN LA CALLE ISEO Y OTRAS;219;VICALVARO;08;MANTENIMIENTO URBANO;02;VÍAS PÚBLICAS;;;;;;;0;666261,73;666261,73;0;0;666261,73;666261,73;666261,73;0;666261,73;
;;001;190;15321;61910;2024/000313;2024/000313;COLONIAS HISTÓRICAS DE LA CIUDAD. OBRAS DE RECUPERACIÓN Y MEJORA;998;VARIOS DISTRITOS;08;MANTENIMIENTO URBANO;02;VÍAS PÚBLICAS;;;;;;;3042527;-3042527;0;0;0;0;0;0;0;0;
;;001;190;15321;61910;2024/000313;2024/010313;COLONIA EL VISO, CALLE NERVIÓN. OBRAS DE RECUPERACIÓN Y MEJORA;205;CHAMARTIN;08;MANTENIMIENTO URBANO;02;VÍAS PÚBLICAS;;;;;;;0;1411025,78;1411025,78;0;0;1411025,78;1411025,78;1059794,14;0;1059794,14;
;;001;190;15321;61910;2024/000313;2024/020313;APE 05.13 COLONIA PRIMO DE RIVERA. OBRAS DE RECUPERACIÓN Y MEJORA DE LA ACCESIBILIDAD;205;CHAMARTIN;08;MANTENIMIENTO URBANO;02;VÍAS PÚBLICAS;;;;;;;0;1143862,54;1143862,54;0;0;1143862,54;1143862,54;634690,08;0;634690,08;
;;001;190;15321;61910;2024/000313;2024/030313;APE 05.11 COLONIA UNIÓN ELÉCTRICA MADRILEÑA. OBRAS DE RECUPERACIÓN Y MEJORA DE LA ACCESIBILIDAD;205;CHAMARTIN;08;MANTENIMIENTO URBANO;02;VÍAS PÚBLICAS;;;;;;;0;865662,17;865662,17;0;0;865662,17;865662,17;422759,42;0;422759,42;
;;001;190;15321;61910;2024/000314;2024/000314;POLÍGONOS INDUSTRIALES DE LA CIUDAD. OBRAS DE PAVIMENTACIÓN Y MEJORA;998;VARIOS DISTRITOS;08;MANTENIMIENTO URBANO;02;VÍAS PÚBLICAS;;;;;;;304562;-304562;0;0;0;0;0;0;0;0;
;;001;190;15321;61910;2024/000314;2024/020314;POLÍGONO INDUSTRIAL HERRERA ORIA. OBRAS DE PAVIMENTACIÓN Y MEJORAS;208;FUENCARRAL-EL PARDO;08;MANTENIMIENTO URBANO;02;VÍAS PÚBLICAS;;;;;;;0;343226,05;343226,05;0;0;343226,05;343226,05;343226,05;0;343226,05;
;;001;190;15321;61910;2024/004038;2024/004038;PLAZA DE LA AVENIDA DE OPORTO. RECUPERACIÓN DE LA CALIDAD ESTANCIAL (ID 21: 17048);211;CARABANCHEL;08;MANTENIMIENTO URBANO;02;VÍAS PÚBLICAS;;;;;18;PRESUPUESTOS PARTICIPATIVOS;0;245545,21;245545,21;0;0;245545,21;245545,21;24255,57;0;0;
;;001;190;15321;61910;2025/000302;2025/000302;POLÍGONOS INDUSTRIALES DE LA CIUDAD. OBRAS DE PAVIMENTACIÓN Y MEJORA;998;VARIOS DISTRITOS;08;MANTENIMIENTO URBANO;02;VÍAS PÚBLICAS;;;;;;;1000000;-1000000;0;0;0;0;0;0;0;0;
;;001;190;15321;61910;2025/000302;2025/010302;POLÍGONO INDUSTRIAL CAMINO DE HORMIGUERAS, VILLA DE VALLECAS. RENOVACIÓN ACERAS CALLES TRANSVERSALES;218;VILLA DE VALLECAS;08;MANTENIMIENTO URBANO;02;VÍAS PÚBLICAS;;;;;;;0;820365,69;820365,69;0;0;820365,69;820365,69;591187,44;0;591187,44;
;;001;190;15321;61910;2025/000302;2025/020302;POLÍGONO INDUSTRIAL TAMAMES AGUACATE, CARABANCHEL. OBRAS DE REURBANIZACIÓN, PAVIMENTACIÓN Y MEJORA;211;CARABANCHEL;08;MANTENIMIENTO URBANO;02;VÍAS PÚBLICAS;;;;;;;0;300000;300000;0;0;300000;300000;7212,51;0;7212,51;
;;001;190;15321;61910;2025/000306;2025/000306;VÍAS PÚBLICAS DE LA CIUDAD DE MADRID. ADECUACIÓN VIALES Y MEJORA DE LA ACCESIBILIDAD;998;VARIOS DISTRITOS;08;MANTENIMIENTO URBANO;02;VÍAS PÚBLICAS;;;;;;;5891326;-5807071,88;84254,12;84254,12;0;0;0;0;0;0;
;;001;190;15321;61910;2025/000306;2025/010306;CALLE TENERIFE. OBRAS DE NATURALIZACIÓN Y CONSOLIDACIÓN DE LA PEATONALIZACIÓN;206;TETUAN;08;MANTENIMIENTO URBANO;02;VÍAS PÚBLICAS;;;;;;;0;614031,05;614031,05;0;0;614031,05;614031,05;517556,18;0;501003,43;
;;001;190;15321;61910;2025/000306;2025/020306;C/ GODELLA, 37 Y OTRAS DEL DISTRITO DE VILLAVERDE. OBRAS DE RENOVACIÓN DE ACERAS;217;VILLAVERDE;08;MANTENIMIENTO URBANO;02;VÍAS PÚBLICAS;;;;;;;0;592388,93;592388,93;0;0;592388,93;592388,93;318964,83;0;318964,83;
;;001;190;15321;61910;2025/000306;2025/030306;ENTORNO MERCADO TIRSO DE MOLINA. OBRAS DE NATURALIZACIÓN Y CONSOLIDACIÓN DE LA PEATONALIZACIÓN;210;LATINA;08;MANTENIMIENTO URBANO;02;VÍAS PÚBLICAS;;;;;;;0;578205,59;578205,59;0;0;578205,59;578205,59;445266,52;0;445266,52;
;;001;190;15321;61910;2025/000306;2025/040306;CALLE SAN CLAUDIO, 89 A 117. OBRAS DE MEJORA DE LA ACCESIBILIDAD;213;PUENTE DE VALLECAS;08;MANTENIMIENTO URBANO;02;VÍAS PÚBLICAS;;;;;;;0;1144162,68;1144162,68;0;0;1144162,68;1144162,68;295327,13;0;295327,13;
;;001;190;15321;61910;2025/000306;2025/050306;CALLE VEDRA Y OTRAS DEL DISTRITO DE PUENTE DE VALLECAS. OBRAS DE RENOVACIÓN DE ACERAS;213;PUENTE DE VALLECAS;08;MANTENIMIENTO URBANO;02;VÍAS PÚBLICAS;;;;;;;0;1227211,81;1227211,81;0;0;1227211,81;1227211,81;321985,09;0;321985,09;
;;001;190;15321;61910;2025/000306;2025/070306;CALLE CASTILLA. OBRAS DE REMODELACIÓN DE ACERAS Y MEJORA DE LA ACCESIBILIDAD;206;TETUAN;08;MANTENIMIENTO URBANO;02;VÍAS PÚBLICAS;;;;;;;0;365217,16;365217,16;0;0;365217,16;365217,16;197107,75;0;197107,75;
;;001;190;15321;61910;2025/000306;2025/080306;AVENIDA DE LA REINA VICTORIA. ADECUACIÓN VIALES Y MEJORA DE LA ACCESIBILIDAD;209;MONCLOA-ARAVACA;08;MANTENIMIENTO URBANO;02;VÍAS PÚBLICAS;;;;;;;0;473522,85;473522,85;0;0;473522,85;473522,85;96709,72;0;96709,72;
;;001;190;15321;61910;2025/000306;2025/090306;C/ OBERÓN, ENTRE CALLES MARIO CABRÉ Y MÉRIDA. ADECUACIÓN VIALES Y MEJORA DE LA ACCESIBILIDAD;214;MORATALAZ;08;MANTENIMIENTO URBANO;02;VÍAS PÚBLICAS;;;;;;;0;378801,81;378801,81;0;0;378801,81;378801,81;72206,17;0;72206,17;
;;001;190;15321;61910;2025/000306;2025/100306;CALLE ÁNGEL GAVINET Y OTRAS. OBRAS DE NATURALIZACIÓN Y CONSOLIDACIÓN DE LA PEATONALIZACIÓN;203;RETIRO;08;MANTENIMIENTO URBANO;02;VÍAS PÚBLICAS;;;;;;;0;750808,07;750808,07;0;0;750808,07;750808,07;20468,78;0;20468,78;
;;001;190;15321;61910;2025/000306;2025/110306;CALLE SAN HERMENEGILDO Y ALEDAÑAS. ADECUACIÓN DE VIALES;201;CENTRO;08;MANTENIMIENTO URBANO;02;VÍAS PÚBLICAS;;;;;;;0;19214,42;19214,42;0;0;19214,42;19214,42;19214,41;0;0;
;;001;190;15321;61910;2025/000306;2025/120306;CALLE FEDERICO CARLOS SAINZ DE ROBLES. MEJORA ACCESIBILIDAD Y RENOVACIÓN DE ACERAS;209;MONCLOA-ARAVACA;08;MANTENIMIENTO URBANO;02;VÍAS PÚBLICAS;;;;;;;0;403641,03;403641,03;0;0;403641,03;403641,03;121521,51;0;121521,51;
;;001;190;15321;61910;2025/000306;2025/130306;CALLE DEL PRADO. ADECUACIÓN DE VIALES Y MEJORA DE LA ACCESIBILIDAD;201;CENTRO;08;MANTENIMIENTO URBANO;02;VÍAS PÚBLICAS;;;;;;;0;402432,64;402432,64;0;0;402432,64;402432,64;0;0;0;
;;001;190;15321;61910;2025/000306;2025/140306;PLAZUELA DE SAN GINÉS Y ENTORNO. ADECUACIÓN DE VIALES Y MEJORA DE LA ACCESIBILIDAD;201;CENTRO;08;MANTENIMIENTO URBANO;02;VÍAS PÚBLICAS;;;;;;;0;116594,91;116594,91;0;0;116594,91;116594,91;0;0;0;
;;001;190;15323;61901;2011/000318;2011/000318;MADRID CALLE 30 S.A. INVERSIONES DE REPOSICIÓN;998;VARIOS DISTRITOS;07;INFRAESTRUCTURAS;01;CIRCUNVALACIÓN M-30;;;;;;;10108674;-2760483,17;7348190,83;688244;0;6659946,83;6659946,83;0;0;0;
;;001;190;15323;61901;2011/000318;2023/001022;CALLE 30. ADECUACIÓN RED PEATONAL E ITINERARIO ACCESIBLE PASARELA MARQUÉS DE ZAFRA;998;VARIOS DISTRITOS;07;INFRAESTRUCTURAS;01;CIRCUNVALACIÓN M-30;;;;;;;0;57148,07;57148,07;0;0;57148,07;57148,07;57148,07;0;0;
;;001;190;15323;61901;2011/000318;2023/001610;CALLE 30. ALUMBRADO EXTERIOR MADRID CALLE 30 TECNOLOGÍA LED. TRAMO ARCO OESTE;998;VARIOS DISTRITOS;07;INFRAESTRUCTURAS;01;CIRCUNVALACIÓN M-30;;;;;;;0;2593045,89;2593045,89;0;0;2593045,89;2593045,89;2593045,89;0;0;
;;001;190;15323;61901;2011/000318;2024/001229;CALLE 30. ADECUACIÓN DE LOS EXUTORIOS DE IMPULSIÓN DEL BYPASS SUR;998;VARIOS DISTRITOS;07;INFRAESTRUCTURAS;01;CIRCUNVALACIÓN M-30;;;;;;;0;110289,21;110289,21;0;0;110289,21;110289,21;110289,21;0;0;
1;INCORPORACIONES REMANENTES OBLIGATORIAS;001;190;15340;60903;2005/000655;2005/000655;PARQUE VALDEBEBAS. CONSTRUCCIÓN;216;HORTALEZA;09;MEDIO AMBIENTE;00;PARQUES;;;;;;;0;712671,6;712671,6;0;0;712671,6;712671,6;83886,33;0;83886,33;
1;INCORPORACIONES REMANENTES OBLIGATORIAS;001;190;15340;60903;2023/001345;2023/001345;ÁREA DE PLANEAMIENTO ESPECÍFICO 18.06 PARCELA 61, VALLECAS - LA ATALAYUELA. URBANIZACIÓN;218;VILLA DE VALLECAS;06;URBANISMO;04;URBANIZACIÓN SUELO A CARGO DE PARTICULARES;;;;;;;0;33423,5;33423,5;33423,5;0;0;0;0;0;0;
1;INCORPORACIONES REMANENTES OBLIGATORIAS;001;190;15340;60903;2024/001611;2024/001611;FUENTE RÍA DE SANCHINARRO. ADECUACIÓN DE LA URBANIZACIÓN;216;HORTALEZA;06;URBANISMO;04;URBANIZACIÓN SUELO A CARGO DE PARTICULARES;;;;;;;0;705770,63;705770,63;705770,63;0;0;0;0;0;0;
;;001;190;15340;60911;2025/000340;2025/000340;PASARELA PEATONAL Y CICLISTA CONEXIÓN ARGANZUELA-CARABANCHEL SOBRE EL RÍO MANZANARES. CONSTRUCCIÓN;202;ARGANZUELA;07;INFRAESTRUCTURAS;04;CONSTRUCCIÓN PASARELAS PEATONALES;;;;;;;125000;-125000;0;0;0;0;0;0;0;0;
;;001;190;15340;60911;2025/000340;2025/000340;PASARELA PEATONAL Y CICLISTA CONEXIÓN ARGANZUELA-CARABANCHEL SOBRE EL RÍO MANZANARES. CONSTRUCCIÓN;211;CARABANCHEL;07;INFRAESTRUCTURAS;04;CONSTRUCCIÓN PASARELAS PEATONALES;;;;;;;125000;-125000;0;0;0;0;0;0;0;0;
5;FONDO DE REEQUILIBRIO TERRITORIAL;001;190;15340;60999;2025/005001;2025/005001;ASCENSOR URBANO PZA. DR.BARRAQUER-AV.CARDENAL HERRERA ORIA. MEJORA DE LA ACCESIBILIDAD (ID 17: 2653);208;FUENCARRAL-EL PARDO;07;INFRAESTRUCTURAS;06;OTRAS INVERSIONES EN INFRAESTRUCTURAS URBANAS;;;;;18;PRESUPUESTOS PARTICIPATIVOS;580000;0;580000;0;0;580000;580000;34174,12;0;34174,12;
;;001;190;15340;61904;2020/000291;2020/000291;CALLE EDUARDO BARREIROS. REURBANIZACIÓN;217;VILLAVERDE;06;URBANISMO;01;URBANIZACIÓN SUELO A CARGO DEL AYUNTAMIENTO;;;;;;;0;165841,85;165841,85;0;0;165841,85;165841,85;165841,85;0;165841,85;
;;001;190;15340;61904;2022/000288;2022/000288;PLAZA DE JACINTO BENAVENTE. OBRAS DE REMODELACIÓN DE LA URBANIZACIÓN;201;CENTRO;06;URBANISMO;01;URBANIZACIÓN SUELO A CARGO DEL AYUNTAMIENTO;;;;;;;2500000;-2398773,21;101226,79;101226,79;0;0;0;0;0;0;
;;001;190;15340;61904;2022/000300;2022/000300;VÍA LATERAL DEL PASEO DE SANTA MARÍA DE LA CABEZA EN EL DISTRITO DE USERA. REMODELACIÓN;212;USERA;06;URBANISMO;01;URBANIZACIÓN SUELO A CARGO DEL AYUNTAMIENTO;;;;;;;380000;-380000;0;0;0;0;0;0;0;0;
;;001;190;15340;61904;2022/000301;2022/000301;CASCO HISTÓRICO DE BARAJAS. OBRAS DE PEATONALIZACIÓN;221;BARAJAS;08;MANTENIMIENTO URBANO;02;VÍAS PÚBLICAS;;;;;;;850000;-750000;100000;100000;0;0;0;0;0;0;
;;001;190;15340;61904;2022/000302;2022/000302;PLAZA DE SALVADOR DALÍ. REMODELACIÓN DE LA URBANIZACIÓN;204;SALAMANCA;06;URBANISMO;01;URBANIZACIÓN SUELO A CARGO DEL AYUNTAMIENTO;;;;;;;1275000;0;1275000;0;0;1275000;1275000;140817,31;0;140817,31;
;;001;190;15340;61904;2022/001263;2022/001263;ZONAS ADYACENTES JARDINES DE SABATINI CON LA PLAZA DE ESPAÑA.REURBANIZACIÓN Y ACONDICIONAMIENTO;201;CENTRO;06;URBANISMO;01;URBANIZACIÓN SUELO A CARGO DEL AYUNTAMIENTO;;;;;;;3293693;1358159,04;4651852,04;0,87;0;4651851,17;4651851,17;4651851,16;0;4651851,16;
;;001;190;15340;61904;2023/000285;2023/000285;ITINERARIOS PEATONALES Y CARRILES BICI PARA CONEXIÓN CICLISTA CON ANILLO VERDE EN VILLA DE VALLECAS;218;VILLA DE VALLECAS;08;MANTENIMIENTO URBANO;02;VÍAS PÚBLICAS;;;17;FONDO REEQUILIBRIO TERRITORIAL;;;0;7242,13;7242,13;0;0;7242,13;7242,13;7242,13;0;7242,13;
;;001;190;15340;61904;2023/000331;2023/000331;PARQUE DE MANOLITO GAFOTAS. OBRAS DE REURBANIZACIÓN;211;CARABANCHEL;06;URBANISMO;01;URBANIZACIÓN SUELO A CARGO DEL AYUNTAMIENTO;;;;;;;1482750;1057754,95;2540504,95;0,11;0;2540504,84;2540504,84;1107953,71;0;1107953,71;
;;001;190;15340;61904;2023/000333;2023/000333;PLAZA DE PEDRO ZEROLO. OBRAS DE REMODELACIÓN Y MEJORA DE LA CALIDAD DEL ESPACIO PÚBLICO;201;CENTRO;06;URBANISMO;01;URBANIZACIÓN SUELO A CARGO DEL AYUNTAMIENTO;;;;;;;165000;-165000;0;0;0;0;0;0;0;0;
;;001;190;15340;61904;2024/000297;2024/000297;CUBRICIÓN DEL VIARIO M-30 EN EL PUENTE DE VENTAS;204;SALAMANCA;07;INFRAESTRUCTURAS;01;CIRCUNVALACIÓN M-30;;;;;;;15000000;-9993003,53;5006996,47;0;0;5006996,47;5006996,47;4603468,18;0;4603468,18;
;;001;190;15340;61904;2024/000297;2024/000297;CUBRICIÓN DEL VIARIO M-30 EN EL PUENTE DE VENTAS;215;CIUDAD LINEAL;07;INFRAESTRUCTURAS;01;CIRCUNVALACIÓN M-30;;;;;;;15000000;-9993003,54;5006996,46;0;0;5006996,46;5006996,46;4603468,17;0;4603468,17;
;;001;190;15340;61904;2024/000298;2024/000298;COMPLEJO MANZANA DE AZCA.  RECUPERACIÓN DE ESPACIOS;206;TETUAN;06;URBANISMO;01;URBANIZACIÓN SUELO A CARGO DEL AYUNTAMIENTO;;;;;;;155000;-155000;0;0;0;0;0;0;0;0;
;;001;190;15340;61904;2024/000301;2024/000301;ESPACIOS LIBRES EN EL ENTORNO DE LA CIUDAD DEPORTIVA DE SAN BLAS. REMODELACIÓN DE LA URBANIZACIÓN;220;SAN BLAS-CANILLEJAS;06;URBANISMO;01;URBANIZACIÓN SUELO A CARGO DEL AYUNTAMIENTO;;;;;;;1620000;2000000;3620000;0;0;3620000;3620000;415416,29;0;415416,29;
;;001;190;15340;61904;2024/000303;2024/000303;ESTRUCTURA Y ELEMENTOS DE SOMBRA EN LA PUERTA DEL SOL;201;CENTRO;06;URBANISMO;01;URBANIZACIÓN SUELO A CARGO DEL AYUNTAMIENTO;;;;;;;550000;-64789;485211;0,27;0;485210,73;485210,73;485210,73;0;0;
;;001;190;15340;61904;2024/000304;2024/000304;PLAZA DE MATUTE EN EL DISTRITO CENTRO. OBRAS DE REHABILITACIÓN;201;CENTRO;08;MANTENIMIENTO URBANO;02;VÍAS PÚBLICAS;;;;;;;1565000;-459614;1105386;151197,25;0;954188,75;954188,75;670239,45;0;670239,45;
;;001;190;15340;61904;2024/000305;2024/000305;PLAZA DEL RASTRILLO, DISTRITO CENTRO. OBRAS DE REHABILITACIÓN;201;CENTRO;08;MANTENIMIENTO URBANO;02;VÍAS PÚBLICAS;;;;;;;759000;0;759000;0;0;759000;759000;344100,23;0;344100,23;
;;001;190;15340;61904;2024/001311;2024/001311;PLAZA TIRSO DE MOLINA Y CALLES ALEDAÑAS. REMODELACIÓN Y MEJORA CONFIGURACIÓN DEL ESPACIO URBANO;201;CENTRO;06;URBANISMO;01;URBANIZACIÓN SUELO A CARGO DEL AYUNTAMIENTO;;;;;;;2764117;0;2764117;0,73;0;2764116,27;2764116,27;1422458,04;0;1422458,04;
;;001;190;15340;61904;2024/004005;2024/004005;ENTORNO DEL MERCADO NUEVA NUMANCIA. REURBANIZACIÓN Y ORDENACIÓN DEL ESPACIO PÚBLICO (ID 21: 18869);213;PUENTE DE VALLECAS;06;URBANISMO;01;URBANIZACIÓN SUELO A CARGO DEL AYUNTAMIENTO;;;;;18;PRESUPUESTOS PARTICIPATIVOS;0;32916,15;32916,15;0;0;32916,15;32916,15;32916,15;0;32916,15;
;;001;190;15340;61904;2025/000138;2025/000138;CALLE DE GOYA. OBRAS DE REMODELACIÓN;204;SALAMANCA;06;URBANISMO;01;URBANIZACIÓN SUELO A CARGO DEL AYUNTAMIENTO;;;;;;;120000;-120000;0;0;0;0;0;0;0;0;
;;001;190;15340;61904;2025/000139;2025/000139;PLAZA DE CHAMBERÍ. OBRAS DE REMODELACIÓN;207;CHAMBERI;06;URBANISMO;01;URBANIZACIÓN SUELO A CARGO DEL AYUNTAMIENTO;;;;;;;132000;0;132000;0;0;132000;132000;0;0;0;
;;001;190;15340;61904;2025/000140;2025/000140;PLAZA DEL DOS DE MAYO. OBRAS DE REMODELACIÓN;201;CENTRO;06;URBANISMO;01;URBANIZACIÓN SUELO A CARGO DEL AYUNTAMIENTO;;;;;;;130000;-130000;0;0;0;0;0;0;0;0;
;;001;190;15340;61904;2025/000312;2025/000312;PAISAJE DE LA LUZ. BULEVAR DE LA C/ ALCALÁ: PLAZA CIBELES - PLAZA DE LA INDEPENDENCIA. REMODELACIÓN;203;RETIRO;06;URBANISMO;01;URBANIZACIÓN SUELO A CARGO DEL AYUNTAMIENTO;;;;;;;1500000;-1000000;500000;500000;0;0;0;0;0;0;
;;001;190;15340;61904;2025/000338;2025/000338;CARRETERA DEL BARRIO DE LA FORTUNA. REMODELACIÓN COMO VIARIO URBANO;210;LATINA;06;URBANISMO;01;URBANIZACIÓN SUELO A CARGO DEL AYUNTAMIENTO;;;;;;;320000;-320000;0;0;0;0;0;0;0;0;
;;001;190;15340;61904;2025/000339;2025/000339;PAISAJE DE LA LUZ. PASEO DEL PRADO, DISTRITO DE RETIRO. OBRAS DE REMODELACIÓN;203;RETIRO;06;URBANISMO;01;URBANIZACIÓN SUELO A CARGO DEL AYUNTAMIENTO;;;;;;;575000;-575000;0;0;0;0;0;0;0;0;
;;001;190;15340;61904;2025/000388;2025/000388;PUERTA DEL SOL. OBRAS DE ADAPTACIÓN DE BANCOS PARA ANCLAJE DE ELEMENTOS DE SOMBRA;201;CENTRO;06;URBANISMO;01;URBANIZACIÓN SUELO A CARGO DEL AYUNTAMIENTO;;;;;;;0;996171,73;996171,73;101186,36;0;894985,37;894985,37;894985,33;0;879520,88;
;;001;190;15340;61904;2025/001010;2025/001010;C/ NUESTRA SEÑORA DE VALVERDE. MEJORA CALIDAD DEL ESPACIO PÚBLICO Y ACCESIBILIDAD UNIVERSAL;208;FUENCARRAL-EL PARDO;06;URBANISMO;01;URBANIZACIÓN SUELO A CARGO DEL AYUNTAMIENTO;;;;;;;300000;-300000;0;0;0;0;0;0;0;0;
;;001;190;15340;61904;2025/001015;2025/001015;PLAZA DUQUESA DE OSUNA. REMODELACIÓN CONFLUENCIA PºALAMEDA OSUNA, C/RAMBLA Y JOAQUÍN IBARRA;221;BARAJAS;06;URBANISMO;01;URBANIZACIÓN SUELO A CARGO DEL AYUNTAMIENTO;;;;;;;350000;-350000;0;0;0;0;0;0;0;0;
;;001;190;15340;61904;2025/001477;2025/001477;CARRETERA DE VALDECARROS. OBRAS DE PROLONGACIÓN;218;VILLA DE VALLECAS;07;INFRAESTRUCTURAS;06;OTRAS INVERSIONES EN INFRAESTRUCTURAS URBANAS;;;;;;;0;500000;500000;500000;0;0;0;0;0;0;
;;001;190;15340;61904;2025/001481;2025/001481;BULEVAR C/ JUAN BRAVO. OBRAS DE ADECUACIÓN PARA INSTALACIÓN DE ELEMENTO ESCULTÓRICO;204;SALAMANCA;06;URBANISMO;01;URBANIZACIÓN SUELO A CARGO DEL AYUNTAMIENTO;;;;;;;0;66866;66866;66866;0;0;0;0;0;0;
5;FONDO DE REEQUILIBRIO TERRITORIAL;001;190;15340;61904;2023/003018;2023/003018;PLAZA DE PAJARONES. REMODELACIÓN Y MEJORA DE LA CONFIGURACIÓN DEL ESPACIO URBANO (ID 21: 18598);221;BARAJAS;06;URBANISMO;01;URBANIZACIÓN SUELO A CARGO DEL AYUNTAMIENTO;;;;;18;PRESUPUESTOS PARTICIPATIVOS;703000;0;703000;78859,4;0;624140,6;624140,6;621628,96;0;621628,96;
5;FONDO DE REEQUILIBRIO TERRITORIAL;001;190;15340;61904;2024/004005;2024/004005;ENTORNO DEL MERCADO NUEVA NUMANCIA. REURBANIZACIÓN Y ORDENACIÓN DEL ESPACIO PÚBLICO (ID 21: 18869);213;PUENTE DE VALLECAS;06;URBANISMO;01;URBANIZACIÓN SUELO A CARGO DEL AYUNTAMIENTO;;;;;18;PRESUPUESTOS PARTICIPATIVOS;843368;0;843368;0,43;0;843367,57;843367,57;843367,57;0;843367,57;
5;FONDO DE REEQUILIBRIO TERRITORIAL;001;190;15340;61904;2024/004008;2024/004008;ESPACIO URBANO ENTRE LAS CALLES DE MANUEL NOYA Y MARCELO USERA. OBRAS DE REMODELACIÓN (ID 21: 19022);212;USERA;06;URBANISMO;01;URBANIZACIÓN SUELO A CARGO DEL AYUNTAMIENTO;;;;;18;PRESUPUESTOS PARTICIPATIVOS;730000;0;730000;0;0;730000;730000;658875,63;0;642574,47;
;;001;190;15340;61910;2022/000283;2022/000283;CARRETERA DE VALDECARROS. ADECUACIÓN DE VIALES;218;VILLA DE VALLECAS;07;INFRAESTRUCTURAS;00;GRANDES VIALES;;;;;;;2744731;1075675,14;3820406,14;0,31;0;3820405,83;3820405,83;2111870,64;0;1592259,58;
;;001;190;15340;61911;2024/000307;2024/000307;SOTERRAMIENTO PASEO DE LA CASTELLANA, TRAMO COMPLEJO HOSPITALARIO LA PAZ - CALLE DE SINESIO DELGADO;205;CHAMARTIN;07;INFRAESTRUCTURAS;06;OTRAS INVERSIONES EN INFRAESTRUCTURAS URBANAS;;;;;;;15000000;-1806299,88;13193700,12;775963,35;0;12417736,77;12417736,77;5878818,22;0;5878818,22;
;;001;190;15340;61911;2024/000307;2024/000307;SOTERRAMIENTO PASEO DE LA CASTELLANA, TRAMO COMPLEJO HOSPITALARIO LA PAZ - CALLE DE SINESIO DELGADO;208;FUENCARRAL-EL PARDO;07;INFRAESTRUCTURAS;06;OTRAS INVERSIONES EN INFRAESTRUCTURAS URBANAS;;;;;;;15000000;-1806299,88;13193700,12;775963,35;0;12417736,77;12417736,77;5878818,23;0;5878818,23;
;;001;190;15340;61911;2025/001103;2025/001103;ACCESO AL ANTIGUO MERCADO CENTRAL DE FRUTAS Y VERDURAS DE LEGAZPI. CONSTRUCCIÓN DE RAMPAS;202;ARGANZUELA;07;INFRAESTRUCTURAS;05;CONSTRUCCIÓN PASOS A DISTINTO NIVEL;;;;;;;0;1829213,57;1829213,57;0;0;1829213,57;1829213,57;1083950,06;0;1083950,06;
;;001;190;15374;61901;2011/000318;2011/000318;MADRID CALLE 30 S.A. INVERSIONES DE REPOSICIÓN;998;VARIOS DISTRITOS;07;INFRAESTRUCTURAS;01;CIRCUNVALACIÓN M-30;;;;;;;891326;-849517,41;41808,59;0;0;41808,59;41808,59;0;0;0;
;;001;190;15374;61901;2011/000318;2023/001022;CALLE 30. ADECUACIÓN RED PEATONAL E ITINERARIO ACCESIBLE PASARELA MARQUÉS DE ZAFRA;998;VARIOS DISTRITOS;07;INFRAESTRUCTURAS;01;CIRCUNVALACIÓN M-30;;;;;;;0;849517,41;849517,41;0;0;849517,41;849517,41;849517,41;0;849517,41;
6;GFA SUPLEMENTOS Y CRÉDITOS EXTRAORD.;001;190;15374;61901;2011/000318;2011/000318;MADRID CALLE 30 S.A. INVERSIONES DE REPOSICIÓN;998;VARIOS DISTRITOS;07;INFRAESTRUCTURAS;01;CIRCUNVALACIÓN M-30;;;;;;;0;14758,4;14758,4;0;0;14758,4;14758,4;0;0;0;
6;GFA SUPLEMENTOS Y CRÉDITOS EXTRAORD.;001;190;15374;61901;2011/000318;2023/001022;CALLE 30. ADECUACIÓN RED PEATONAL E ITINERARIO ACCESIBLE PASARELA MARQUÉS DE ZAFRA;998;VARIOS DISTRITOS;07;INFRAESTRUCTURAS;01;CIRCUNVALACIÓN M-30;;;;;;;0;673485,6;673485,6;0;0;673485,6;673485,6;673485,6;0;0;
;;001;190;15377;61904;2023/001677;2023/001677;ITINERARIO DE CONEXIÓN DE MADRID RÍO CON EL MERCADO DE USERA. ADECUACIÓN;212;USERA;06;URBANISMO;01;URBANIZACIÓN SUELO A CARGO DEL AYUNTAMIENTO;;;;;;;0;36255;36255;0,12;0;36254,88;36254,88;0;0;0;
;;001;190;15377;61904;2023/001678;2023/001678;ITINERARIO HABITABLE ENTRE EL MERCADO DE USERA Y LA PZA. DEL HIDRÓGENO. REMODELACIÓN;212;USERA;06;URBANISMO;01;URBANIZACIÓN SUELO A CARGO DEL AYUNTAMIENTO;;;;;;;0;856951,1;856951,1;0;0;856951,1;856951,1;0;0;0;
1;INCORPORACIONES REMANENTES OBLIGATORIAS;001;190;15377;61904;2023/001677;2023/001677;ITINERARIO DE CONEXIÓN DE MADRID RÍO CON EL MERCADO DE USERA. ADECUACIÓN;212;USERA;06;URBANISMO;01;URBANIZACIÓN SUELO A CARGO DEL AYUNTAMIENTO;;;;;;;0;1919128,44;1919128,44;0;0;1919128,44;1919128,44;1146440,4;0;1146440,4;
1;INCORPORACIONES REMANENTES OBLIGATORIAS;001;190;15377;61904;2023/001678;2023/001678;ITINERARIO HABITABLE ENTRE EL MERCADO DE USERA Y LA PZA. DEL HIDRÓGENO. REMODELACIÓN;212;USERA;06;URBANISMO;01;URBANIZACIÓN SUELO A CARGO DEL AYUNTAMIENTO;;;;;;;0;4329760,7;4329760,7;0;0;4329760,7;4329760,7;1246043,63;0;1246043,63;
;;001;190;16501;60917;2024/000317;2024/000317;EFICIENCIA ENERGÉTICA DEL ALUMBRADO PÚBLICO DE LA CIUDAD. PLAN DE MEJORA;998;VARIOS DISTRITOS;08;MANTENIMIENTO URBANO;00;ALUMBRADO PÚBLICO;;;;;;;577793;-547794,12;29998,88;29998,88;0;0;0;0;0;0;
;;001;190;16501;60917;2024/000317;2024/020317;TECNOLOGÍA LED, SOPORTES Y LUMINIARIAS C/ DOCTOR ESQUERDO Y OTRAS, DISTRITO RETIRO. INSTALACIÓN;203;RETIRO;08;MANTENIMIENTO URBANO;00;ALUMBRADO PÚBLICO;;;;;;;0;143396,28;143396,28;0;0;143396,28;143396,28;129881,22;0;129881,22;
;;001;190;16501;60917;2024/000317;2024/030317;TECNOLOGÍA LED, SOPORTES Y LUMINARIAS C/ MARQUÉS DE URQUIJO Y OTRAS,  MONCLOA-ARAVACA. INSTALACIÓN;209;MONCLOA-ARAVACA;08;MANTENIMIENTO URBANO;00;ALUMBRADO PÚBLICO;;;;;;;0;6110,75;6110,75;0;0;6110,75;6110,75;6110,75;0;6110,75;
;;001;190;16501;60917;2024/000317;2024/040317;TECNOLOGÍA LED, SOPORTES Y LUMINARIAS C/ SINESIO DELGADO Y OTRAS,  FUENCARRAL-EL PARDO. INSTALACIÓN;208;FUENCARRAL-EL PARDO;08;MANTENIMIENTO URBANO;00;ALUMBRADO PÚBLICO;;;;;;;0;15091,34;15091,34;0;0;15091,34;15091,34;15091,34;0;15091,34;
;;001;190;16501;60917;2024/000317;2024/050317;TECNOLOGÍA LED, SOPORTES Y LUMINARIAS AVENIDA REINA VICTORIA Y OTRAS, DISTRITO TETUÁN. INSTALACIÓN;206;TETUAN;08;MANTENIMIENTO URBANO;00;ALUMBRADO PÚBLICO;;;;;;;0;2658,08;2658,08;0;0;2658,08;2658,08;2658,08;0;2658,08;
;;001;190;16501;60917;2024/000317;2024/060317;TECNOLOGÍA LED, SOPORTES Y LUMINARIAS C/ JOSÉ ABASCAL Y OTRAS, DISTRITO CHAMBERÍ. INSTALACIÓN;207;CHAMBERI;08;MANTENIMIENTO URBANO;00;ALUMBRADO PÚBLICO;;;;;;;0;1045,63;1045,63;0;0;1045,63;1045,63;1045,63;0;1045,63;
;;001;190;16501;60917;2024/000317;2024/070317;TECNOLOGÍA LED, SOPORTES Y LUMINARIAS C/ JOAQUÍN COSTA Y OTRAS, DISTRITO CHAMARTÍN. INSTALACIÓN;205;CHAMARTIN;08;MANTENIMIENTO URBANO;00;ALUMBRADO PÚBLICO;;;;;;;0;123442,68;123442,68;0;0;123442,68;123442,68;122220,6;0;122220,6;
;;001;190;16501;60917;2024/000317;2024/080317;TECNOLOGÍA LED, SOPORTES Y LUMINARIAS C/ FRANCISCO SILVELA Y OTRAS, DISTRITO SALAMANCA. INSTALACIÓN;204;SALAMANCA;08;MANTENIMIENTO URBANO;00;ALUMBRADO PÚBLICO;;;;;;;0;5481,7;5481,7;0;0;5481,7;5481,7;5481,7;0;5481,7;
;;001;190;16501;60917;2024/000317;2024/100317;TECNOLOGÍA LED, SOPORTES Y LUMINARIAS EN BARRIO DE VALDEMARÍN, DISTRITO MONCLOA-ARAVACA. INSTALACIÓN;209;MONCLOA-ARAVACA;08;MANTENIMIENTO URBANO;00;ALUMBRADO PÚBLICO;;;;;;;0;280567,66;280567,66;0;0;280567,66;280567,66;249856,93;0;249856,93;
;;001;190;16501;60917;2025/000299;2025/000299;OBRAS DE MEJORA DEL ALUMBRADO PÚBLICO EN LA CIUDAD DE MADRID;998;VARIOS DISTRITOS;08;MANTENIMIENTO URBANO;00;ALUMBRADO PÚBLICO;;;;;;;2000000;-1676741,28;323258,72;323258,72;0;0;0;0;0;0;
;;001;190;16501;60917;2025/000299;2025/010299;TECNOLOGÍA LED, SOPORTES Y LUMINARIAS EN AVENIDA DE LOS MADROÑOS, DISTRITO HORTALEZA. INSTALACIÓN;216;HORTALEZA;08;MANTENIMIENTO URBANO;00;ALUMBRADO PÚBLICO;;;;;;;0;183431,61;183431,61;0;0;183431,61;183431,61;147848,16;0;147848,16;
;;001;190;16501;60917;2025/000299;2025/020299;TECNOLOGÍA LED, SOPORTES Y LUMINARIAS EN BULEVAR PASEO CASTELLANA, DISTRITO TETUÁN. INSTALACIÓN;206;TETUAN;08;MANTENIMIENTO URBANO;00;ALUMBRADO PÚBLICO;;;;;;;0;424709,9;424709,9;0;0;424709,9;424709,9;208534,48;0;208534,48;
;;001;190;16501;60917;2025/000299;2025/030299;TECNOLOGÍA LED, SOPORTES Y LUMINARIAS EN BULEVAR C/ MARCELIANO SANTA MARÍA, CHAMARTÍN. INSTALACIÓN;205;CHAMARTIN;08;MANTENIMIENTO URBANO;00;ALUMBRADO PÚBLICO;;;;;;;0;405247,08;405247,08;0;0;405247,08;405247,08;367951,73;0;367951,73;
;;001;190;16501;60917;2025/000299;2025/040299;TECNOLOGÍA LED, SOPORTES Y LUMINARIAS EN BULEVAR PASEO CASTELLANA, DISTRITO CHAMARTÍN. INSTALACIÓN;205;CHAMARTIN;08;MANTENIMIENTO URBANO;00;ALUMBRADO PÚBLICO;;;;;;;0;350248,39;350248,39;0;0;350248,39;350248,39;350109,6;0;350109,6;
;;001;190;16501;60917;2025/000299;2025/050299;TECNOLOGÍA LED, SOPORTES Y LUMINARIAS EN CALLES LÍGULA Y OTRAS, DISTRITO CHAMARTÍN. INSTALACIÓN;205;CHAMARTIN;08;MANTENIMIENTO URBANO;00;ALUMBRADO PÚBLICO;;;;;;;0;278724,61;278724,61;0;0;278724,61;278724,61;268621,75;0;268621,75;
;;001;190;16501;60917;2025/000299;2025/060299;TECNOLOGÍA LED, SOPORTES Y LUMINARIAS EN LA CALLE NARVÁEZ, DISTRITO SALAMANCA. INSTALACIÓN;204;SALAMANCA;08;MANTENIMIENTO URBANO;00;ALUMBRADO PÚBLICO;;;;;;;0;20069,7;20069,7;0;0;20069,7;20069,7;19460,39;0;19460,39;
;;001;190;16501;60917;2025/000299;2025/070299;TECNOLOGÍA LED, SOPORTES Y LUMINARIAS EN LA CALLE NARVÁEZ, DISTRITO RETIRO. INSTALACIÓN;203;RETIRO;08;MANTENIMIENTO URBANO;00;ALUMBRADO PÚBLICO;;;;;;;0;19334,47;19334,47;0;0;19334,47;19334,47;17218,23;0;17218,23;
;;001;190;16501;60917;2025/000299;2025/080299;TECNOLOGÍA LED, SOPORTES Y LUMINARIAS COLONIA SAN CRISTÓBAL ÁNGELES, DISTRITO VILLAVERDE.INSTALACIÓN;217;VILLAVERDE;08;MANTENIMIENTO URBANO;00;ALUMBRADO PÚBLICO;;;;;;;0;229039,58;229039,58;0;0;229039,58;229039,58;210283,77;0;210283,77;
;;001;190;16501;61911;2025/001398;2025/001398;TÚNEL COSTA RICA - GRAN VÍA DE HORTALEZA. OBRAS DE RENOVACIÓN Y MEJORA DE SEGURIDAD;998;VARIOS DISTRITOS;08;MANTENIMIENTO URBANO;04;CONSERVACIÓN  PASOS A DISTINTO NIVEL;;;;;;;0;589639;589639;0;0;589639;589639;0;0;0;
;;001;190;16501;61916;2025/000301;2025/000301;OBRAS DE ADECUACIÓN Y MEJORA INSTALACIONES HIDRAÚLICAS DE LA CIUDAD DE MADRID;998;VARIOS DISTRITOS;09;MEDIO AMBIENTE;02;FUENTES Y ESTANQUES;;;;;;;500000;-500000;0;0;0;0;0;0;0;0;
;;001;190;93301;63200;2024/001467;2024/001467;CENTRO DEPORTIVO BLANCA FERNÁNDEZ OCHOA. OBRAS DE REFORMA;211;CARABANCHEL;11;DEPORTES, JUVENTUD  Y ESPARCIMIENTO;01;POLIDEPORTIVOS;;;;;;;0;20832,11;20832,11;0;0;20832,11;20832,11;20832,11;0;20832,11;
;;001;190;93301;63200;2024/001469;2024/001469;CENTRO DÍA MAYORES MARGARITA RETUERTO. SUBSANACIÓN HUMEDADES Y SUSTITUCIÓN APARATOS ELEVACIÓN;204;SALAMANCA;03;PROTECCIÓN Y PROMOCIÓN SOCIAL;00;CENTROS DE DÍA Y RESIDENCIAS DE MAYORES;;;;;;;227665;50508,89;278173,89;0,78;0;278173,11;278173,11;108029,75;0;108029,75;
;;001;190;93301;63200;2024/001471;2024/001471;EDIFICIO SEDE AGENCIA PARA EL EMPLEO LOS CÁRMENES. REFORMA INSTALACIÓN PROTECCIÓN CONTRA INCENDIOS;210;LATINA;03;PROTECCIÓN Y PROMOCIÓN SOCIAL;07;CENTROS PARA LA PROMOCIÓN DE EMPLEO;;;;;;;0;85,31;85,31;0;0;85,31;85,31;85,31;0;85,31;
;;001;190;93301;63200;2024/001481;2024/001481;CENTRO DEPORTIVO PUEBLO NUEVO. SUBSANACIÓN PATOLOGÍAS DE VESTUARIOS Y ACCESOS;215;CIUDAD LINEAL;11;DEPORTES, JUVENTUD  Y ESPARCIMIENTO;01;POLIDEPORTIVOS;;;;;;;0;20815,41;20815,41;0;0;20815,41;20815,41;20815,41;0;20815,41;
;;001;190;93301;63200;2024/001486;2024/001486;ESCUELA INFANTIL LA CHULAPONA. OBRAS DE REFORMA DE LA RED DE SANEAMIENTO;221;BARAJAS;05;EDUCACIÓN;01;ESCUELAS INFANTILES;;;;;;;0;472273,28;472273,28;17144,83;0;455128,45;455128,45;18251,8;0;18251,8;
;;001;190;93301;63200;2024/001489;2024/001489;CENTRO DEPORTIVO FRANCISCO FERNÁNDEZ OCHOA. OBRAS DE CLIMATIZACIÓN DEL PABELLÓN POLIDEPORTIVO;211;CARABANCHEL;11;DEPORTES, JUVENTUD  Y ESPARCIMIENTO;01;POLIDEPORTIVOS;;;;;;;0;59621,65;59621,65;0;0;59621,65;59621,65;59621,65;0;59621,65;
;;001;190;93301;63200;2024/001496;2024/001496;ALBERGUE JUVENIL MEJÍA LEQUERICA. OBRAS DE REPARACIÓN EN CUBIERTA;201;CENTRO;11;DEPORTES, JUVENTUD  Y ESPARCIMIENTO;03;CENTROS JUVENILES;;;;;;;0;86559,7;86559,7;0;0;86559,7;86559,7;82941,89;0;82941,89;
;;001;190;93301;63200;2024/001526;2024/001526;ANTIGUA UNIDAD POLICÍA MUNICIPAL HORTALEZA, C/AREQUIPA, 2. DEMOLICIÓN Y REFORMA APARCAMIENTO PARCELA;216;HORTALEZA;01;PROTECCIÓN CIVIL Y SEGURIDAD CIUDADANA;00;POLICIA MUNICIPAL;;;;;;;0;451247,33;451247,33;119466,41;0;331780,92;331780,92;205220,22;0;205220,22;
;;001;190;93301;63200;2024/001544;2024/001544;CENTRO DEPORTIVO FRANCISCO FERNÁNDEZ OCHOA. OBRAS DE REFORMA INSTALACIÓN DE FONTANERÍA;211;CARABANCHEL;11;DEPORTES, JUVENTUD  Y ESPARCIMIENTO;01;POLIDEPORTIVOS;;;;;;;0;1147,02;1147,02;0;0;1147,02;1147,02;1147,02;0;1147,02;
;;001;190;93301;63200;2024/001568;2024/001568;CENTRO MAYORES EL ALMENDRO. OBRAS REFORMA INSTALACIÓN CLIMATIZACIÓN Y ENVOLVENTE DEL ATRIO PRINCIPAL;219;VICALVARO;03;PROTECCIÓN Y PROMOCIÓN SOCIAL;01;CENTROS DE MAYORES;;;;;;;0;903921,67;903921,67;16878,51;0;887043,16;887043,16;887043,16;0;887043,16;
;;001;190;93301;63200;2025/000332;2025/000332;ESTUDIOS Y TRABAJOS TÉCNICOS. OBRAS DE REFORMA;998;VARIOS DISTRITOS;00;INVERSIONES DE CARÁCTER GENERAL;03;EDIFICIOS PARA EL USO GENERAL;;;;;;;400000;-400000;0;0;0;0;0;0;0;0;
;;001;190;93301;63200;2025/000334;2025/000334;CENTRO DE SERVICIOS SOCIALES RAMÓN PÉREZ DE AYALA. SUBSANACIÓN DE PATOLOGÍAS;213;PUENTE DE VALLECAS;03;PROTECCIÓN Y PROMOCIÓN SOCIAL;02;CENTROS DE SERVICIOS SOCIALES;;;;;;;130000;0;130000;104425,8;0;25574,2;25574,2;5349,81;0;0;
;;001;190;93301;63200;2025/000336;2025/000336;CENTRO DEPORTIVO MUNICIPAL MARQUÉS DE SAMARANCH. AMPLIACIÓN PISTAS PÁDEL;202;ARGANZUELA;11;DEPORTES, JUVENTUD  Y ESPARCIMIENTO;01;POLIDEPORTIVOS;;;;;;;150000;0;150000;114317,2;0;35682,8;35682,8;27023,27;0;27023,27;
;;001;190;93301;63200;2025/001101;2025/001101;BASE 12 SAMUR-PROTECCIÓN CIVIL PARQUE DARWIN, MORATALAZ. OBRAS DE DEMOLICIÓN;214;MORATALAZ;01;PROTECCIÓN CIVIL Y SEGURIDAD CIUDADANA;02;SAMUR - PROTECCIÓN CIVIL;;;;;;;0;141256,32;141256,32;0;0;141256,32;141256,32;133700,55;0;133700,55;
;;001;190;93301;63200;2025/001104;2025/001104;CENTRO CULTURAL EL POZO DEL TÍO RAIMUNDO. OBRAS DE REFORMA;213;PUENTE DE VALLECAS;10;CULTURA;03;CENTROS CULTURALES;;;;;;;0;419281,9;419281,9;0;0;419281,9;419281,9;39321,11;0;39321,11;
;;001;190;93301;63200;2025/001115;2025/001115;CENTRAL TÉRMICA DEL MATADERO. REHABILITACIÓN PARA ABASTACIMIENTO EDIFICIO ANTIGUO MERCADO DE LEGAZPI;202;ARGANZUELA;10;CULTURA;04;OTROS CENTROS PARA MANIFESTACIONES CULTURALES;;;;;;;0;55055;55055;0;0;55055;55055;0;0;0;
;;001;190;93301;63200;2025/001126;2025/001126;PARQUE DE LIMPIEZA Y MAQUINARIA TRECE ROSAS. OBRAS DE REFORMA DE OFICINAS Y DESMONTAJE DE CUBIERTA;215;CIUDAD LINEAL;09;MEDIO AMBIENTE;05;TRATAMIENTO DE RESIDUOS;;;;;;;0;1825567,03;1825567,03;0;0;1825567,03;1825567,03;163264,21;0;163264,21;
;;001;190;93301;63200;2025/001159;2025/001159;EDIFICIO AGENCIA PARA EL EMPLEO, Pº PONTONES, 10. OBRAS DE REFORMA DE LA ENVOLVENTE;202;ARGANZUELA;03;PROTECCIÓN Y PROMOCIÓN SOCIAL;07;CENTROS PARA LA PROMOCIÓN DE EMPLEO;;;;;;;0;707127,59;707127,59;311532,69;0;395594,9;395594,9;0;0;0;
;;001;190;93301;63200;2025/001160;2025/001160;EDIFICIO C/ ESPÍRITU SANTO, 34.  OBRAS DE SUBSANACIÓN DE PATOLOGÍAS;201;CENTRO;00;INVERSIONES DE CARÁCTER GENERAL;03;EDIFICIOS PARA EL USO GENERAL;;;;;;;0;149821,78;149821,78;0;0;149821,78;149821,78;149821,78;0;149821,78;
;;001;190;93301;63200;2025/001162;2025/001162;CANTÓN DE LIMPIEZA C/ ISLA DE AROSA S/N. OBRAS DE SUBSANACIÓN DE PATOLOGÍAS;208;FUENCARRAL-EL PARDO;08;MANTENIMIENTO URBANO;02;VÍAS PÚBLICAS;;;;;;;0;35689,92;35689,92;5525,73;0;30164,19;30164,19;30164,18;0;24982,94;
;;001;190;93301;63200;2025/001166;2025/001166;CENTRO DEPORTIVO BARAJAS. REFORMA DE LA IMPERMEABILIZACIÓN DE CUBIERTA Y CLIMATIZACIÓN;221;BARAJAS;11;DEPORTES, JUVENTUD  Y ESPARCIMIENTO;01;POLIDEPORTIVOS;;;;;;;0;783808,69;783808,69;0;0;783808,69;783808,69;47697,16;0;47697,16;
;;001;190;93301;63200;2025/001212;2025/001212;NAVE EN EDIFICIO CALLE DOCTOR ESQUERDO, 138. OBRAS DE DESAMIANTADO Y DEMOLICIÓN;203;RETIRO;00;INVERSIONES DE CARÁCTER GENERAL;03;EDIFICIOS PARA EL USO GENERAL;;;;;;;0;878308,92;878308,92;0;0;878308,92;878308,92;548568,08;0;548568,08;
;;001;190;93301;63200;2025/001231;2025/001231;CENTRO DEPORTIVO MORATALAZ. OBRAS DE REFORMA DEL CENTRO DE TRANSFORMACIÓN;214;MORATALAZ;11;DEPORTES, JUVENTUD  Y ESPARCIMIENTO;01;POLIDEPORTIVOS;;;;;;;0;172753,19;172753,19;1003,19;0;171750;171750;0;0;0;
;;001;190;93301;63200;2025/001233;2025/001233;CENTRO DEPORTIVO LA ELIPA. ADECUACIÓN INSTALACIÓN ELÉCTRICA;214;MORATALAZ;11;DEPORTES, JUVENTUD  Y ESPARCIMIENTO;01;POLIDEPORTIVOS;;;;;;;0;300000;300000;300000;0;0;0;0;0;0;
;;001;190;93301;63200;2025/001248;2025/001248;PUNTO LIMPIO Y CENTRO DE CONTENEDORES AVENIDA  DAROCA, 104-106. OBRAS DE REFORMA Y ACONDICIONAMIENTO;215;CIUDAD LINEAL;09;MEDIO AMBIENTE;07;DESARROLLO MEDIO AMBIENTAL, SOSTENIBILIDAD;;;;;;;0;1600000;1600000;19801,8;0;1580198,2;1580198,2;271359,63;0;271359,63;
;;001;190;93301;63200;2025/001257;2025/001257;BASE 18 SAMUR PROTECCIÓN CIVIL, AVENIDA RAFAEL ALBERTI, 49. OBRAS DE DEMOLICIÓN  (PARA CERMUS);213;PUENTE DE VALLECAS;03;PROTECCIÓN Y PROMOCIÓN SOCIAL;08;SAMUR - SOCIAL;;;;;;;0;155749,65;155749,65;0;0;155749,65;155749,65;116392,21;0;116392,21;
;;001;190;93301;63200;2025/001258;2025/001258;RESIDENCIA NUESTRA SEÑORA DE LA PALOMA, CERCEDILLA. OBRAS DE SUBSANACIÓN DE PATOLOGÍAS;999;NO DISTRITALIZABLE;05;EDUCACIÓN;05;OTROS CENTROS DE ENSEÑANZA;;;;;;;0;106505,25;106505,25;0;0;106505,25;106505,25;0;0;0;
;;001;190;93301;63200;2025/001277;2025/001277;CENTRO DEPORTIVO JOSÉ MARÍA CAGIGAL. SUBNACIÓN DE PATOLOGÍAS EN PISCINAS DE VERANO;209;MONCLOA-ARAVACA;11;DEPORTES, JUVENTUD  Y ESPARCIMIENTO;01;POLIDEPORTIVOS;;;;;;;0;487350,81;487350,81;465327,54;0;22023,27;22023,27;22023,27;0;22023,27;
;;001;190;93301;63200;2025/001291;2025/001291;CENTRO ATENCIÓN INTEGRAL SOCIOSANITARIA, C/ HERMANOS ÁLVAREZ QUINTERO, 3 Y 7. OBRAS DE REFORMA;201;CENTRO;03;PROTECCIÓN Y PROMOCIÓN SOCIAL;02;CENTROS DE SERVICIOS SOCIALES;;;;;;;0;799923,58;799923,58;0;0;799923,58;799923,58;332446,83;0;332446,83;
;;001;190;93301;63200;2025/001305;2025/001305;CENTRO PARA EL EMPLEO CALLE ÁNCORA, 41. OBRAS SUBSANACIÓN DE PATOLOGÍAS EN PABELLONES D Y E;202;ARGANZUELA;03;PROTECCIÓN Y PROMOCIÓN SOCIAL;07;CENTROS PARA LA PROMOCIÓN DE EMPLEO;;;;;;;0;1537830,62;1537830,62;37830,78;0;1499999,84;1499999,84;18405,43;0;18405,43;
;;001;190;93301;63200;2025/001318;2025/001318;COMPLEJO NAVAS DE TOLOSA, CALLE BENIMANET, 109. OBRAS DE DEMOLICIÓN DEL MÓDULO 2;217;VILLAVERDE;00;INVERSIONES DE CARÁCTER GENERAL;03;EDIFICIOS PARA EL USO GENERAL;;;;;;;0;280803,98;280803,98;3688,36;0;277115,62;277115,62;11661,4;0;0;
;;001;190;93301;63200;2025/001332;2025/001332;CENTRO DEPORTIVO WILFRED AGBONAVBARE. OBRAS DE DEMOLICIÓN Y CONSTRUCCIÓN DE NUEVOS VESTUARIOS;213;PUENTE DE VALLECAS;11;DEPORTES, JUVENTUD  Y ESPARCIMIENTO;01;POLIDEPORTIVOS;;;;;;;0;87073,23;87073,23;2955,43;0;84117,8;84117,8;13924,07;0;6984,72;
;;001;190;93301;63200;2025/001345;2025/001345;CENTRO CULTURAL VALDERRIVAS. ACONDICIONAMIENTO TALUD E IMPLANTACIÓN RESTOS FUENTE DE SAN PEDRO;219;VICALVARO;10;CULTURA;03;CENTROS CULTURALES;;;;;;;0;128628,55;128628,55;4259,51;0;124369,04;124369,04;0;0;0;
;;001;190;93301;63200;2025/001350;2025/001350;DEPARTAMENTO CALLE SOR ÁNGELA DE LA CRUZ, 26. OBRAS DE ACONDICIONAMIENTO Y REFORMA;206;TETUAN;00;INVERSIONES DE CARÁCTER GENERAL;03;EDIFICIOS PARA EL USO GENERAL;;;;;;;0;239367,78;239367,78;0;0;239367,78;239367,78;0;0;0;
;;001;190;93301;63200;2025/001351;2025/001351;CENTRO CULTURAL EL MADROÑO. OBRAS DE SUBSANACIÓN DE PATOLOGÍAS;219;VICALVARO;10;CULTURA;03;CENTROS CULTURALES;;;;;;;0;11080,12;11080,12;0;0;11080,12;11080,12;9611,73;0;2202,2;
;;001;190;93301;63200;2025/001353;2025/001353;ESCUELA INFANTIL LAS PLÉYADES. OBRAS DE SUBSANACIÓN DE PATOLOGÍAS;216;HORTALEZA;05;EDUCACIÓN;01;ESCUELAS INFANTILES;;;;;;;0;288581,53;288581,53;0;0;288581,53;288581,53;19563,31;0;19563,31;
;;001;190;93301;63200;2025/001357;2025/001357;CENTRO DE FORMACIÓN BARAJAS. OBRAS DE SUBSANACIÓN DE PATOLOGÍAS;221;BARAJAS;03;PROTECCIÓN Y PROMOCIÓN SOCIAL;07;CENTROS PARA LA PROMOCIÓN DE EMPLEO;;;;;;;0;292872,41;292872,41;0;0;292872,41;292872,41;0;0;0;
;;001;190;93301;63200;2025/001358;2025/001358;CENTRO DEPORTIVO FRANCISCO FERNÁNDEZ OCHOA. OBRAS DE REFORMA MURO DE CONTENCIÓN Y PISTAS PÁDEL;211;CARABANCHEL;11;DEPORTES, JUVENTUD  Y ESPARCIMIENTO;01;POLIDEPORTIVOS;;;;;;;0;602465,24;602465,24;0;0;602465,24;602465,24;0;0;0;
;;001;190;93301;63200;2025/001365;2025/001365;FUNDACIÓN DE AYUDA CONTRA LA DROGADICCIÓN JUVENTUD, EDIFICIOS 1 Y 3. OBRAS DE REFORMA;205;CHAMARTIN;04;SALUD PÚBLICA;03;DROGODEPENDECIAS;;;;;;;0;330000;330000;623,34;0;329376,66;329376,66;0;0;0;
;;001;190;93301;63200;2025/001371;2025/001371;CANTÓN DE LIMPIEZA CALLE HIDRATOS, 2. OBRAS DE REHABILITACIÓN;217;VILLAVERDE;09;MEDIO AMBIENTE;05;TRATAMIENTO DE RESIDUOS;;;;;;;0;579730,47;579730,47;0;0;579730,47;579730,47;0;0;0;
;;001;190;93301;63200;2025/001379;2025/001379;EDIFICIO A DE LA AGENCIA PARA EL EMPLEO CALLE ÁNCORA, 41. OBRAS INSTALACIÓN DE MAMPARA;202;ARGANZUELA;03;PROTECCIÓN Y PROMOCIÓN SOCIAL;07;CENTROS PARA LA PROMOCIÓN DE EMPLEO;;;;;;;0;33011,35;33011,35;0;0;33011,35;33011,35;0;0;0;
;;001;190;93301;63200;2025/001388;2025/001388;CENTRO DEPORTIVO SAN BLAS. OBRAS DE REFORMA DE ASEOS DEL PABELLÓN CIRCULAR;220;SAN BLAS-CANILLEJAS;11;DEPORTES, JUVENTUD  Y ESPARCIMIENTO;01;POLIDEPORTIVOS;;;;;;;0;524756,47;524756,47;324756,47;0;200000;200000;0;0;0;
;;001;190;93301;63200;2025/001405;2025/001405;CENTRO DE SERVICIOS SOCIALES CONCEPCIÓN ARENAL. OBRAS DE SUBSANANCIÓN DE PATOLOGÍAS;216;HORTALEZA;03;PROTECCIÓN Y PROMOCIÓN SOCIAL;02;CENTROS DE SERVICIOS SOCIALES;;;;;;;0;12423,26;12423,26;12423,26;0;0;0;0;0;0;
;;001;190;93301;63200;2025/001415;2025/001415;EDIFICIO PLAZA DE LA VILLA, 5. OBRAS DE SUBSANACIÓN DE PATOLOGÍAS EN CUBIERTAS;201;CENTRO;00;INVERSIONES DE CARÁCTER GENERAL;01;SERVICIOS ADMINISTRATIVOS CENTRALES;;;;;;;0;368573,51;368573,51;0;0;368573,51;368573,51;0;0;0;
;;001;190;93301;63200;2025/001419;2025/001419;CENTRO MULTIFUNCIONAL C/FÚCAR C/V COSTANILLA DE LOS DESAMPARADOS. ACONDICIONAMIENTO DE ESPACIOS;201;CENTRO;03;PROTECCIÓN Y PROMOCIÓN SOCIAL;01;CENTROS DE MAYORES;;;;;;;0;37982,44;37982,44;37982,44;0;0;0;0;0;0;
;;001;190;93301;63200;2025/001420;2025/001420;PABELLÓN DE PUERTA BONITA. OBRAS DE REPARACIÓN;211;CARABANCHEL;00;INVERSIONES DE CARÁCTER GENERAL;03;EDIFICIOS PARA EL USO GENERAL;;;;;;;0;4983,69;4983,69;0;0;4983,69;4983,69;0;0;0;
;;001;190;93301;63200;2025/001426;2025/001426;ESCUELA INFANTIL DOÑA FRANCISQUITA. OBRAS SUBSANACIÓN PATOLOGÍAS EN SANEAMIENTOS Y PAVIMENTOS PATIOS;216;HORTALEZA;05;EDUCACIÓN;01;ESCUELAS INFANTILES;;;;;;;0;60000;60000;60000;0;0;0;0;0;0;
;;001;190;93301;63200;2025/001429;2025/001429;COMPLEJO EDIFICIOS MADRID SALUD, C/ MONTESA, 22. ADECUACIÓN MURO DE CERRAMIENTO Y ACCESIBILIDAD;204;SALAMANCA;04;SALUD PÚBLICA;00;PROMOCIÓN DE LA SALUD Y AT. SANITARIA;;;;;;;0;300000;300000;0;0;300000;300000;0;0;0;
;;001;190;93301;63200;2025/001446;2025/001446;FACTORÍA INDUSTRIAL DE VICÁLVARO. OBRAS ADECUACIÓN DE NAVES O Y 1;219;VICALVARO;14;SECTORES PRODUCTIVOS;01;PROMOCIÓN ECONÓMICA;;;;;;;0;15316,85;15316,85;15316,85;0;0;0;0;0;0;
;;001;190;93301;63200;2025/001465;2025/001465;CENTRO DEPORTIVO VICENTE DEL BOSQUE. OBRAS DE SUBSANACIÓN DE PATOLOGÍAS EN MÓDULO DE ACCESO;208;FUENCARRAL-EL PARDO;11;DEPORTES, JUVENTUD  Y ESPARCIMIENTO;01;POLIDEPORTIVOS;;;;;;;0;90847,23;90847,23;90847,23;0;0;0;0;0;0;
;;001;190;93301;63200;2025/001466;2025/001466;CENTRO DEPORTIVO VICENTE DEL BOSQUE. OBRAS SUBSANACIÓN DE PATOLOGÍAS EN MÓDULO PISCINA CLIMATIZADA;208;FUENCARRAL-EL PARDO;11;DEPORTES, JUVENTUD  Y ESPARCIMIENTO;01;POLIDEPORTIVOS;;;;;;;0;102863,04;102863,04;102863,04;0;0;0;0;0;0;
;;001;190;93301;62200;2025/001382;2025/001382;CENTRO DE ACOGIDA A PERSONAS SIN HOGAR EL CAÑAVERAL, DISTRITO DE VICÁLVARO. CONSTRUCCIÓN;219;VICALVARO;03;PROTECCIÓN Y PROMOCIÓN SOCIAL;06;PERSONAS SIN HOGAR;;;;;;;0;4000000;4000000;0;0;4000000;4000000;2258039,4;0;1536999,18;
5;FONDO DE REEQUILIBRIO TERRITORIAL;001;190;93301;62200;2020/000297;2020/000297;BIBLIOTECA EN EL DISTRITO DE CARABANCHEL. CONSTRUCCIÓN;211;CARABANCHEL;10;CULTURA;00;BIBLIOTECAS Y PATRIMONIO BIBLIOGRÁFICO;;;17;FONDO REEQUILIBRIO TERRITORIAL;;;2098653;667727,21;2766380,21;0,89;0;2766379,32;2766379,32;1583972,03;0;1583972,03;
5;FONDO DE REEQUILIBRIO TERRITORIAL;001;190;93301;62200;2022/000488;2022/000488;FACTORÍA INDUSTRIAL VILLA DE VALLECAS. CONSTRUCCIÓN;218;VILLA DE VALLECAS;14;SECTORES PRODUCTIVOS;01;PROMOCIÓN ECONÓMICA;;;17;FONDO REEQUILIBRIO TERRITORIAL;;;4279386;1542766,7;5822152,7;697176,42;0;5124976,28;5124976,28;3346789,41;0;3346789,41;
5;FONDO DE REEQUILIBRIO TERRITORIAL;001;190;93301;62200;2022/001064;2022/001064;CENTRO DE MAYORES PARQUE EUROPA. CONSTRUCCIÓN;210;LATINA;03;PROTECCIÓN Y PROMOCIÓN SOCIAL;01;CENTROS DE MAYORES;;;17;FONDO REEQUILIBRIO TERRITORIAL;;;4638673;-1330000;3308673;300777,14;0;3007895,86;3007895,86;381270,4;0;381270,4;
5;FONDO DE REEQUILIBRIO TERRITORIAL;001;190;93301;62200;2022/001303;2022/001303;PABELLÓN DEPORTIVO EN CALLE MÓNACO, 10, DISTRITO SAN BLAS-CANILLEJAS. CONSTRUCCIÓN;220;SAN BLAS-CANILLEJAS;11;DEPORTES, JUVENTUD  Y ESPARCIMIENTO;01;POLIDEPORTIVOS;;;17;FONDO REEQUILIBRIO TERRITORIAL;;;5223694;1330000;6553694;0,65;480000;6073693,35;6073693,35;5127186,3;0;5127186,3;
5;FONDO DE REEQUILIBRIO TERRITORIAL;001;190;93301;62200;2022/001304;2022/001304;ESCUELA INFANTIL EN CALLE DE LA SILVINA, 8, BARRIO DE SAN FERMÍN. CONSTRUCCIÓN;212;USERA;05;EDUCACIÓN;01;ESCUELAS INFANTILES;;;17;FONDO REEQUILIBRIO TERRITORIAL;;;0;59293,79;59293,79;0;7138,97;52154,82;52154,82;0;0;0;
5;FONDO DE REEQUILIBRIO TERRITORIAL;001;190;93301;62200;2023/000286;2023/000286;CENTRO CULTURAL EN C/ TOMELLOSO, DISTRITO USERA. CONSTRUCCIÓN;212;USERA;10;CULTURA;03;CENTROS CULTURALES;;;17;FONDO REEQUILIBRIO TERRITORIAL;;;2000000;-1259237,13;740762,87;448590,06;53613,71;238559,1;238559,1;0;0;0;
5;FONDO DE REEQUILIBRIO TERRITORIAL;001;190;93301;62200;2023/003005;2023/003005;BIBLIOTECA PÚBLICA C/SILVANO,101-103 (ENTORNO GLORIETA MAR DE CRISTAL). CONSTRUCCIÓN (ID 21: 18793);216;HORTALEZA;10;CULTURA;00;BIBLIOTECAS Y PATRIMONIO BIBLIOGRÁFICO;;;;;18;PRESUPUESTOS PARTICIPATIVOS;3500000;-962202,14;2537797,86;42579,17;0;2495218,69;2495218,69;665364,32;0;665364,32;
5;FONDO DE REEQUILIBRIO TERRITORIAL;001;190;93301;62200;2023/003006;2023/003006;CENTRO CULTURAL, BIBLIOTECA, AUDITORIO Y LUDOTECA EN EL CAÑAVERAL. CONSTRUCCIÓN (ID 21: 19005);219;VICALVARO;10;CULTURA;04;OTROS CENTROS PARA MANIFESTACIONES CULTURALES;;;;;18;PRESUPUESTOS PARTICIPATIVOS;1500000;-48348,43;1451651,57;0;1068899,94;382751,63;382751,63;0;0;0;
;;001;190;93301;63200;2021/000442;2021/000442;EDIFICIO C/ DOCTOR ESQUERDO, 138. OBRAS DE REFORMA;203;RETIRO;00;INVERSIONES DE CARÁCTER GENERAL;01;SERVICIOS ADMINISTRATIVOS CENTRALES;;;;;;;0;18,43;18,43;0;0;18,43;18,43;18,43;0;18,43;
;;001;190;93301;63200;2022/001276;2022/001276;PABELLÓN III CRUZ ROJA, CASA DE CAMPO. OBRAS DE REFORMA Y ADAPTACIÓN A NORMATIVA;209;MONCLOA-ARAVACA;00;INVERSIONES DE CARÁCTER GENERAL;03;EDIFICIOS PARA EL USO GENERAL;;;;;;;0;502528,58;502528,58;0;0;502528,58;502528,58;336150;0;336150;
;;001;190;93301;63200;2022/001580;2022/001580;CENTRO DE BIENESTAR SOCIAL EN EL PALACIO DE LA DUQUESA DE SUECA. OBRAS DE ACONDICIONAMIENTO;201;CENTRO;03;PROTECCIÓN Y PROMOCIÓN SOCIAL;02;CENTROS DE SERVICIOS SOCIALES;;;;;;;500000;0;500000;459310,36;0;40689,64;40689,64;40689,64;0;40689,64;
;;001;190;93301;63200;2023/000388;2023/000388;EDIFICIO PASEO DEL PRADO, 30. REFORMA PARA CENTRO CULTURAL;201;CENTRO;10;CULTURA;03;CENTROS CULTURALES;;;;;;;2900000;2149595,58;5049595,58;2050360;0;2999235,58;2999235,58;1595402,54;0;1112061,82;
;;001;190;93301;63200;2023/001372;2023/001372;TALLER DE CANTERÍA DE LA CASA DE CAMPO, NAVE 4. OBRAS DE SUBSANACIÓN DE PATOLOGÍAS;209;MONCLOA-ARAVACA;00;INVERSIONES DE CARÁCTER GENERAL;03;EDIFICIOS PARA EL USO GENERAL;;;;;;;1500000;0;1500000;404129,32;0;1095870,68;1095870,68;992788,83;0;992788,83;
;;001;190;93301;63200;2024/000375;2024/000375;ANTIGUO MERCADO DE LEGAZPI. ACONDICIONAMIENTO PARA EQUIPAMIENTOS PÚBLICOS Y OFICINAS ADMINISTRATIVAS;202;ARGANZUELA;00;INVERSIONES DE CARÁCTER GENERAL;03;EDIFICIOS PARA EL USO GENERAL;;;;;;;33068684;-2303861,8;30764822,2;0;0;30764822,2;30764822,2;23850738,55;0;23850738,55;
;;001;190;93301;63200;2024/000376;2024/000376;VESTUARIOS CAMPOS DE RUGBY Y FÚTBOL EN ENTREVÍAS. ACONDICIONAMIENTO;213;PUENTE DE VALLECAS;11;DEPORTES, JUVENTUD  Y ESPARCIMIENTO;01;POLIDEPORTIVOS;;;;;;;1500000;-1260935,6;239064,4;0;0;239064,4;239064,4;22476,91;0;22476,91;
;;001;190;93301;63200;2024/000378;2024/000378;CENTRO DEPORTIVO MUNICIPAL VICENTE DEL BOSQUE. REFORMA INTEGRAL;208;FUENCARRAL-EL PARDO;11;DEPORTES, JUVENTUD  Y ESPARCIMIENTO;01;POLIDEPORTIVOS;;;;;;;5460000;135795,41;5595795,41;0;0;5595795,41;5595795,41;4161137,23;0;4161137,23;
;;001;190;93301;63200;2024/000380;2024/000380;CENTRO DEPORTIVO PEÑUELAS. REFORMA VASO PISCINA;202;ARGANZUELA;11;DEPORTES, JUVENTUD  Y ESPARCIMIENTO;01;POLIDEPORTIVOS;;;;;;;3959342;0;3959342;0,86;0;3959341,14;3959341,14;3450097,24;0;3450097,24;
;;001;190;93301;63200;2024/000381;2024/000381;CENTRO DEPORTIVO LUIS ARAGONÉS. SUBSANACIÓN PATOLOGÍAS VASO DE PISCINA;216;HORTALEZA;11;DEPORTES, JUVENTUD  Y ESPARCIMIENTO;01;POLIDEPORTIVOS;;;;;;;3164461;312439,85;3476900,85;0,19;0;3476900,66;3476900,66;3362355,32;0;3362355,32;
;;001;190;93301;63200;2024/000382;2024/000382;CENTRO DEPORTIVO SAN JUAN BAUTISTA. SUBSANACIÓN PATOLOGÍAS DE VESTUARIOS, GRADA Y CAMPO DE FÚTBOL;215;CIUDAD LINEAL;11;DEPORTES, JUVENTUD  Y ESPARCIMIENTO;01;POLIDEPORTIVOS;;;;;;;2300000;230000;2530000;230000;0;2300000;2300000;1783050,88;0;1783050,88;
;;001;190;93301;63200;2024/000384;2024/000384;CENTRO DEPORTIVO ORCASUR. OBRAS DE REFORMA EN LA PISCINA CUBIERTA;212;USERA;11;DEPORTES, JUVENTUD  Y ESPARCIMIENTO;01;POLIDEPORTIVOS;;;;;;;3250000;-892978,98;2357021,02;0;0;2357021,02;2357021,02;962367,69;0;684058,05;
;;001;190;93301;63200;2024/000385;2024/000385;CENTRO DEPORTIVO EL ESPINILLO. SUBSANACIÓN PATOLOGÍAS EN VASO DE PISCINA;217;VILLAVERDE;11;DEPORTES, JUVENTUD  Y ESPARCIMIENTO;01;POLIDEPORTIVOS;;;;;;;1638014;-1347481,19;290532,81;72519,7;0;218013,11;218013,11;218012,99;0;218012,99;
;;001;190;93301;63200;2024/000387;2024/000387;LOCAL CALLE POVEDILLA, 4. OBRAS DE REFORMA;204;SALAMANCA;00;INVERSIONES DE CARÁCTER GENERAL;03;EDIFICIOS PARA EL USO GENERAL;;;;;;;814870;0;814870;0,31;0;814869,69;814869,69;812950,38;0;812950,38;
;;001;190;93301;63200;2024/000422;2024/000422;OBRAS DE CONSERVACION Y MANTENIMIENTO EN EDIFICIOS MUNICIPALES;998;VARIOS DISTRITOS;00;INVERSIONES DE CARÁCTER GENERAL;03;EDIFICIOS PARA EL USO GENERAL;;;;;;;1000000;-854315,19;145684,81;145684,81;0;0;0;0;0;0;
;;001;190;93301;63200;2024/000422;2024/010422;EDIFICIO CALLE BARQUILLO, 17. OBRAS DE REFORMA;201;CENTRO;00;INVERSIONES DE CARÁCTER GENERAL;01;SERVICIOS ADMINISTRATIVOS CENTRALES;;;;;;;0;16855,22;16855,22;0;0;16855,22;16855,22;16855,22;0;16855,22;
;;001;190;93301;63200;2024/000422;2024/020422;BASE 20 SAMUR-PROTECCIÓN CIVIL VILLA DE VALLECAS. OBRAS DE REFORMA;218;VILLA DE VALLECAS;01;PROTECCIÓN CIVIL Y SEGURIDAD CIUDADANA;02;SAMUR - PROTECCIÓN CIVIL;;;;;;;0;5555,15;5555,15;0;0;5555,15;5555,15;5555,15;0;5555,15;
;;001;190;93301;63200;2024/000422;2025/001060;ESCUELA INFANTIL MARÍA MOLINER, PASEO DE LA DIRECCIÓN. OBRAS DE ADECUACIÓN INSTALACIÓN DE GAS;206;TETUAN;05;EDUCACIÓN;01;ESCUELAS INFANTILES;;;;;;;0;3495,07;3495,07;0;0;3495,07;3495,07;3495,07;0;3495,07;
;;001;190;93301;63200;2024/000423;2024/000423;OBRAS DE SUBSANACIÓN DE PATOLOGÍAS EN EDIFICIOS MUNICIPALES;998;VARIOS DISTRITOS;00;INVERSIONES DE CARÁCTER GENERAL;03;EDIFICIOS PARA EL USO GENERAL;;;;;;;1000000;-929788,84;70211,16;70211,16;0;0;0;0;0;0;
;;001;190;93301;63200;2024/001148;2024/001148;OFICINAS MUNICIPALES EN LA CALLE ÁNCORA, 41. SUBSANACIÓN DE PATOLOGÍAS;202;ARGANZUELA;00;INVERSIONES DE CARÁCTER GENERAL;01;SERVICIOS ADMINISTRATIVOS CENTRALES;;;;;;;0;109782,74;109782,74;0;0;109782,74;109782,74;109782,74;0;109782,74;
;;001;190;93301;63200;2024/001220;2024/001220;CENTRO DEPORTIVO RAÚL GONZÁLEZ. OBRAS DE REFORMA DE PISCINA Y PABELLÓN;217;VILLAVERDE;11;DEPORTES, JUVENTUD  Y ESPARCIMIENTO;01;POLIDEPORTIVOS;;;17;FONDO REEQUILIBRIO TERRITORIAL;;;0;538457,22;538457,22;0;0;538457,22;538457,22;0;0;0;
;;001;190;93301;63200;2024/001221;2024/001221;CENTRO DEPORTIVO ORCASITAS. OBRAS DE REFORMA Y ADAPTACIÓN A NORMATIVA;212;USERA;11;DEPORTES, JUVENTUD  Y ESPARCIMIENTO;01;POLIDEPORTIVOS;;;17;FONDO REEQUILIBRIO TERRITORIAL;;;0;70310,38;70310,38;70310,38;0;0;0;0;0;0;
;;001;190;93301;63200;2024/001239;2024/001239;CENTRO DEPORTIVO HORTALEZA. OBRAS SUBSANACIÓN PATOLOGÍAS VASO CHAPOTEO, NUEVA RED FONTANERÍA Y OTRAS;216;HORTALEZA;11;DEPORTES, JUVENTUD  Y ESPARCIMIENTO;01;POLIDEPORTIVOS;;;;;;;0;19689,43;19689,43;0;0;19689,43;19689,43;19689,43;0;19689,43;
;;001;190;93301;63200;2024/001256;2024/001256;EDIFICIO C/ ALCALÁ, 45. ADAPTACIÓN A NORMATIVA DE LA INSTALACIÓN DE CLIMATIZACIÓN;201;CENTRO;00;INVERSIONES DE CARÁCTER GENERAL;01;SERVICIOS ADMINISTRATIVOS CENTRALES;;;;;;;4248855;-549604,06;3699250,94;24473,55;41409,37;3633368,02;3633368,02;2473598,79;0;2473598,79;
;;001;190;93301;63200;2024/001269;2024/001269;CASA DE CISNEROS, PLAZA DE LA VILLA, 4. OBRAS DE SUBSANACIÓN DE PATOLOGÍAS;201;CENTRO;00;INVERSIONES DE CARÁCTER GENERAL;01;SERVICIOS ADMINISTRATIVOS CENTRALES;;;;;;;0;818848,93;818848,93;0;0;818848,93;818848,93;0;0;0;
;;001;190;93301;63200;2024/001299;2024/001299;CENTRO CULTURAL LOS ROSALES. OBRAS DE REFORMA;217;VILLAVERDE;10;CULTURA;03;CENTROS CULTURALES;;;;;;;1500000;35637,35;1535637,35;772975,41;0;762661,94;762661,94;969,74;0;969,74;
;;001;190;93301;63200;2024/001355;2024/001355;EDIFICIO CALLE MAYOR, 71. OBRAS DE SUBSANACIÓN DE PATOLOGÍAS EN FACHADAS;201;CENTRO;00;INVERSIONES DE CARÁCTER GENERAL;01;SERVICIOS ADMINISTRATIVOS CENTRALES;;;;;;;0;95750;95750;0;0;95750;95750;95727,9;0;95727,9;
;;001;190;93301;63200;2024/001372;2024/001372;APARTAMENTOS PARA MAYORES SAN FRANCISCO, CALLE JERTE, 3. OBRAS DE SUBSANACIÓN DE PATOLOGÍAS;201;CENTRO;03;PROTECCIÓN Y PROMOCIÓN SOCIAL;00;CENTROS DE DÍA Y RESIDENCIAS DE MAYORES;;;;;;;3364294;-1300454,22;2063839,78;2063839,78;0;0;0;0;0;0;
;;001;190;93301;63200;2024/001376;2024/001376;CENTRO DE MAYORES NAVACERRADA. OBRAS DE REFORMA;213;PUENTE DE VALLECAS;03;PROTECCIÓN Y PROMOCIÓN SOCIAL;01;CENTROS DE MAYORES;;;;;;;0;747,73;747,73;0;0;747,73;747,73;747,73;0;747,73;
;;001;190;93301;63200;2024/001406;2024/001406;PABELLÓN DE LOS JARDINES DE CECILIO RODRÍGUEZ. OBRAS DE REFORMA PARA MEJORA DE LA ACCESIBILIDAD;203;RETIRO;00;INVERSIONES DE CARÁCTER GENERAL;01;SERVICIOS ADMINISTRATIVOS CENTRALES;;;;;;;0;476344,97;476344,97;836,66;0;475508,31;475508,31;1814,61;0;1814,61;
;;001;190;93301;63200;2024/001425;2024/001425;ANTIGUA UNIDAD POLICÍA MUNICIPAL VILLA DE VALLECAS. DEMOLICIÓN Y REFORMA APARCAMIENTO PARCELA;218;VILLA DE VALLECAS;01;PROTECCIÓN CIVIL Y SEGURIDAD CIUDADANA;00;POLICIA MUNICIPAL;;;;;;;750000;158330,06;908330,06;0;0;908330,06;908330,06;908318,91;0;824042,19;
;;001;190;93301;63200;2024/001429;2024/001429;CENTRO DEPORTIVO SAN BLAS. OBRAS DE REFORMA DEL PABELLÓN ANTONIO MATA;220;SAN BLAS-CANILLEJAS;11;DEPORTES, JUVENTUD  Y ESPARCIMIENTO;01;POLIDEPORTIVOS;;;;;;;2500000;-1768267,12;731732,88;231732,88;0;500000;500000;0;0;0;
;;001;190;93301;63200;2024/001433;2024/001433;CENTRO DEPORTIVO LA ELIPA. ADECUACIÓN ITINERARIO ACCESIBLE A PABELLONES;214;MORATALAZ;11;DEPORTES, JUVENTUD  Y ESPARCIMIENTO;01;POLIDEPORTIVOS;;;;;;;0;2016,99;2016,99;0;0;2016,99;2016,99;2016,99;0;2016,99;
;;001;190;93301;63200;2024/001439;2024/001439;RESIDENCIA DE MAYORES Y CENTRO DE DÍA ALZHEIMER JAZMÍN. OBRAS DE REFORMA;215;CIUDAD LINEAL;03;PROTECCIÓN Y PROMOCIÓN SOCIAL;00;CENTROS DE DÍA Y RESIDENCIAS DE MAYORES;;;;;;;0;1159999,44;1159999,44;260000;0;899999,44;899999,44;29707,39;0;29707,39;
;;001;190;93301;63200;2024/001441;2024/001441;CENTRO DEPORTIVO VALLECAS VERANO. OBRAS DE ADECUACIÓN DE CERRAMIENTO PERIMETRAL;213;PUENTE DE VALLECAS;11;DEPORTES, JUVENTUD  Y ESPARCIMIENTO;01;POLIDEPORTIVOS;;;;;;;0;881,13;881,13;0;0;881,13;881,13;881,13;0;881,13;
;;001;190;93301;63200;2024/001446;2024/001446;CENTRO DEPORTIVO LA ELIPA. OBRAS DE REFORMA EN EL PABELLÓN DE HOCKEY;214;MORATALAZ;11;DEPORTES, JUVENTUD  Y ESPARCIMIENTO;01;POLIDEPORTIVOS;;;;;;;0;8960,91;8960,91;0;0;8960,91;8960,91;1362,11;0;1362,11;
;;001;190;93301;63200;2024/001451;2024/001451;CENTRO DE MAYORES MARGARITA SALAS. REFORMA RED DE SANEAMIENTO Y FORJADO SANITARIO;210;LATINA;03;PROTECCIÓN Y PROMOCIÓN SOCIAL;01;CENTROS DE MAYORES;;;;;;;0;856,12;856,12;0;0;856,12;856,12;856,12;0;856,12;
;;001;190;93301;63200;2024/001452;2024/001452;PALACIO DE CIBELES. OBRAS DE REFORMAS VARIAS;203;RETIRO;00;INVERSIONES DE CARÁCTER GENERAL;01;SERVICIOS ADMINISTRATIVOS CENTRALES;;;;;;;0;21406,02;21406,02;0;0;21406,02;21406,02;20934,15;0;20934,15;
;;001;190;93301;63200;2024/001453;2024/001453;CENTRO DEPORTIVO LA CEBADA. OBRAS DE REFORMAS VARIAS;201;CENTRO;11;DEPORTES, JUVENTUD  Y ESPARCIMIENTO;01;POLIDEPORTIVOS;;;;;;;0;1619,65;1619,65;0;0;1619,65;1619,65;1619,65;0;1619,65;
;;001;190;93301;63200;2024/001458;2024/001458;EDIFICIO C/ BARCO, 20. ACONDICIONAMIENTO DE ASEOS Y RENOVACIÓN INSTALACIÓN DE FONTANERÍA;201;CENTRO;00;INVERSIONES DE CARÁCTER GENERAL;01;SERVICIOS ADMINISTRATIVOS CENTRALES;;;;;;;0;47005,86;47005,86;0;0;47005,86;47005,86;47005,86;0;47005,86;
;;001;190;93301;63200;2024/001459;2024/001459;ESCUELA INFANTIL LA BRUJA AVERÍA-LOLO RICO. OBRAS DE REPARACIONES Y ACONDICIONAMIENTO;201;CENTRO;05;EDUCACIÓN;01;ESCUELAS INFANTILES;;;;;;;0;19942,08;19942,08;0;0;19942,08;19942,08;19942,08;0;19942,08;
;;001;190;93301;63200;2024/001466;2024/001466;CENTRO DEPORTIVO FAUSTINA VALLADOLID. OBRAS DE SUBSANACIÓN DE PATOLOGÍAS;219;VICALVARO;11;DEPORTES, JUVENTUD  Y ESPARCIMIENTO;01;POLIDEPORTIVOS;;;;;;;0;36281,44;36281,44;0;0;36281,44;36281,44;36281,44;0;36281,44;
;;001;190;93301;62200;2003/000806;2003/000806;CENTRO DE DEPORTES ACUÁTICO. CONSTRUCCIÓN;220;SAN BLAS-CANILLEJAS;11;DEPORTES, JUVENTUD  Y ESPARCIMIENTO;00;MADRID OLÍMPICO;;;;;;;0;885624,91;885624,91;0;0;885624,91;885624,91;885624,91;0;885624,91;
;;001;190;93301;62200;2016/000470;2016/000470;CENTRO DEPORTIVO C/COSTANILLA DESAMPARADOS, 15 C/V A C/FÚCAR, 6. CONSTRUCCIÓN;201;CENTRO;11;DEPORTES, JUVENTUD  Y ESPARCIMIENTO;01;POLIDEPORTIVOS;;;;;;;0;1537813,51;1537813,51;1062637,66;0;475175,85;475175,85;475175,85;0;475175,85;
;;001;190;93301;62200;2019/000092;2019/000092;BIBLIOTECA-CENTRO CULTURAL VILLA DE VALLECAS. CONSTRUCCION;218;VILLA DE VALLECAS;10;CULTURA;00;BIBLIOTECAS Y PATRIMONIO BIBLIOGRÁFICO;;;;;;;2657073;1431125,62;4088198,62;167768,39;134096,85;3786333,38;3786333,38;3384461,95;0;3384461,95;
;;001;190;93301;62200;2020/000252;2020/000252;CENTRO CULTURAL Y BIBLIOTECA EN MONTECARMELO. CONSTRUCCIÓN;208;FUENCARRAL-EL PARDO;10;CULTURA;03;CENTROS CULTURALES;;;;;;;1933061;-90250,49;1842810,51;29690,17;0;1813120,34;1813120,34;1570705,77;0;1570705,77;
;;001;190;93301;62200;2020/000253;2020/000253;CENTRO CULTURAL Y BIBLIOTECA EN LAS TABLAS. CONSTRUCCIÓN;208;FUENCARRAL-EL PARDO;10;CULTURA;03;CENTROS CULTURALES;;;;;;;150000;80542,62;230542,62;0;0;230542,62;230542,62;37129,33;0;37129,33;
;;001;190;93301;62200;2021/000388;2021/000388;CENTRO CULTURAL VALDEBEBAS. CONSTRUCCIÓN;216;HORTALEZA;10;CULTURA;03;CENTROS CULTURALES;;;;;;;3874381;183721,28;4058102,28;0;0;4058102,28;4058102,28;4058049,58;0;4058049,58;
;;001;190;93301;62200;2021/000390;2021/000390;CASA DE FAMILIA VILLA DE VALLECAS. CONSTRUCCIÓN;218;VILLA DE VALLECAS;03;PROTECCIÓN Y PROMOCIÓN SOCIAL;03;INFANCIA Y FAMILIA;;;;;;;6286754;-990857,04;5295896,96;1727827,01;0;3568069,95;3568069,95;1411303,9;0;1152130,48;
;;001;190;93301;62200;2021/001335;2021/001335;VESTUARIOS CAMPOS DE RUGBY Y FÚTBOL EN ENTREVÍAS. CONSTRUCCIÓN;213;PUENTE DE VALLECAS;11;DEPORTES, JUVENTUD  Y ESPARCIMIENTO;01;POLIDEPORTIVOS;;;;;;;700000;9064,4;709064,4;9064,4;0;700000;700000;699975,98;0;699975,98;
;;001;190;93301;62200;2022/000306;2022/000306;BASE SAMUR-PROTECCION CIVIL Y CENTRO DE SALUD DEL DISTRITO DE MORATALAZ. CONSTRUCCION;214;MORATALAZ;01;PROTECCIÓN CIVIL Y SEGURIDAD CIUDADANA;02;SAMUR - PROTECCIÓN CIVIL;;;;;;;2719213;115853,86;2835066,86;0;0;2835066,86;2835066,86;2835066,86;0;2835066,86;
;;001;190;93301;62200;2022/000307;2022/000307;CENTRO MULTIFUNCIONAL C/ FRANCISCO REMIRO, 21. CONSTRUCCION;204;SALAMANCA;10;CULTURA;04;OTROS CENTROS PARA MANIFESTACIONES CULTURALES;;;;;;;0;59715,58;59715,58;0;0;59715,58;59715,58;41800,9;0;41800,9;
;;001;190;93301;62200;2022/000308;2022/000308;NUEVO AULARIO DEL CENTRO DE FORMACION DE SEGURIDAD Y EMERGENCIAS (CIFSE). CONSTRUCCION;210;LATINA;01;PROTECCIÓN CIVIL Y SEGURIDAD CIUDADANA;00;POLICIA MUNICIPAL;;;;;;;9217003;-3293832,52;5923170,48;2435545,85;0;3487624,63;3487624,63;1393403,61;0;1393403,61;
;;001;190;93301;62200;2023/001343;2023/001343;UNIDAD INTEGRAL POLICÍA MUNICIPAL DEL DISTRITO DE VILLAVERDE, AVDA. REAL DE PINTO, 104. CONSTRUCCIÓN;217;VILLAVERDE;01;PROTECCIÓN CIVIL Y SEGURIDAD CIUDADANA;00;POLICIA MUNICIPAL;;;;;;;500000;0;500000;0;0;500000;500000;0;0;0;
;;001;190;93301;62200;2023/001429;2023/001429;CENTRO CULTURAL-JUVENIL DISTRITO DE CIUDAD LINEAL,C/ CANAL DE PANAMÁ, 20. CONSTRUCCIÓN;215;CIUDAD LINEAL;11;DEPORTES, JUVENTUD  Y ESPARCIMIENTO;03;CENTROS JUVENILES;;;;;;;846571;-71780,62;774790,38;62316,23;0;712474,15;712474,15;0;0;0;
;;001;190;93301;62200;2024/001147;2024/001147;PABELLÓN DEPORTIVO SANCHINARRO. CONTRUCCIÓN;216;HORTALEZA;11;DEPORTES, JUVENTUD  Y ESPARCIMIENTO;01;POLIDEPORTIVOS;;;;;;;0;271569,91;271569,91;183466,12;0;88103,79;88103,79;88103,79;0;61672,66;
;;001;190;93301;62200;2024/001216;2024/001216;UNIDAD INTEGRAL DE POLICÍA MUNICIPAL Y BASE DEL SAMUR DE SAN BLAS-CANILLEJAS. CONSTRUCCIÓN;220;SAN BLAS-CANILLEJAS;01;PROTECCIÓN CIVIL Y SEGURIDAD CIUDADANA;00;POLICIA MUNICIPAL;;;;;;;0;164664,96;164664,96;0;0;164664,96;164664,96;106902,44;0;0;
;;001;190;93301;62200;2024/001263;2024/001263;COMPLEJO LOGÍSTICO Y PARQUE DE BOMBEROS EN LA CALLE EL REAL DE SAN VICENTE, 61. CONSTRUCCIÓN;218;VILLA DE VALLECAS;01;PROTECCIÓN CIVIL Y SEGURIDAD CIUDADANA;01;BOMBEROS;;;;;;;100000;-22183,03;77816,97;22647,55;0;55169,42;55169,42;55169,42;0;55169,42;
;;001;190;93301;62200;2024/001268;2024/001268;PABELLÓN DEPORTIVO EN EL BARRIO DE BUTARQUE. OBRAS DE CONSTRUCCIÓN;217;VILLAVERDE;11;DEPORTES, JUVENTUD  Y ESPARCIMIENTO;01;POLIDEPORTIVOS;;;;;;;0;148712,47;148712,47;89675,64;0;59036,83;59036,83;0;0;0;
;;001;190;93301;62200;2025/000333;2025/000333;ESTUDIOS Y TRABAJOS TÉCNICOS. OBRAS DE NUEVA PLANTA;998;VARIOS DISTRITOS;00;INVERSIONES DE CARÁCTER GENERAL;03;EDIFICIOS PARA EL USO GENERAL;;;;;;;600000;-533531,34;66468,66;66468,66;0;0;0;0;0;0;
;;001;190;93301;62200;2025/000335;2025/000335;CENTRO MUNICIPAL DE URGENCIAS SOCIALES (CEMUS). CONSTRUCCIÓN;213;PUENTE DE VALLECAS;03;PROTECCIÓN Y PROMOCIÓN SOCIAL;08;SAMUR - SOCIAL;;;;;;;150000;74701,15;224701,15;0;0;224701,15;224701,15;0;0;0;
;;001;190;93301;62200;2025/000337;2025/000337;CENTRO DE MAYORES Y DÍA LAS ROSAS. CONSTRUCCIÓN;220;SAN BLAS-CANILLEJAS;03;PROTECCIÓN Y PROMOCIÓN SOCIAL;00;CENTROS DE DÍA Y RESIDENCIAS DE MAYORES;;;;;;;150000;39324,77;189324,77;1114,01;0;188210,76;188210,76;9574,13;0;2634,78;
;;001;190;93301;62200;2025/001011;2025/001011;EJECUCIÓN DE LA PLAZA DE ALMODÓVAR PARA CONSTRUCCIÓN DE EQUIPAMIENTO PÚBLICO CULTURAL;211;CARABANCHEL;10;CULTURA;04;OTROS CENTROS PARA MANIFESTACIONES CULTURALES;;;;;;;300000;0;300000;300000;0;0;0;0;0;0;
;;001;190;93301;63200;2025/001474;2025/001474;EDIFICIO C/ PRÍNCIPE DE VERGARA, 140. OBRAS DE REFORMA DE DESPACHOS;205;CHAMARTIN;00;INVERSIONES DE CARÁCTER GENERAL;01;SERVICIOS ADMINISTRATIVOS CENTRALES;;;;;;;0;64801,15;64801,15;64801,15;0;0;0;0;0;0;
;;001;190;93301;63200;2025/001486;2025/001486;CANTÓN DE LIMPIEZA EN C/ ARROYO DE LA MEDIA LEGUA, 72. CONSOLIDACIÓN DE FORJADOS E INSTALACIONES;214;MORATALAZ;09;MEDIO AMBIENTE;05;TRATAMIENTO DE RESIDUOS;;;;;;;0;412732,17;412732,17;412732,17;0;0;0;0;0;0;
5;FONDO DE REEQUILIBRIO TERRITORIAL;001;190;93301;63200;2024/000383;2024/000383;CENTRO DEPORTIVO MOSCARDÓ. REFORMA VASO DE PISCINA;212;USERA;11;DEPORTES, JUVENTUD  Y ESPARCIMIENTO;01;POLIDEPORTIVOS;;;17;FONDO REEQUILIBRIO TERRITORIAL;;;2000000;-48997,41;1951002,59;1469,7;0;1949532,89;1949532,89;1949532,89;0;1949532,89;
5;FONDO DE REEQUILIBRIO TERRITORIAL;001;190;93301;63200;2024/000386;2024/000386;CENTRO DEPORTIVO ANGEL NIETO. SUBSANACIÓN PATOLOGÍAS VASO DE PISCINA;213;PUENTE DE VALLECAS;11;DEPORTES, JUVENTUD  Y ESPARCIMIENTO;01;POLIDEPORTIVOS;;;17;FONDO REEQUILIBRIO TERRITORIAL;;;2417979;8873,2;2426852,2;0,37;0;2426851,83;2426851,83;2426826,97;0;2426826,97;
5;FONDO DE REEQUILIBRIO TERRITORIAL;001;190;93301;63200;2024/001220;2024/001220;CENTRO DEPORTIVO RAÚL GONZÁLEZ. OBRAS DE REFORMA DE PISCINA Y PABELLÓN;217;VILLAVERDE;11;DEPORTES, JUVENTUD  Y ESPARCIMIENTO;01;POLIDEPORTIVOS;;;17;FONDO REEQUILIBRIO TERRITORIAL;;;1000000;0;1000000;0;0;1000000;1000000;0;0;0;
5;FONDO DE REEQUILIBRIO TERRITORIAL;001;190;93301;63200;2024/001221;2024/001221;CENTRO DEPORTIVO ORCASITAS. OBRAS DE REFORMA Y ADAPTACIÓN A NORMATIVA;212;USERA;11;DEPORTES, JUVENTUD  Y ESPARCIMIENTO;01;POLIDEPORTIVOS;;;17;FONDO REEQUILIBRIO TERRITORIAL;;;2810257;40124,21;2850381,21;40124,8;0;2810256,41;2810256,41;2665291,21;0;2665291,21;
;;001;190;93304;62200;2024/001564;2024/001564;INMUEBLE EN PLAZA DEL PARDO, 2 - BAJO B. ADQUISICIÓN;208;FUENCARRAL-EL PARDO;12;OTROS BIENES PÚBLICOS DE CARÁCTER SOCIAL;00;ATENCIÓN AL CIUDADANO;;;;;;;0;1500;1500;299,44;0;1200,56;1200,56;1200,56;0;1200,56;
;;001;190;93304;62200;2025/001225;2025/001225;INMUEBLE EN AVENIDA OSA MAYOR, 72. ADQUISICIÓN;209;MONCLOA-ARAVACA;01;PROTECCIÓN CIVIL Y SEGURIDAD CIUDADANA;00;POLICIA MUNICIPAL;;;;;;;0;375000;375000;0;14534;360466;360466;360466;0;360466;
;;001;190;93371;63200;2021/000446;2021/000446;EDIFICIO MUNICIPAL C/ MONTAMARTA, 7. OBRAS DE ACONDICIONAMIENTO PARA CENTRO CULTURAL;220;SAN BLAS-CANILLEJAS;10;CULTURA;03;CENTROS CULTURALES;;;;;;;520540;488000;1008540;488000,02;0;520539,98;520539,98;520539,98;0;520539,98;
1;INCORPORACIONES REMANENTES OBLIGATORIAS;001;190;93371;63200;2021/000446;2021/000446;EDIFICIO MUNICIPAL C/ MONTAMARTA, 7. OBRAS DE ACONDICIONAMIENTO PARA CENTRO CULTURAL;220;SAN BLAS-CANILLEJAS;10;CULTURA;03;CENTROS CULTURALES;;;;;;;0;380165,38;380165,38;0;0;380165,38;380165,38;380158,2;0;380158,2;
;;001;190;93379;62200;2021/000423;2021/000423;CENTRO DE MAYORES C/ TELLEZ. CONSTRUCCION;203;RETIRO;03;PROTECCIÓN Y PROMOCIÓN SOCIAL;01;CENTROS DE MAYORES;;;;;;;1121306;-88873,83;1032432,17;4068,73;0;1028363,44;1028363,44;854028,83;0;854028,83;
;;001;190;93379;62200;2022/000307;2022/000307;CENTRO MULTIFUNCIONAL C/ FRANCISCO REMIRO, 21. CONSTRUCCION;204;SALAMANCA;10;CULTURA;04;OTROS CENTROS PARA MANIFESTACIONES CULTURALES;;;;;;;5577658;730996,38;6308654,38;642122,55;0;5666531,83;5666531,83;5151291,98;0;5151291,98;
1;INCORPORACIONES REMANENTES OBLIGATORIAS;001;190;93379;62200;2021/000423;2021/000423;CENTRO DE MAYORES C/ TELLEZ. CONSTRUCCION;203;RETIRO;03;PROTECCIÓN Y PROMOCIÓN SOCIAL;01;CENTROS DE MAYORES;;;;;;;0;6518973,02;6518973,02;1036878,33;0;5482094,69;5482094,69;2903021,85;0;2903021,85;
1;INCORPORACIONES REMANENTES OBLIGATORIAS;001;190;93379;62200;2022/000307;2022/000307;CENTRO MULTIFUNCIONAL C/ FRANCISCO REMIRO, 21. CONSTRUCCION;204;SALAMANCA;10;CULTURA;04;OTROS CENTROS PARA MANIFESTACIONES CULTURALES;;;;;;;0;1190763,89;1190763,89;382226,7;0;808537,19;808537,19;560502,25;0;0;
;;001;201;15322;60999;2025/001375;2025/001375;PLAZA COMPLEJO ESCUELAS PÍAS DE SAN ANTÓN. OBRAS DE VALLADO PERIMETRAL;201;CENTRO;08;MANTENIMIENTO URBANO;02;VÍAS PÚBLICAS;;;;;;;0;34305,16;34305,16;0;0;34305,16;34305,16;0;0;0;
;;001;201;15322;61910;2025/000300;2025/000300;CALLE DE MIRA AL RÍO BAJA, Bº EMBAJADORES. ACONDICIONAMIENTO PLATAFORMA DE ACCESIBILIDAD UNIVERSAL;201;CENTRO;08;MANTENIMIENTO URBANO;02;VÍAS PÚBLICAS;;;;;;;148700;721,73;149421,73;0;0;149421,73;149421,73;0;0;0;
;;001;201;15322;61910;2025/000362;2025/000362;CALLE DE SANTA ISABEL Y ENTORNO. ACONDICIONAMIENTO PLATAFORMAS DE ACCESIBILIDAD UNIVERSAL;201;CENTRO;08;MANTENIMIENTO URBANO;02;VÍAS PÚBLICAS;;;;;;;920500;-260033,58;660466,42;27258,26;0;633208,16;633208,16;132529,93;0;20415,31;
5;FONDO DE REEQUILIBRIO TERRITORIAL;001;201;15322;61913;2025/000007;2025/000007;PLAZAS Y PARQUES INFANTILES BARRIO DE EMBAJADORES. REPOSICIÓN DE MOBILIARIO URBANO;201;CENTRO;08;MANTENIMIENTO URBANO;01;MOBILIARIO URBANO;;;17;FONDO REEQUILIBRIO TERRITORIAL;;;95000;0;95000;50040,18;0;44959,82;44959,82;0;0;0;
;;001;201;17102;60999;2025/000364;2025/000364;PARQUE DEL CASINO CASINO DE LA REINA. INSTALACIÓN ZONA DE CALISTENIA;201;CENTRO;11;DEPORTES, JUVENTUD  Y ESPARCIMIENTO;02;PISTAS DEPORTIVAS ELEMENTALES;;;;;;;60000;-34305,28;25694,72;25694,72;0;0;0;0;0;0;
;;001;201;17102;61920;2022/001152;2022/001152;PARQUE DE LA CORNISA. OBRAS DE REMODELACIÓN;201;CENTRO;09;MEDIO AMBIENTE;00;PARQUES;;;;;;;0;23180,3;23180,3;0,12;0;23180,18;23180,18;9034,56;0;9034,56;
;;001;201;17102;61921;2025/000363;2025/000363;ESPACIO VECINAL C/ DEL ALMENDRO CON LA C/ DE LA CAVA BAJA. ACONDICIONAMIENTO ZONA VERDE Y ESTANCIAL;201;CENTRO;09;MEDIO AMBIENTE;01;ZONAS AJARDINADAS;;;;;;;150000;14902,24;164902,24;6154,14;0;158748,1;158748,1;0;0;0;
;;001;201;23103;63599;2025/000203;2025/000203;CENTROS DE MAYORES DEL DISTRITO CENTRO. MOBILIARIO Y ENSERES;201;CENTRO;03;PROTECCIÓN Y PROMOCIÓN SOCIAL;01;CENTROS DE MAYORES;;;;;;;5900;-3000;2900;2900;0;0;0;0;0;0;
;;001;201;23103;63901;2025/001496;2025/001496;CENTRO DE MAYORES SAN FRANCISCO. REPOSICIÓN SEÑALÉTICA;201;CENTRO;03;PROTECCIÓN Y PROMOCIÓN SOCIAL;01;CENTROS DE MAYORES;;;;;;;0;500;500;500;0;0;0;0;0;0;
;;001;201;23106;63599;2025/000207;2025/000207;CENTROS DE SERVICIOS SOCIALES DEL DISTRITO CENTRO. MOBILIARIO Y ENSERES;201;CENTRO;03;PROTECCIÓN Y PROMOCIÓN SOCIAL;02;CENTROS DE SERVICIOS SOCIALES;;;;;;;3000;-2102,57;897,43;897,43;0;0;0;0;0;0;
;;001;201;23106;63599;2025/000207;2025/010207;CENTRO DE SERVICIOS SOCIALES MARAVILLAS. MOBILIARIO Y ENSERES;201;CENTRO;03;PROTECCIÓN Y PROMOCIÓN SOCIAL;02;CENTROS DE SERVICIOS SOCIALES;;;;;;;0;616;616;0;0;616;616;0;0;0;
;;001;201;23106;63599;2025/000207;2025/020207;CENTRO SERVICIOS SOCIALES EN LOCALES C/ TRIBULETE, 19. MOBILIARIO Y ENSERES;201;CENTRO;03;PROTECCIÓN Y PROMOCIÓN SOCIAL;02;CENTROS DE SERVICIOS SOCIALES;;;;;;;0;4486,57;4486,57;0;0;4486,57;4486,57;0;0;0;
;;001;201;32301;62599;2025/000211;2025/000211;ESCUELAS INFANTILES DEL DISTRITO CENTRO. MOBILIARIO Y ENSERES;201;CENTRO;05;EDUCACIÓN;01;ESCUELAS INFANTILES;;;;;;;2000;-2000;0;0;0;0;0;0;0;0;
;;001;201;32301;63200;2022/000572;2022/040572;COLEGIO PÚBLICO NUESTRA SEÑORA DE LA PALOMA. OBRAS CONSERVACIÓN Y ADECUACIÓN A NORMATIVA;201;CENTRO;05;EDUCACIÓN;00;COLEGIOS;;;;;;;0;25685,67;25685,67;0;0;25685,67;25685,67;25685,67;0;25685,67;
;;001;201;32301;63200;2025/000212;2025/000212;OBRAS DE REFORMA Y MEJORA EN CENTROS EDUCATIVOS DEL DISTRITO CENTRO;201;CENTRO;05;EDUCACIÓN;00;COLEGIOS;;;;;;;190000;-98266,99;91733,01;91733,01;0;0;0;0;0;0;
;;001;201;32301;63200;2025/000212;2025/010212;COLEGIO PÚBLICO VÁZQUEZ DE MELLA. OBRAS DE REPARACIÓN Y MEJORA DE LAS CONDICIONES ACÚSTICAS;201;CENTRO;05;EDUCACIÓN;00;COLEGIOS;;;;;;;0;98266,99;98266,99;0;0;98266,99;98266,99;17197,49;0;0;
;;001;201;32301;63200;2025/000365;2025/000365;RESIDENCIA INTERNADO SAN ILDEFONSO. OBRAS DE REHABILITACIÓN;201;CENTRO;05;EDUCACIÓN;05;OTROS CENTROS DE ENSEÑANZA;;;;;;;300000;218116,41;518116,41;617,55;0;517498,86;517498,86;211379,04;0;157540,14;
;;001;201;32301;63200;2025/000367;2025/000367;COLEGIO PÚBLICO ISABEL LA CATÓLICA. OBRAS DE MEJORA, ACONDICIONAMIENTO Y ADAPTACIÓN A NORMATIVA;201;CENTRO;05;EDUCACIÓN;00;COLEGIOS;;;;;;;150000;0;150000;32,61;0;149967,39;149967,39;137784,82;0;107057,72;
;;001;201;32301;63200;2025/000368;2025/000368;COLEGIO PÚBLICO PI I MARGALL. OBRAS DE MEJORA, ACONDICIONAMIENTO Y ADAPTACIÓN A NORMATIVA;201;CENTRO;05;EDUCACIÓN;00;COLEGIOS;;;;;;;150000;0;150000;93,25;0;149906,75;149906,75;133539,74;0;133539,74;
;;001;201;32301;63200;2025/000369;2025/000369;COLEGIO PÚBLICO NUESTRA SEÑORA DE LA PALOMA. OBRAS DE ACONDICIONAMIENTO Y ADAPTACIÓN A NORMATIVA;201;CENTRO;05;EDUCACIÓN;00;COLEGIOS;;;;;;;200000;0;200000;28,88;0;199971,12;199971,12;138848,56;0;138848,56;
;;001;201;32301;63200;2025/000370;2025/000370;COLEGIO PÚBLICO EMILIA PARDO BAZÁN. OBRAS DE MEJORA, ACONDICIONAMIENTO Y ADAPTACIÓN A NORMATIVA;201;CENTRO;05;EDUCACIÓN;00;COLEGIOS;;;;;;;170000;0;170000;10,15;0;169989,85;169989,85;120485,78;0;120485,78;
;;001;201;32301;63200;2025/008095;2025/008095;CENTROS DOCENTES DISTRITO CENTRO. OBRAS CONSERVACIÓN Y MEJORA CONDICIONES SEGURIDAD;201;CENTRO;05;EDUCACIÓN;00;COLEGIOS;;;;;;;0;3100;3100;3100;0;0;0;0;0;0;
4;SC Y CE FINANC. CON RTG;001;201;32301;63200;2025/008095;2025/008095;CENTROS DOCENTES DISTRITO CENTRO. OBRAS CONSERVACIÓN Y MEJORA CONDICIONES SEGURIDAD;201;CENTRO;05;EDUCACIÓN;00;COLEGIOS;;;;;;;0;31995,61;31995,61;31995,61;0;0;0;0;0;0;
4;SC Y CE FINANC. CON RTG;001;201;32301;63200;2025/008095;2025/028095;COLEGIO PÚBLICO MORENO ROSALES. INSTALACIÓN SISTEMA ANTIAVES Y OTRAS DE CONSERVACIÓN;201;CENTRO;05;EDUCACIÓN;00;COLEGIOS;;;;;;;0;20004,39;20004,39;0;0;20004,39;20004,39;0;0;0;
4;SC Y CE FINANC. CON RTG;001;201;32301;63200;2025/008095;2025/038095;COLEGIO PÚBLICO VÁZQUEZ DE MELLA. OBRAS CONSERVACIÓN Y ADAPTACIÓN NORMATIVA;201;CENTRO;05;EDUCACIÓN;00;COLEGIOS;;;;;;;0;5000;5000;0;0;5000;5000;5000;0;5000;
4;SC Y CE FINANC. CON RTG;001;201;32301;63200;2025/008140;2025/008140;CENTROS DOCENTES DISTRITO CENTRO. OBRAS ADAPTACIÓN A NORMATIVA DE SALUBRIDAD PÚBLICA;201;CENTRO;05;EDUCACIÓN;00;COLEGIOS;;;;;;;0;30000;30000;30000;0;0;0;0;0;0;
;;001;201;32301;63599;2025/000211;2025/000211;ESCUELAS INFANTILES DEL DISTRITO CENTRO. MOBILIARIO Y ENSERES;201;CENTRO;05;EDUCACIÓN;01;ESCUELAS INFANTILES;;;;;;;3000;-2983,62;16,38;16,38;0;0;0;0;0;0;
;;001;201;32301;63599;2025/000211;2025/010211;ESCUELA INFANTIL LA PALOMA. MOBILIARIO Y ENSERES;201;CENTRO;05;EDUCACIÓN;01;ESCUELAS INFANTILES;;;;;;;0;2983,62;2983,62;0;0;2983,62;2983,62;0;0;0;
;;001;201;33401;60999;2025/000215;2025/090215;PLACAS STOLPERSTEINE HOMENAJE VÍCTIMAS IDEOLOGÍA NAZI EN Pº BAJO VIRGEN DEL PUERTO, 25. INSTALACIÓN;201;CENTRO;10;CULTURA;05;PROMOCIÓN DE LA CULTURA;;;;;;;0;491,53;491,53;0;0;491,53;491,53;0;0;0;
;;001;201;33401;62599;2025/000216;2025/000216;EQUIPAMIENTO CENTROS CULTURALES DEL DISTRITO CENTRO;201;CENTRO;10;CULTURA;03;CENTROS CULTURALES;;;;;;;4000;-2000;2000;2000;0;0;0;0;0;0;
;;001;201;33401;62600;2025/000216;2025/000216;EQUIPAMIENTO CENTROS CULTURALES DEL DISTRITO CENTRO;201;CENTRO;10;CULTURA;03;CENTROS CULTURALES;;;;;;;1000;0;1000;1000;0;0;0;0;0;0;
;;001;201;33401;62999;2025/001278;2025/001278;EQUIPAMIENTO PARA ACTIVIDADES CULTURALES CENTRO CULTURAL CLARA DEL REY;201;CENTRO;10;CULTURA;03;CENTROS CULTURALES;;;;;;;0;3248;3248;3248;0;0;0;0;0;0;
;;001;201;33401;62999;2025/001279;2025/001279;EQUIPAMIENTO PARA ACTIVIDADES CULTURALES CENTRO CULTURAL PUERTA DE TOLEDO;201;CENTRO;10;CULTURA;03;CENTROS CULTURALES;;;;;;;0;3248;3248;3248;0;0;0;0;0;0;
;;001;201;33401;62999;2025/001370;2025/001370;CENTRO CULTURAL PUERTA DE TOLEDO. MODERNIZACIÓN ELEMENTOS DE ILUMINACIÓN, SONIDO Y OTROS;201;CENTRO;10;CULTURA;03;CENTROS CULTURALES;;;;;;;0;37000;37000;37000;0;0;0;0;0;0;
;;001;201;33401;63901;2025/001495;2025/001495;CENTROS CULTURALES DEL DISTRITO DE CENTRO. REPOSICIÓN SEÑALÉTICA;201;CENTRO;10;CULTURA;03;CENTROS CULTURALES;;;;;;;0;8300;8300;8300;0;0;0;0;0;0;
;;001;201;33401;60999;2025/000215;2025/000215;PLACAS CONMEMORATIVAS EN EL DISTRITO CENTRO. INSTALACIÓN;201;CENTRO;10;CULTURA;05;PROMOCIÓN DE LA CULTURA;;;;;;;2600;-21,38;2578,62;2578,62;0;0;0;0;0;0;
;;001;201;33401;60999;2025/000215;2025/010215;PLACAS STOLPERSTEINE HOMENAJE VÍCTIMAS IDEOLOGÍA NAZI EN C/ SALITRE, 26. INSTALACIÓN;201;CENTRO;10;CULTURA;05;PROMOCIÓN DE LA CULTURA;;;;;;;0;491,55;491,55;0;0;491,55;491,55;0;0;0;
;;001;201;33401;60999;2025/000215;2025/020215;PLACAS STOLPERSTEINE HOMENAJE VÍCTIMAS IDEOLOGÍA NAZI EN C/ SALITRE, 42. INSTALACIÓN;201;CENTRO;10;CULTURA;05;PROMOCIÓN DE LA CULTURA;;;;;;;0;491,55;491,55;0;0;491,55;491,55;0;0;0;
;;001;201;33401;60999;2025/000215;2025/030215;PLACAS STOLPERSTEINE HOMENAJE VÍCTIMAS IDEOLOGÍA NAZI EN C/ DOCTOR FOURQUET, 22. INSTALACIÓN;201;CENTRO;10;CULTURA;05;PROMOCIÓN DE LA CULTURA;;;;;;;0;491,55;491,55;0;0;491,55;491,55;0;0;0;
;;001;201;33401;60999;2025/000215;2025/040215;PLACAS STOLPERSTEINE HOMENAJE VÍCTIMAS IDEOLOGÍA NAZI EN C/ SALITRE, 58. INSTALACIÓN;201;CENTRO;10;CULTURA;05;PROMOCIÓN DE LA CULTURA;;;;;;;0;491,55;491,55;0;0;491,55;491,55;0;0;0;
;;001;201;33401;60999;2025/000215;2025/050215;PLACAS STOLPERSTEINE HOMENAJE VÍCTIMAS IDEOLOGÍA NAZI EN C/ AMPARO, 91. INSTALACIÓN;201;CENTRO;10;CULTURA;05;PROMOCIÓN DE LA CULTURA;;;;;;;0;491,54;491,54;0;0;491,54;491,54;0;0;0;
;;001;201;33401;60999;2025/000215;2025/060215;PLACAS STOLPERSTEINE HOMENAJE VÍCTIMAS IDEOLOGÍA NAZI EN C/ SANTIAGO EL VERDE, 15. INSTALACIÓN;201;CENTRO;10;CULTURA;05;PROMOCIÓN DE LA CULTURA;;;;;;;0;491,53;491,53;0;0;491,53;491,53;0;0;0;
;;001;201;33401;60999;2025/000215;2025/070215;PLACAS STOLPERSTEINE HOMENAJE VÍCTIMAS IDEOLOGÍA NAZI EN C/ ATOCHA, 8. INSTALACIÓN;201;CENTRO;10;CULTURA;05;PROMOCIÓN DE LA CULTURA;;;;;;;0;491,53;491,53;0;0;491,53;491,53;0;0;0;
;;001;201;33401;60999;2025/000215;2025/080215;PLACAS STOLPERSTEINE HOMENAJE VÍCTIMAS IDEOLOGÍA NAZI EN C/ AVE MARÍA, 22. INSTALACIÓN;201;CENTRO;10;CULTURA;05;PROMOCIÓN DE LA CULTURA;;;;;;;0;491,53;491,53;0;0;491,53;491,53;0;0;0;
;;001;201;34201;62301;2025/001247;2025/001247;CENTRO DEPORTIVO Y MULTIFUNCIONAL FÚCAR-COSTANILLA DE LOS DESAMPARADOS. INSTALACIÓN DE ALARMA;201;CENTRO;11;DEPORTES, JUVENTUD  Y ESPARCIMIENTO;01;POLIDEPORTIVOS;;;;;;;0;15000;15000;5375,43;0;9624,57;9624,57;9624,57;0;0;
;;001;201;34201;63200;2025/000371;2025/000371;DEPORTIVO BÁSICO CALLE EMBAJADORES 18. OBRAS DE ACONDICIONAMIENTO;201;CENTRO;11;DEPORTES, JUVENTUD  Y ESPARCIMIENTO;02;PISTAS DEPORTIVAS ELEMENTALES;;;;;;;300000;-300000;0;0;0;0;0;0;0;0;
;;001;201;34201;63200;2025/001173;2025/001173;DEPORTIVO BÁSICO C/ EMBAJADORES, 18. OBRAS DE ACONDICIONAMIENTO ESPACIO LIBRE DE PARCELA;201;CENTRO;11;DEPORTES, JUVENTUD  Y ESPARCIMIENTO;02;PISTAS DEPORTIVAS ELEMENTALES;;;;;;;0;356546,53;356546,53;37,16;0;356509,37;356509,37;0;0;0;
;;001;201;92001;62302;2025/000220;2025/000220;EQUIPAMIENTO SERVICIOS ADMINISTRATIVOS DEL DISTRITO CENTRO;201;CENTRO;00;INVERSIONES DE CARÁCTER GENERAL;02;SERVICIOS ADMINISTRATIVOS  TERRITORIALES;;;;;;;0;1810,16;1810,16;0;0;1810,16;1810,16;0;0;0;
;;001;201;92001;62500;2025/000220;2025/000220;EQUIPAMIENTO SERVICIOS ADMINISTRATIVOS DEL DISTRITO CENTRO;201;CENTRO;00;INVERSIONES DE CARÁCTER GENERAL;02;SERVICIOS ADMINISTRATIVOS  TERRITORIALES;;;;;;;1000;3000;4000;902,4;0;3097,6;3097,6;3097,6;0;3097,6;
;;001;201;92001;62600;2025/000220;2025/000220;EQUIPAMIENTO SERVICIOS ADMINISTRATIVOS DEL DISTRITO CENTRO;201;CENTRO;00;INVERSIONES DE CARÁCTER GENERAL;02;SERVICIOS ADMINISTRATIVOS  TERRITORIALES;;;;;;;1000;0;1000;1000;0;0;0;0;0;0;
;;001;201;92001;63599;2025/001122;2025/001122;BANDERAS PARA DIVERSOS EDIFICIOS ADSCRITOS AL DISTRITO DE CENTRO;201;CENTRO;00;INVERSIONES DE CARÁCTER GENERAL;03;EDIFICIOS PARA EL USO GENERAL;;;;;;;0;5500;5500;708,34;0;4791,66;4791,66;4791,65;0;4791,65;
;;001;201;93302;63200;2022/001167;2022/001167;CENTRO DE DÍA MAYORES ESCUELAS PÍAS DE SAN ANTÓN. MEJORAS SANITARIAS, ASCENSOR Y OTRAS;201;CENTRO;03;PROTECCIÓN Y PROMOCIÓN SOCIAL;00;CENTROS DE DÍA Y RESIDENCIAS DE MAYORES;;;;;;;0;3904,52;3904,52;0;0;3904,52;3904,52;3904,52;0;3904,52;
;;001;201;93302;63200;2022/001168;2022/001168;CENTRO SERVICIOS SOCIALES MARAVILLAS. MEJORA CUBIERTA, INSTALACIONES Y ACCESIBILIDAD;201;CENTRO;03;PROTECCIÓN Y PROMOCIÓN SOCIAL;02;CENTROS DE SERVICIOS SOCIALES;;;;;;;0;19483,63;19483,63;0;0;19483,63;19483,63;19483,63;0;19483,63;
;;001;201;93302;63200;2025/000223;2025/000223;OBRAS DE REFORMA Y CONSERVACIÓN EDIFICIOS DEL DISTRITO CENTRO;201;CENTRO;00;INVERSIONES DE CARÁCTER GENERAL;03;EDIFICIOS PARA EL USO GENERAL;;;;;;;186500;-186500;0;0;0;0;0;0;0;0;
;;001;201;93302;63200;2025/000372;2025/000372;CENTRO CULTURAL CLARA DEL REY. OBRAS DE INSTALACIÓN DE LA CLIMATIZACIÓN;201;CENTRO;10;CULTURA;03;CENTROS CULTURALES;;;;;;;150000;-19483,63;130516,37;12,89;11638,78;118864,7;118864,7;118864,7;0;118864,7;
;;001;201;93302;63200;2025/001243;2025/001243;CENTRO ATENCIÓN INFANCIA Nº 1, CENTRO. IMPERMEABILIZACIÓN CUBIERTA Y ADECUACIÓN CLIMATIZACIÓN;201;CENTRO;03;PROTECCIÓN Y PROMOCIÓN SOCIAL;03;INFANCIA Y FAMILIA;;;17;FONDO REEQUILIBRIO TERRITORIAL;;;0;186500;186500;283,22;0;186216,78;186216,78;0;0;0;
5;FONDO DE REEQUILIBRIO TERRITORIAL;001;201;93302;63200;2025/001243;2025/001243;CENTRO ATENCIÓN INFANCIA Nº 1, CENTRO. IMPERMEABILIZACIÓN CUBIERTA Y ADECUACIÓN CLIMATIZACIÓN;201;CENTRO;03;PROTECCIÓN Y PROMOCIÓN SOCIAL;03;INFANCIA Y FAMILIA;;;17;FONDO REEQUILIBRIO TERRITORIAL;;;0;90000;90000;0;0;90000;90000;0;0;0;
;;001;202;17102;61000;2025/000347;2025/000347;PARCELA ZV.02 APE 02.27 NUEVO MAHOU-CALDERÓN. IMPLANTACIÓN DE HUERTO URBANO;202;ARGANZUELA;09;MEDIO AMBIENTE;01;ZONAS AJARDINADAS;;;;;;;200000;-45595,33;154404,67;14090,98;0;140313,69;140313,69;0;0;0;
;;001;202;23103;62599;2023/001149;2023/001149;NUEVO CENTRO DE MAYORES E INTERGENERACIONAL EN C/ BRONCE, DISTRITO ARGANZUELA. COCINA INDUSTRIAL;202;ARGANZUELA;03;PROTECCIÓN Y PROMOCIÓN SOCIAL;01;CENTROS DE MAYORES;;;17;FONDO REEQUILIBRIO TERRITORIAL;;;0;16580,12;16580,12;0;0;16580,12;16580,12;16580,12;0;16580,12;
;;001;202;23103;62599;2024/001335;2024/001335;CENTRO DE MAYORES E INTERGENERACIONAL OUKA LEELE. OTRO MOBILIARIO Y ENSERES;202;ARGANZUELA;03;PROTECCIÓN Y PROMOCIÓN SOCIAL;01;CENTROS DE MAYORES;;;17;FONDO REEQUILIBRIO TERRITORIAL;;;0;138783,07;138783,07;119579,66;0;19203,41;19203,41;19203,41;0;19203,41;
5;FONDO DE REEQUILIBRIO TERRITORIAL;001;202;23103;62599;2024/001094;2024/001094;CENTRO INTERGENERACIONAL OUKA LEELE.PROGRAMA LIDERAZGO INTELIGENCIA ARTIFICIAL Y ROBÓTICA;202;ARGANZUELA;03;PROTECCIÓN Y PROMOCIÓN SOCIAL;01;CENTROS DE MAYORES;;;17;FONDO REEQUILIBRIO TERRITORIAL;;;0;10000;10000;1007,18;0;8992,82;8992,82;0;0;0;
1;INCORPORACIONES REMANENTES OBLIGATORIAS;001;202;23103;62600;2024/000343;2024/000343;EQUIPAMIENTO CENTRO DE MAYORES E INTERGENERACIONAL EN CALLE BRONCE;202;ARGANZUELA;03;PROTECCIÓN Y PROMOCIÓN SOCIAL;01;CENTROS DE MAYORES;;;;;;;0;6315;6315;2975,58;0;3339,42;3339,42;3339,42;0;3339,42;
;;001;202;23103;62601;2024/001094;2024/001094;CENTRO INTERGENERACIONAL OUKA LEELE.PROGRAMA LIDERAZGO INTELIGENCIA ARTIFICIAL Y ROBÓTICA;202;ARGANZUELA;03;PROTECCIÓN Y PROMOCIÓN SOCIAL;01;CENTROS DE MAYORES;;;17;FONDO REEQUILIBRIO TERRITORIAL;;;0;6918,32;6918,32;0;0;6918,32;6918,32;6918,32;0;6918,32;
;;001;202;23103;63599;2025/001462;2025/001462;EQUIPAMIENTO CENTRO DE MAYORES CASA DEL RELOJ;202;ARGANZUELA;03;PROTECCIÓN Y PROMOCIÓN SOCIAL;01;CENTROS DE MAYORES;;;;;;;0;1400;1400;1400;0;0;0;0;0;0;
;;001;202;32301;62300;2024/001597;2024/001597;ESCUELA INFANTIL EL BARBERILLO DE LAVAPIÉS. ADQUISICIÓN DE LAVADORA INDUSTRIAL;202;ARGANZUELA;05;EDUCACIÓN;01;ESCUELAS INFANTILES;;;;;;;0;4235;4235;0;0;4235;4235;4235;0;4235;
;;001;202;32301;62300;2025/001124;2025/001124;ESCUELA INFANTIL EL ALBA. ADQUISICIÓN E INSTALACIÓN DE MONTAPLATOS;202;ARGANZUELA;05;EDUCACIÓN;01;ESCUELAS INFANTILES;;;;;;;0;17545;17545;863,94;0;16681,06;16681,06;0;0;0;
;;001;202;32301;62599;2025/000414;2025/000414;ESCUELAS INFANTILES DEL DISTRITO DE ARGANZUELA. OTRO MOBILIARIO Y ENSERES;202;ARGANZUELA;05;EDUCACIÓN;01;ESCUELAS INFANTILES;;;;;;;0;3215;3215;3215;0;0;0;0;0;0;
4;SC Y CE FINANC. CON RTG;001;202;32301;63200;2025/008045;2025/008045;COLEGIO PÚBLICO LEGADO CRESPO. REPARACIÓN SANEAMIENTO, PARAMENTOS, CARPINTERÍAS Y OTRAS;202;ARGANZUELA;05;EDUCACIÓN;00;COLEGIOS;;;;;;;0;600000;600000;7,8;0;599992,2;599992,2;83900,31;0;83900,31;
4;SC Y CE FINANC. CON RTG;001;202;32301;63200;2025/008046;2025/008046;COLEGIO PÚBLICO TIRSO DE MOLINA. OBRAS REPARACIÓN SANEAMIENTO, PATIOS, FACHADAS Y OTRAS;202;ARGANZUELA;05;EDUCACIÓN;00;COLEGIOS;;;;;;;0;260000;260000;1,65;0;259998,35;259998,35;162361,05;0;162361,05;
4;SC Y CE FINANC. CON RTG;001;202;32301;63200;2025/008047;2025/008047;COLEGIO PÚBLICO MENÉNDEZ PELAYO. OBRAS SUSTITUCIÓN SUELOS Y ACONDICIONAMIENTO;202;ARGANZUELA;05;EDUCACIÓN;00;COLEGIOS;;;;;;;0;550000;550000;5,99;0;549994,01;549994,01;0;0;0;
4;SC Y CE FINANC. CON RTG;001;202;32301;63200;2025/008049;2025/008049;ESCUELA INFANTIL EL ALBA. REPARACIÓN CUBIERTAS, ACONDICIONAMIENTO Y OTRAS PARA EFICIENCIA ENERGÉTICA;202;ARGANZUELA;05;EDUCACIÓN;01;ESCUELAS INFANTILES;;;;;;;0;90000;90000;15,55;0;89984,45;89984,45;14950,89;0;14950,89;
;;001;202;33401;60999;2025/001069;2025/001069;PLACAS CONMEMORATIVAS EN ESPACIOS PÚBLICOS DEL DISTRITO DE ARGANZUELA. INSTALACIÓN;202;ARGANZUELA;10;CULTURA;05;PROMOCIÓN DE LA CULTURA;;;;;;;0;5021,5;5021,5;90,75;0;4930,75;4930,75;0;0;0;
;;001;202;33401;62599;2024/000438;2024/010438;EQUIPAMIENTO CENTRO CULTURAL LUCA DE TENA;202;ARGANZUELA;10;CULTURA;03;CENTROS CULTURALES;;;;;;;0;3856,88;3856,88;0;0;3856,88;3856,88;3856,88;0;3856,88;
;;001;202;33401;62599;2024/000438;2024/030438;CENTRO DOTACIONAL INTEGRADO ARGANZUELA. MOBILIARIO;202;ARGANZUELA;10;CULTURA;03;CENTROS CULTURALES;;;;;;;0;21249,85;21249,85;0;0;21249,85;21249,85;21249,85;0;21249,85;
;;001;202;33401;62600;2024/000344;2024/000344;EQUIPAMIENTO CENTRO CULTURAL DOTACIONAL INTEGRADO ARGANZUELA;202;ARGANZUELA;10;CULTURA;03;CENTROS CULTURALES;;;;;;;0;7000;7000;995,5;0;6004,5;6004,5;6004,5;0;20,35;
;;001;202;33401;62600;2024/000438;2024/000438;EQUIPAMIENTO DE CENTROS CULTURALES DEL DISTRITO DE ARGANZUELA;202;ARGANZUELA;10;CULTURA;03;CENTROS CULTURALES;;;;;;;0;1205;1205;1205;0;0;0;0;0;0;
;;001;202;33401;62601;2024/000438;2024/010438;EQUIPAMIENTO CENTRO CULTURAL LUCA DE TENA;202;ARGANZUELA;10;CULTURA;03;CENTROS CULTURALES;;;;;;;0;1417,43;1417,43;0;0;1417,43;1417,43;1417,43;0;1417,43;
;;001;202;33401;62601;2025/001072;2025/001072;EQUIPAMIENTO NAVE DE TERNERAS DEL CENTRO CULTURAL CASA DEL RELOJ;202;ARGANZUELA;10;CULTURA;03;CENTROS CULTURALES;;;;;;;0;400;400;0;0;400;400;400;0;400;
;;001;202;33401;62999;2024/000433;2024/000433;PLACAS CONMEMORATIVAS EN EDIFICIOS E INSTALACIONES DEL DISTRITO DE ARGANZUELA. INSTALACIÓN;202;ARGANZUELA;10;CULTURA;05;PROMOCIÓN DE LA CULTURA;;;;;;;0;36,6;36,6;36,6;0;0;0;0;0;0;
;;001;202;33401;62999;2024/000433;2024/010433;"PLACA CONMEMORATIVA ""ANTONIO MENDOZA MARTÍN"" EN EDIFICIO SEDE DISTRITO DE ARGANZUELA. INSTALACIÓN";202;ARGANZUELA;10;CULTURA;05;PROMOCIÓN DE LA CULTURA;;;;;;;0;350,9;350,9;0;0;350,9;350,9;0;0;0;
;;001;202;34201;62300;2025/001157;2025/001157;CENTRO DEPORTIVO PEÑUELAS. ADQUISICIÓN DE TORNOS Y OTROS DISPOSITIVOS CONTROL DE ACCESO;202;ARGANZUELA;11;DEPORTES, JUVENTUD  Y ESPARCIMIENTO;01;POLIDEPORTIVOS;;;;;;;0;17047,69;17047,69;0;0;17047,69;17047,69;0;0;0;
;;001;202;34201;62599;2024/000345;2025/001216;EQUIPAMIENTO CENTRO DEPORTIVO PEÑUELAS;202;ARGANZUELA;11;DEPORTES, JUVENTUD  Y ESPARCIMIENTO;01;POLIDEPORTIVOS;;;;;;;0;3440,37;3440,37;0;0;3440,37;3440,37;3440,37;0;3440,37;
;;001;202;34201;63200;2025/001283;2025/001283;DEPORTIVO BÁSICO JARDÍN PAPELERA PENINSULAR. OBRAS DE REPARACIÓN MURO Y PAVIMENTO PISTA DE PATINAJE;202;ARGANZUELA;11;DEPORTES, JUVENTUD  Y ESPARCIMIENTO;02;PISTAS DEPORTIVAS ELEMENTALES;;;;;;;0;650000;650000;230128,29;0;419871,71;419871,71;0;0;0;
;;001;202;34201;63599;2024/000345;2024/000345;EQUIPAMIENTO CENTROS DEPORTIVOS DEL DISTRITO DE ARGANZUELA;202;ARGANZUELA;11;DEPORTES, JUVENTUD  Y ESPARCIMIENTO;01;POLIDEPORTIVOS;;;;;;;15410;-10353,75;5056,25;57,59;0;4998,66;4998,66;0;0;0;
;;001;202;34201;63599;2024/000345;2024/010345;EQUIPAMIENTO CENTRO DEPORTIVO MARQUÉS DE SAMARANCH;202;ARGANZUELA;11;DEPORTES, JUVENTUD  Y ESPARCIMIENTO;01;POLIDEPORTIVOS;;;;;;;0;10410,69;10410,69;0;0;10410,69;10410,69;10410,69;0;10410,69;
;;001;202;34201;63599;2024/000345;2025/001216;EQUIPAMIENTO CENTRO DEPORTIVO PEÑUELAS;202;ARGANZUELA;11;DEPORTES, JUVENTUD  Y ESPARCIMIENTO;01;POLIDEPORTIVOS;;;;;;;0;2043,06;2043,06;0;0;2043,06;2043,06;2043,06;0;2043,06;
;;001;202;92001;63599;2025/001052;2025/001052;EQUIPAMIENTO SERVICIOS ADMINISTRATIVOS DEL DISTRITO DE ARGANZUELA;202;ARGANZUELA;00;INVERSIONES DE CARÁCTER GENERAL;02;SERVICIOS ADMINISTRATIVOS  TERRITORIALES;;;;;;;0;304;304;0;0;304;304;304;0;304;
;;001;203;17102;61913;2025/001016;2025/001016;ÁREAS INFANTILES INCLUSIVAS EN ZONAS VERDES DISTRITO RETIRO. RENOVACIÓN;203;RETIRO;08;MANTENIMIENTO URBANO;01;MOBILIARIO URBANO;;;;;;;100000;0;100000;10418,57;0;89581,43;89581,43;0;0;0;
;;001;203;23103;63599;2025/001176;2025/001176;EQUIPAMIENTO CAFETERÍA Y COCINA DEL CENTRO DE MAYORES PÍO BAROJA;203;RETIRO;03;PROTECCIÓN Y PROMOCIÓN SOCIAL;01;CENTROS DE MAYORES;;;;;;;0;13141,04;13141,04;289,81;0;12851,23;12851,23;12851,23;0;12851,23;
;;001;203;23103;63599;2025/001177;2025/001177;EQUIPAMIENTO CAFETERÍA Y COCINA DEL CENTRO DE MAYORES LA ESTRELLA - CARMEN MARTÍN GAITE;203;RETIRO;03;PROTECCIÓN Y PROMOCIÓN SOCIAL;01;CENTROS DE MAYORES;;;;;;;0;4777,26;4777,26;0;0;4777,26;4777,26;4777,26;0;4777,26;
;;001;203;32301;62901;2025/000394;2025/000394;CENTROS DOCENTES DE ENSEÑANZA DEL DISTRITO DE RETIRO. SEÑALÉTICA DE ACCESIBILIDAD COGNITIVA;203;RETIRO;05;EDUCACIÓN;00;COLEGIOS;;;;;;;0;0,02;0,02;0,02;0;0;0;0;0;0;
;;001;203;32301;62901;2025/000394;2025/010394;COLEGIO PÚBLICO JOSÉ CALVO SOTELO. SEÑALÉTICA DE ACCESIBILIDAD COGNITIVA;203;RETIRO;05;EDUCACIÓN;00;COLEGIOS;;;;;;;0;3818,76;3818,76;0;0;3818,76;3818,76;3818,76;0;3818,76;
;;001;203;32301;62901;2025/000394;2025/020394;COLEGIO PÚBLICO CIUDAD DE ROMA. SEÑALÉTICA DE ACCESIBILIDAD COGNITIVA;203;RETIRO;05;EDUCACIÓN;00;COLEGIOS;;;;;;;0;3818,76;3818,76;0;0;3818,76;3818,76;3818,76;0;3818,76;
;;001;203;32301;62901;2025/000394;2025/030394;COLEGIO PÚBLICO ESCUELAS AGUIRRE. SEÑALÉTICA DE ACCESIBILIDAD COGNITIVA;203;RETIRO;05;EDUCACIÓN;00;COLEGIOS;;;;;;;0;3455,76;3455,76;0;0;3455,76;3455,76;3455,76;0;3455,76;
;;001;203;32301;62901;2025/000394;2025/040394;COLEGIO PÚBLICO FRANCISCO DE QUEVEDO. SEÑALÉTICA DE ACCESIBILIDAD COGNITIVA;203;RETIRO;05;EDUCACIÓN;00;COLEGIOS;;;;;;;0;2308,68;2308,68;0;0;2308,68;2308,68;2308,68;0;2308,68;
;;001;203;32301;62901;2025/000394;2025/050394;COLEGIO PÚBLICO NUESTRA SEÑORA DE LA ALMUDENA. SEÑALÉTICA DE ACCESIBILIDAD COGNITIVA;203;RETIRO;05;EDUCACIÓN;00;COLEGIOS;;;;;;;0;2366,76;2366,76;0;0;2366,76;2366,76;2366,76;0;2366,76;
;;001;203;32301;62901;2025/000394;2025/060394;COLEGIO PÚBLICO SAN ISIDORO. SEÑALÉTICA DE ACCESIBILIDAD COGNITIVA;203;RETIRO;05;EDUCACIÓN;00;COLEGIOS;;;;;;;0;2366,76;2366,76;0;0;2366,76;2366,76;2366,76;0;2366,76;
;;001;203;32301;63200;2025/000102;2025/000102;OBRAS DE ACONDICIONAMIENTO EN CENTROS DOCENTES DE ENSEÑANZA DISTRITO DE RETIRO;203;RETIRO;05;EDUCACIÓN;00;COLEGIOS;;;;;;;70000;-69968,82;31,18;31,18;0;0;0;0;0;0;
;;001;203;32301;63200;2025/000102;2025/010102;ESCUELA INFANTIL MARGARITA SALAS. OBRAS DE ACONDICIONAMIENTO Y MEJORA;203;RETIRO;05;EDUCACIÓN;01;ESCUELAS INFANTILES;;;;;;;0;25663,8;25663,8;0;0;25663,8;25663,8;25627,36;0;25627,36;
;;001;203;32301;63200;2025/000102;2025/020102;COLEGIO PÚBLICO SAN ISIDORO. ADECUACIÓN INSTALACIÓN ELÉCTRICA Y DE GAS EN LA COCINA;203;RETIRO;05;EDUCACIÓN;00;COLEGIOS;;;;;;;0;15160,38;15160,38;0;0;15160,38;15160,38;15160,38;0;15160,38;
;;001;203;32301;63200;2025/000102;2025/030102;COLEGIO PÚBLICO CIUDAD DE ROMA. OBRAS DE ACONDICIONAMIENTO Y MEJORA;203;RETIRO;05;EDUCACIÓN;00;COLEGIOS;;;;;;;0;29144,64;29144,64;0;0;29144,64;29144,64;26158,75;0;26158,75;
4;SC Y CE FINANC. CON RTG;001;203;32301;63200;2025/008029;2025/008029;COLEGIO PÚBLICO ESCUELAS AGUIRRE. ACONDICIONAMIENTO CUBIERTA, CARPINTERÍA Y OTRAS;203;RETIRO;05;EDUCACIÓN;00;COLEGIOS;;;;;;;0;450000;450000;16190,68;0;433809,32;433809,32;381430,53;0;381430,53;
4;SC Y CE FINANC. CON RTG;001;203;32301;63200;2025/008030;2025/008030;COLEGIO PÚBLICO JOSÉ CALVO SOTELO. ACONDICIONAMIENTO INSTALACIONES, PATIO Y OTRAS;203;RETIRO;05;EDUCACIÓN;00;COLEGIOS;;;;;;;0;325000;325000;168,02;0;324831,98;324831,98;226197,98;0;226197,98;
4;SC Y CE FINANC. CON RTG;001;203;32301;63200;2025/008031;2025/008031;ESCUELA INFANTIL TREN DE ARGANDA. ACONDICIONAMIENTO PARAMENTOS, ADECUACIÓN ESPACIOS Y OTRAS;203;RETIRO;05;EDUCACIÓN;01;ESCUELAS INFANTILES;;;;;;;0;50000;50000;3,43;0;49996,57;49996,57;42160,77;0;42160,77;
;;001;203;32601;63200;2025/001448;2025/001448;ESCUELA DE MÚSICA Y DANZA PLÁCIDO DOMINGO. OBRAS ADECUACIÓN ASCENSOR Y MEJORA INSTALACIÓN SEGURIDAD;203;RETIRO;05;EDUCACIÓN;03;ESCUELAS DE MÚSICA;;;;;;;0;40400;40400;40400;0;0;0;0;0;0;
;;001;203;33401;60999;2024/000116;2024/010116;PLACA CONMEMORATIVA A ISAAC LÓPEZ, EN TUNEL DE LA CALLE COMERCIO. INSTALACIÓN;203;RETIRO;10;CULTURA;05;PROMOCIÓN DE LA CULTURA;;;;;;;0;891,77;891,77;0;0;891,77;891,77;891,77;0;891,77;
;;001;203;33401;60999;2024/000116;2024/020116;PLACA CONMEMORATIVA JIMENA QUIRÓS, PASEO INFANTA ISABEL CON AVENIDA CIUDAD BARCELONA. INSTALACIÓN;203;RETIRO;10;CULTURA;05;PROMOCIÓN DE LA CULTURA;;;;;;;0;891,77;891,77;0;0;891,77;891,77;0;0;0;
;;001;203;33401;60999;2024/000116;2024/030116;PLACA CONMEMORATIVA A NICOLÁS SALMERÓN ALONSO, EN LA CALLE DE MONTALBÁN. INSTALACIÓN;203;RETIRO;10;CULTURA;05;PROMOCIÓN DE LA CULTURA;;;;;;;0;891,77;891,77;0;0;891,77;891,77;891,77;0;891,77;
;;001;203;33401;60999;2024/000116;2024/040116;PLACA CONMEMORATIVA A FRANCISCO SORIA AEDO, EN LA CALLE DEL DOCTOR CASTELO, 33. INSTALACIÓN;203;RETIRO;10;CULTURA;05;PROMOCIÓN DE LA CULTURA;;;;;;;0;891,77;891,77;0;0;891,77;891,77;891,77;0;891,77;
;;001;203;33401;60999;2024/000116;2024/050116;PLACA CONMEMORATIVA A JUAN VELARDE FUERTES, EN LA CALLE AMADO NERVO, 1. INSTALACIÓN;203;RETIRO;10;CULTURA;05;PROMOCIÓN DE LA CULTURA;;;;;;;0;891,77;891,77;0;0;891,77;891,77;891,77;0;891,77;
;;001;203;33401;60999;2024/000116;2024/060116;PLACA CONMEMORATIVA A MARIO VARGAS LLOSA, EN LA CALLE MENÉNDEZ PELAYO, 13. INSTALACIÓN;203;RETIRO;10;CULTURA;05;PROMOCIÓN DE LA CULTURA;;;;;;;0;891,77;891,77;0;0;891,77;891,77;891,77;0;891,77;
;;001;203;33401;60999;2024/000116;2024/070116;"PLACA CONMEMORATIVA A JOSÉ SAZATORNIL ""SAZA"", EN AVENIDA CIUDAD DE BARCELONA, 210. INSTALACIÓN";203;RETIRO;10;CULTURA;05;PROMOCIÓN DE LA CULTURA;;;;;;;0;891,77;891,77;0;0;891,77;891,77;891,77;0;891,77;
;;001;203;33401;60999;2024/000116;2024/080116;PLACA CONMEMORATIVA AL TREN DE ARGANDA, EN LA CALLE PÍO BAROJA. INSTALACIÓN;203;RETIRO;10;CULTURA;05;PROMOCIÓN DE LA CULTURA;;;;;;;0;891,77;891,77;0;0;891,77;891,77;891,77;0;891,77;
;;001;203;33401;60999;2025/000132;2025/000132;PLACAS CONMEMORATIVAS EN EL DISTRITO DE RETIRO. INSTALACIÓN;203;RETIRO;10;CULTURA;05;PROMOCIÓN DE LA CULTURA;;;;;;;7400;-7134,16;265,84;265,84;0;0;0;0;0;0;
;;001;203;33401;60999;2025/001223;2025/001223;PLACA CONMEMORATIVA AL COLECTIVO LGTBI EN AVENIDA MENÉNDEZ PELAYO, DISTRITO RETIRO. INSTALACIÓN;203;RETIRO;10;CULTURA;05;PROMOCIÓN DE LA CULTURA;;;;;;;0;1014,71;1014,71;0;0;1014,71;1014,71;1014,71;0;1014,71;
;;001;203;33401;63500;2025/000133;2025/000133;CENTROS CULTURALES DEL DISTRITO DE RETIRO. MOBILIARIO;203;RETIRO;10;CULTURA;03;CENTROS CULTURALES;;;;;;;6500;0;6500;6500;0;0;0;0;0;0;
;;001;203;33401;63599;2025/001017;2025/001017;EQUIPAMIENTOS CULTURALES DISTRITO RETIRO. RENOVACIÓN DE MOBILIARIO Y OTROS BIENES;203;RETIRO;10;CULTURA;03;CENTROS CULTURALES;;;;;;;100000;0;100000;100000;0;0;0;0;0;0;
;;001;203;34201;61999;2025/001109;2025/001109;DEPORTIVO BÁSICO PARQUE DE ROMA. OBRAS DE SUSTITUCIÓN DE VALLADO;203;RETIRO;11;DEPORTES, JUVENTUD  Y ESPARCIMIENTO;02;PISTAS DEPORTIVAS ELEMENTALES;;;;;;;0;159358,99;159358,99;13114,6;0;146244,39;146244,39;0;0;0;
5;FONDO DE REEQUILIBRIO TERRITORIAL;001;203;34201;61999;2025/005013;2025/005013;INSTALACIÓN DEPORTIVA BÁSICA PARQUE ADELFAS. OBRAS REFORMA CAMPO FÚTBOL Y PISTA PÁDEL (ID 21: 18374);203;RETIRO;11;DEPORTES, JUVENTUD  Y ESPARCIMIENTO;02;PISTAS DEPORTIVAS ELEMENTALES;;;;;18;PRESUPUESTOS PARTICIPATIVOS;0;231801,7;231801,7;2,12;0;231799,58;231799,58;15518,14;0;15518,14;
5;FONDO DE REEQUILIBRIO TERRITORIAL;001;203;34201;61999;2025/005015;2025/005015;DEPORTIVO BÁSICO PARQUE DE ROMA. OBRAS DE RENOVACIÓN DE PISTAS (ID 21: 18374);203;RETIRO;11;DEPORTES, JUVENTUD  Y ESPARCIMIENTO;02;PISTAS DEPORTIVAS ELEMENTALES;;;;;18;PRESUPUESTOS PARTICIPATIVOS;0;106868,48;106868,48;0;0;106868,48;106868,48;577,92;0;0;
;;001;203;34201;62300;2025/000176;2025/000176;CENTROS DEPORTIVOS DEL DISTRITO DE RETIRO. MAQUINARIA;203;RETIRO;11;DEPORTES, JUVENTUD  Y ESPARCIMIENTO;01;POLIDEPORTIVOS;;;;;;;4500;0;4500;4500;0;0;0;0;0;0;
;;001;203;34201;63200;2024/000396;2024/000396;CENTRO DEPORTIVO DAOIZ Y VELARDE. ACONDICIONAMIENTO, RENOVACIÓN Y MEJORA DE LAS INSTALACIONES;203;RETIRO;11;DEPORTES, JUVENTUD  Y ESPARCIMIENTO;01;POLIDEPORTIVOS;;;;;;;0;114509,63;114509,63;0;0;114509,63;114509,63;78694,81;0;78694,81;
;;001;203;34201;63200;2024/001381;2024/001381;CENTRO DEPORTIVO LA CHOPERA. SUSTITUCIÓN CÉSPED CAMPO DE FÚTBOL Y OTRAS MEJORAS;203;RETIRO;11;DEPORTES, JUVENTUD  Y ESPARCIMIENTO;01;POLIDEPORTIVOS;;;;;;;0;892,53;892,53;0;0;892,53;892,53;440,42;0;440,42;
;;001;203;34201;63200;2025/000173;2025/000173;OBRAS DE ACONDICIONAMIENTO INSTALACIONES DEPORTIVAS DEL DISTRITO DE RETIRO;203;RETIRO;11;DEPORTES, JUVENTUD  Y ESPARCIMIENTO;01;POLIDEPORTIVOS;;;;;;;160000;-115402,16;44597,84;44597,84;0;0;0;0;0;0;
;;001;203;34201;63200;2025/001313;2025/001313;CENTRO DEPORTIVO DAOÍZ Y VELARDE. OBRAS DE ACONDICIONAMIENTO PARA INSTALACIÓN DE CLIMATIZACIÓN;203;RETIRO;11;DEPORTES, JUVENTUD  Y ESPARCIMIENTO;01;POLIDEPORTIVOS;;;;;;;0;94000;94000;94000;0;0;0;0;0;0;
5;FONDO DE REEQUILIBRIO TERRITORIAL;001;203;34201;63200;2023/003071;2023/003071;ESPACIOS DEPORTIVOS EN EL DISTRITO DE RETIRO. ACTUALIZACIÓN Y MEJORA (ID 21: 18374);203;RETIRO;11;DEPORTES, JUVENTUD  Y ESPARCIMIENTO;02;PISTAS DEPORTIVAS ELEMENTALES;;;;;18;PRESUPUESTOS PARTICIPATIVOS;650000;-648667,68;1332,32;1332,32;0;0;0;0;0;0;
5;FONDO DE REEQUILIBRIO TERRITORIAL;001;203;34201;63200;2025/005012;2025/005012;CENTRO DEPORTIVO CHOPERA.OBRAS MEJORA ASEOS VESTUARIOS Y PAVIMENTACIÓN PISTA DEPORTIVA (ID 21:18374);203;RETIRO;11;DEPORTES, JUVENTUD  Y ESPARCIMIENTO;01;POLIDEPORTIVOS;;;;;18;PRESUPUESTOS PARTICIPATIVOS;0;309998,58;309998,58;0;0;309998,58;309998,58;98365,7;0;23160,46;
5;FONDO DE REEQUILIBRIO TERRITORIAL;001;203;34201;63200;2025/005014;2025/005014;CENTRO DEPORTIVO DAOÍZ Y VELARDE. OBRAS DE RENOVACIÓN DE DESHUMECTADORA (ID 21: 18374);203;RETIRO;11;DEPORTES, JUVENTUD  Y ESPARCIMIENTO;01;POLIDEPORTIVOS;;;;;18;PRESUPUESTOS PARTICIPATIVOS;0;186998,92;186998,92;0;0;186998,92;186998,92;5827,63;0;5827,63;
;;001;203;34201;63999;2025/000175;2025/000175;CENTROS DEPORTIVOS DEL DISTRITO DE RETIRO. MATERIAL DEPORTIVO;203;RETIRO;11;DEPORTES, JUVENTUD  Y ESPARCIMIENTO;01;POLIDEPORTIVOS;;;;;;;22500;0;22500;22500;0;0;0;0;0;0;
;;001;203;92001;63599;2025/001422;2025/001422;SERVICIOS ADMINISTRATIVOS DISTRITO RETIRO. BANDERAS Y ELEMENTOS AUXILIARES DEPENDENCIAS MUNICIPALES;203;RETIRO;00;INVERSIONES DE CARÁCTER GENERAL;02;SERVICIOS ADMINISTRATIVOS  TERRITORIALES;;;;;;;0;2035;2035;2035;0;0;0;0;0;0;
;;001;203;93302;63200;2024/000201;2024/010201;CENTRO DE MAYORES BENITO PÉREZ GALDÓS.  OBRAS DE ACONDICIONAMIENTO INTERIOR Y OTRAS MEJORAS;203;RETIRO;03;PROTECCIÓN Y PROMOCIÓN SOCIAL;01;CENTROS DE MAYORES;;;;;;;0;2512,87;2512,87;0;0;2512,87;2512,87;2512,87;0;2512,87;
;;001;203;93302;63200;2024/000394;2024/000394;CENTRO DE MAYORES PÉREZ GALDÓS. ACTUACIÓN EN CUBIERTA Y OTRAS OBRAS DE ACONDICIONAMIENTO;203;RETIRO;03;PROTECCIÓN Y PROMOCIÓN SOCIAL;01;CENTROS DE MAYORES;;;;;;;0;31841;31841;0,02;0;31840,98;31840,98;31840,98;0;31840,98;
;;001;203;93302;63200;2025/000090;2025/000090;OBRAS DE ACONDICIONAMIENTO EDIFICIOS DEL DISTRITO DE RETIRO;203;RETIRO;00;INVERSIONES DE CARÁCTER GENERAL;03;EDIFICIOS PARA EL USO GENERAL;;;;;;;70000;-69826,17;173,83;173,83;0;0;0;0;0;0;
;;001;203;93302;63200;2025/000090;2025/010090;CENTRO DE MAYORES BENITO PÉREZ GALDÓS. OBRAS DE ACONDICIONAMIENTO Y MEJORA;203;RETIRO;03;PROTECCIÓN Y PROMOCIÓN SOCIAL;01;CENTROS DE MAYORES;;;;;;;0;55140,98;55140,98;0;0;55140,98;55140,98;0;0;0;
;;001;203;93302;63200;2025/000090;2025/020090;CENTRO DE MAYORES PÍO BAROJA. OBRAS DE ACONDICIONAMIENTO Y MEJORA;203;RETIRO;03;PROTECCIÓN Y PROMOCIÓN SOCIAL;01;CENTROS DE MAYORES;;;;;;;0;24617,85;24617,85;0;0;24617,85;24617,85;11233,63;0;11233,63;
;;001;203;93302;63200;2025/000090;2025/030090;CENTRO SOCIOCULTURAL CLARA CAMPOAMOR. OBRAS DE ACONDICIONAMIENTO PARA LA ELECTRIFICACIÓN DE MESAS;203;RETIRO;10;CULTURA;03;CENTROS CULTURALES;;;;;;;0;18460,56;18460,56;0;0;18460,56;18460,56;0;0;0;
;;001;203;93302;63200;2025/000090;2025/040090;CENTRO DE MAYORES LA ESTRELLA-CARMEN MARTÍN GAITE. OBRAS DE ACONDICIONAMIENTO Y MEJORA;203;RETIRO;03;PROTECCIÓN Y PROMOCIÓN SOCIAL;01;CENTROS DE MAYORES;;;;;;;0;11994,02;11994,02;0;0;11994,02;11994,02;0;0;0;
;;001;204;15322;61904;2022/002030;2022/002030;ACCESIBILIDAD ENTRE C/PEÑASCALES Y DOCTOR ESQUERDO. ELIMINACIÓN DE BARRERAS (ID 19: 15392);204;SALAMANCA;08;MANTENIMIENTO URBANO;02;VÍAS PÚBLICAS;;;;;18;PRESUPUESTOS PARTICIPATIVOS;0;8275,8;8275,8;488,28;0;7787,52;7787,52;3986,73;0;226,05;
5;FONDO DE REEQUILIBRIO TERRITORIAL;001;204;15322;61904;2019/009205;2019/009205;"VÍAS PÚBLICAS Bº FUENTE DEL BERRO.PRIORIDAD PEATONAL Y MEJORA ACCESIBILIDAD GLOBAL(ID 18: 9917;8672)";204;SALAMANCA;08;MANTENIMIENTO URBANO;02;VÍAS PÚBLICAS;;;17;FONDO REEQUILIBRIO TERRITORIAL;18;PRESUPUESTOS PARTICIPATIVOS;850000;0;850000;850000;0;0;0;0;0;0;
5;FONDO DE REEQUILIBRIO TERRITORIAL;001;204;15322;61904;2022/002030;2022/002030;ACCESIBILIDAD ENTRE C/PEÑASCALES Y DOCTOR ESQUERDO. ELIMINACIÓN DE BARRERAS (ID 19: 15392);204;SALAMANCA;08;MANTENIMIENTO URBANO;02;VÍAS PÚBLICAS;;;;;18;PRESUPUESTOS PARTICIPATIVOS;372000;64251,87;436251,87;0;0;436251,87;436251,87;43731,34;0;43731,34;
;;001;204;17102;61921;2024/000250;2024/000250;DIVERSAS ZONAS VERDES DEL DISTRITO DE SALAMANCA. ACTUACIONES DE REMODELACIÓN ZONAS AJARDINADAS;204;SALAMANCA;09;MEDIO AMBIENTE;01;ZONAS AJARDINADAS;;;;;;;0;19;19;19;0;0;0;0;0;0;
;;001;204;17102;61921;2024/000250;2024/010250;ZONA VERDE EN LA CALLE DIEGO DE LEÓN, 56, DISTRITO DE SALAMANCA. OBRAS DE REMODELACIÓN;204;SALAMANCA;09;MEDIO AMBIENTE;01;ZONAS AJARDINADAS;;;;;;;0;4581;4581;0;0;4581;4581;0;0;0;
;;001;204;17102;61921;2024/001076;2024/001076;JARDINES DE GREGORIO ORDÓÑEZ. OBRAS DE MEJORA Y ORDENACIÓN DEL ESPACIO;204;SALAMANCA;09;MEDIO AMBIENTE;01;ZONAS AJARDINADAS;;;17;FONDO REEQUILIBRIO TERRITORIAL;;;0;335;335;160,81;0;174,19;174,19;106,02;0;106,02;
;;001;204;17102;61921;2025/001285;2025/001285;JARDINES DE AURORA AUÑÓN. OBRAS DE MEJORA Y AMPLIACIÓN DE ZONA INFANTIL;204;SALAMANCA;09;MEDIO AMBIENTE;01;ZONAS AJARDINADAS;;;;;;;0;95943;95943;95013,51;0;929,49;929,49;0;0;0;
5;FONDO DE REEQUILIBRIO TERRITORIAL;001;204;17102;61921;2024/001076;2024/001076;JARDINES DE GREGORIO ORDÓÑEZ. OBRAS DE MEJORA Y ORDENACIÓN DEL ESPACIO;204;SALAMANCA;09;MEDIO AMBIENTE;01;ZONAS AJARDINADAS;;;17;FONDO REEQUILIBRIO TERRITORIAL;;;0;95000;95000;0;0;95000;95000;50769,45;0;50769,45;
;;001;204;23103;62599;2025/000232;2025/000232;CENTROS DE MAYORES DEL DISTRITO DE SALAMANCA. OTRO MOBILIARIO Y ENSERES;204;SALAMANCA;03;PROTECCIÓN Y PROMOCIÓN SOCIAL;01;CENTROS DE MAYORES;;;;;;;2000;-1160,1;839,9;839,9;0;0;0;0;0;0;
;;001;204;23103;62599;2025/000232;2025/010232;CENTRO DE MAYORES MAESTRO ALONSO. OTRO MOBILIARIO Y ENSERES;204;SALAMANCA;03;PROTECCIÓN Y PROMOCIÓN SOCIAL;01;CENTROS DE MAYORES;;;;;;;0;930,2;930,2;0;0;930,2;930,2;0;0;0;
;;001;204;23103;62599;2025/000232;2025/020232;CENTRO DE MAYORES LA GUINDALERA. OTRO MOBILIARIO Y ENSERES;204;SALAMANCA;03;PROTECCIÓN Y PROMOCIÓN SOCIAL;01;CENTROS DE MAYORES;;;;;;;0;229,9;229,9;0;0;229,9;229,9;0;0;0;
5;FONDO DE REEQUILIBRIO TERRITORIAL;001;204;23103;62599;2025/005018;2025/005018;PUNTO DE INTERCAMBIO DE LIBROS CENTROS DE MAYORES SALAMANCA. MOBILIARIO Y ENSERES (ID 24:20046);204;SALAMANCA;03;PROTECCIÓN Y PROMOCIÓN SOCIAL;01;CENTROS DE MAYORES;;;;;18;PRESUPUESTOS PARTICIPATIVOS;0;1200;1200;195,7;0;1004,3;1004,3;0;0;0;
;;001;204;23103;63599;2025/001088;2025/001088;EQUIPAMIENTO CENTRO DE MAYORES LA GUINDALERA;204;SALAMANCA;03;PROTECCIÓN Y PROMOCIÓN SOCIAL;01;CENTROS DE MAYORES;;;;;;;0;3050;3050;383,14;0;2666,86;2666,86;2666,86;0;2666,86;
;;001;204;23106;62301;2025/001071;2025/001071;CENTRO DE SERVICIOS SOCIALES GUINDALERA. OBRAS DE INSTALACIÓN DE ALARMA;204;SALAMANCA;03;PROTECCIÓN Y PROMOCIÓN SOCIAL;02;CENTROS DE SERVICIOS SOCIALES;;;;;;;0;8000;8000;3401,35;0;4598,65;4598,65;4420,41;0;4420,41;
;;001;204;23106;62500;2025/000235;2025/000235;CENTRO DE SERVICIOS SOCIALES GUINDALERA. MOBILIARIO Y EQUIPOS OFICINA;204;SALAMANCA;03;PROTECCIÓN Y PROMOCIÓN SOCIAL;02;CENTROS DE SERVICIOS SOCIALES;;;;;;;4000;-4000;0;0;0;0;0;0;0;0;
;;001;204;31101;62300;2025/001428;2025/001428;EQUIPAMIENTO SERVICIOS DE SALUBRIDAD DEL DISTRITO DE SALAMANCA;204;SALAMANCA;04;SALUD PÚBLICA;00;PROMOCIÓN DE LA SALUD Y AT. SANITARIA;;;;;;;0;1681,9;1681,9;0;0;1681,9;1681,9;0;0;0;
;;001;204;32301;63200;2024/009016;2024/009016;COLEGIOS PÚBLICOS DISTRITO DE SALAMANCA. ADECUACIÓN ESPACIOS Y MEJORA CONDICIONES DE USO Y SEGURIDAD;204;SALAMANCA;05;EDUCACIÓN;00;COLEGIOS;;;;;;;0;39,52;39,52;39,52;0;0;0;0;0;0;
;;001;204;32301;63200;2024/009016;2024/029016;COLEGIO PÚBLICO REINA VICTORIA. ESCALERA DE EMERGENCIA  Y MEJORA CONDICIONES DE USO Y SEGURIDAD;204;SALAMANCA;05;EDUCACIÓN;00;COLEGIOS;;;;;;;0;14210,48;14210,48;0;0;14210,48;14210,48;14210,48;0;14210,48;
;;001;204;32301;63200;2025/000238;2025/000238;OBRAS DE REPARACIÓN Y CONSERVACIÓN EN CENTROS EDUCATIVOS DEL DISTRITO DE SALAMANCA;204;SALAMANCA;05;EDUCACIÓN;00;COLEGIOS;;;;;;;2500;0;2500;2500;0;0;0;0;0;0;
4;SC Y CE FINANC. CON RTG;001;204;32301;63200;2025/008005;2025/008005;COLEGIO PÚBLICO AMADOR DE LOS RÍOS.REPARACIÓN SANEAMIENTO, ACABADOS, ILUMINACIÓN LED Y OTRAS MEJORAS;204;SALAMANCA;05;EDUCACIÓN;00;COLEGIOS;;;;;;;0;268290,82;268290,82;656,78;0;267634,04;267634,04;149883,81;0;149883,81;
4;SC Y CE FINANC. CON RTG;001;204;32301;63200;2025/008006;2025/008006;ESCUELA INFANTIL RUIZ JIMÉNEZ. OBRAS REPARACIÓN HUMEDADES, COCINA, LÍNEA DE VIDA Y OTRAS MEJORAS;204;SALAMANCA;05;EDUCACIÓN;01;ESCUELAS INFANTILES;;;;;;;0;60730,42;60730,42;473,49;0;60256,93;60256,93;2817,22;0;2817,22;
4;SC Y CE FINANC. CON RTG;001;204;32301;63200;2025/008008;2025/008008;COLEGIO PÚBLICO GUINDALERA.REPARACIÓN SANEAMIENTO,PÉRGOLAS, ADECUACIÓN LED Y OTRAS EDIFICIO INFANTIL;204;SALAMANCA;05;EDUCACIÓN;00;COLEGIOS;;;;;;;0;215978,76;215978,76;652,3;0;215326,46;215326,46;15611,37;0;15611,37;
;;001;204;33401;60999;2025/000252;2025/000252;PLACAS CONMEMORATIVAS EN DIVERSAS CALLES DEL DISTRITO DE SALAMANCA. INSTALACIÓN;204;SALAMANCA;10;CULTURA;05;PROMOCIÓN DE LA CULTURA;;;;;;;10000;-1219,27;8780,73;0;0;8780,73;8780,73;0;0;0;
;;001;204;33401;62301;2025/000264;2025/000264;TEATRO EN EL CENTRO CULTURAL BUENAVISTA. INSTALACIONES TÉCNICAS;204;SALAMANCA;10;CULTURA;03;CENTROS CULTURALES;;;;;;;226502;-572,01;225929,99;0;27382,71;198547,28;198547,28;0;0;0;
;;001;204;33401;62599;2025/000253;2025/000253;CENTROS CULTURALES DEL DISTRITO DE SALAMANCA.  MOBILIARIO Y ENSERES;204;SALAMANCA;10;CULTURA;03;CENTROS CULTURALES;;;;;;;41000;-6426,51;34573,49;34573,49;0;0;0;0;0;0;
;;001;204;33401;62599;2025/000253;2025/010253;CENTRO CULTURAL MAESTRO ALONSO. MOBILIARIO Y ENSERES;204;SALAMANCA;10;CULTURA;03;CENTROS CULTURALES;;;;;;;0;678,18;678,18;0;0;678,18;678,18;678,18;0;678,18;
;;001;204;33401;62599;2025/000253;2025/020253;CENTRO CULTURAL BUENAVISTA. MOBILIARIO Y ENSERES;204;SALAMANCA;10;CULTURA;03;CENTROS CULTURALES;;;;;;;0;5022,33;5022,33;0;0;5022,33;5022,33;0;0;0;
;;001;204;33401;62599;2025/000253;2025/030253;ESPACIO CULTURAL NÚÑEZ DE BALBOA, 40. MOBILIARIO Y ENSERES;204;SALAMANCA;10;CULTURA;03;CENTROS CULTURALES;;;;;;;0;580,8;580,8;0;0;580,8;580,8;0;0;0;
;;001;204;33401;62599;2025/000253;2025/040253;CENTRO CULTURAL QUINTA DEL BERRO - RAFAEL ALTAMIRA. MOBILIARIO Y ENSERES;204;SALAMANCA;10;CULTURA;03;CENTROS CULTURALES;;;;;;;0;145,2;145,2;0;0;145,2;145,2;0;0;0;
;;001;204;33401;62601;2024/000269;2024/000269;CENTROS CULTURALES DEL DISTRITO DE SALAMANCA. PANTALLAS INFORMATIVAS;204;SALAMANCA;10;CULTURA;03;CENTROS CULTURALES;;;;;;;84393;-83101,02;1291,98;1291,98;0;0;0;0;0;0;
;;001;204;33401;62601;2024/000269;2024/010269;CENTRO CULTURAL BUENAVISTA. ADQUISICIÓN DE MONITOR;204;SALAMANCA;10;CULTURA;03;CENTROS CULTURALES;;;;;;;0;10894,53;10894,53;0;1462,06;9432,47;9432,47;9432,46;0;9432,46;
;;001;204;33401;62601;2024/000269;2024/020269;CENTRO CULTURAL EMILIA PARDO BAZÁN. ADQUISICIÓN DE PANTALLAS LED;204;SALAMANCA;10;CULTURA;03;CENTROS CULTURALES;;;;;;;0;70468,59;70468,59;0;9441,19;61027,4;61027,4;60302,64;0;60302,64;
;;001;204;34201;61999;2025/001164;2025/001164;DEPORTIVO BÁSICO PARQUE BREOGÁN. OBRAS DE SUSTITUCIÓN CÉSPED DEL CAMPO DE FÚTBOL 7;204;SALAMANCA;11;DEPORTES, JUVENTUD  Y ESPARCIMIENTO;02;PISTAS DEPORTIVAS ELEMENTALES;;;;;;;0;190000;190000;4782,29;0;185217,71;185217,71;29768,15;0;29768,15;
;;001;204;34201;62300;2025/000257;2025/000257;EQUIPAMIENTO INSTALACIONES DEPORTIVAS DISTRITO DE SALAMANCA;204;SALAMANCA;11;DEPORTES, JUVENTUD  Y ESPARCIMIENTO;01;POLIDEPORTIVOS;;;;;;;2501;0;2501;2501;0;0;0;0;0;0;
;;001;204;34201;62300;2025/001070;2025/001070;CENTRO DEPORTIVO GIMNASIO MOSCARDÓ. SILENCIADORES PARA LA DESHUMECTADORA;204;SALAMANCA;11;DEPORTES, JUVENTUD  Y ESPARCIMIENTO;01;POLIDEPORTIVOS;;;;;;;0;15125;15125;629,2;0;14495,8;14495,8;14495,8;0;14495,8;
;;001;204;34201;62599;2025/000257;2025/000257;EQUIPAMIENTO INSTALACIONES DEPORTIVAS DISTRITO DE SALAMANCA;204;SALAMANCA;11;DEPORTES, JUVENTUD  Y ESPARCIMIENTO;01;POLIDEPORTIVOS;;;;;;;24890;-24844,83;45,17;45,17;0;0;0;0;0;0;
;;001;204;34201;62599;2025/000257;2025/010257;CENTRO DEPORTIVO GIMNASIO MOSCARDÓ. ADQUISICIÓN DE ELEVADOR ELÉCTRICO PARA PISCINA;204;SALAMANCA;11;DEPORTES, JUVENTUD  Y ESPARCIMIENTO;01;POLIDEPORTIVOS;;;;;;;0;7510,39;7510,39;0;0;7510,39;7510,39;7510,39;0;7510,39;
;;001;204;34201;62599;2025/000257;2025/020257;EQUIPAMIENTO CENTRO DEPORTIVO GIMNASIO MOSCARDÓ;204;SALAMANCA;11;DEPORTES, JUVENTUD  Y ESPARCIMIENTO;01;POLIDEPORTIVOS;;;;;;;0;3209,53;3209,53;0;0;3209,53;3209,53;0;0;0;
;;001;204;34201;62599;2025/000257;2025/030257;EQUIPAMIENTO DEPORTIVO BÁSICO TORRESPAÑA-FUENTE DEL BERRO;204;SALAMANCA;11;DEPORTES, JUVENTUD  Y ESPARCIMIENTO;02;PISTAS DEPORTIVAS ELEMENTALES;;;;;;;0;14224,91;14224,91;0;0;14224,91;14224,91;0;0;0;
;;001;204;34201;63200;2024/000266;2024/000266;OBRAS DE REFORMA EN CENTROS DEPORTIVOS DEL DISTRITO DE SALAMANCA;204;SALAMANCA;11;DEPORTES, JUVENTUD  Y ESPARCIMIENTO;01;POLIDEPORTIVOS;;;;;;;0;28,45;28,45;28,45;0;0;0;0;0;0;
;;001;204;34201;63200;2024/000266;2024/020266;CENTRO DEPORTIVO GIMNASIO MOSCARDÓ. OBRAS DE INSTALACIÓN DE CANASTAS EN PABELLÓN DE BALONCESTO;204;SALAMANCA;11;DEPORTES, JUVENTUD  Y ESPARCIMIENTO;01;POLIDEPORTIVOS;;;;;;;0;43571,55;43571,55;0;0;43571,55;43571,55;22391,87;0;22391,87;
;;001;204;34201;63200;2025/000256;2025/000256;OBRAS DE REFORMA Y CONSERVACIÓN EN INSTALACIONES DEPORTIVAS DEL DISTRITO DE SALAMANCA;204;SALAMANCA;11;DEPORTES, JUVENTUD  Y ESPARCIMIENTO;01;POLIDEPORTIVOS;;;;;;;51572;-51435,96;136,04;136,04;0;0;0;0;0;0;
;;001;204;34201;63200;2025/000256;2025/010256;CENTRO DEPORTIVO GIMNASIO MOSCARDÓ. OBRAS DE SUBSANACIÓN DE LA INSTALACIÓN ELÉCTRICA;204;SALAMANCA;11;DEPORTES, JUVENTUD  Y ESPARCIMIENTO;01;POLIDEPORTIVOS;;;;;;;0;3335,72;3335,72;0;0;3335,72;3335,72;2616,72;0;2616,72;
;;001;204;34201;63200;2025/000256;2025/020256;CENTRO DEPORTIVO FUENTE DEL BERRO. OBRAS DE IMPERMEABILIZACIÓN DE VESTUARIOS;204;SALAMANCA;11;DEPORTES, JUVENTUD  Y ESPARCIMIENTO;01;POLIDEPORTIVOS;;;;;;;0;114422,48;114422,48;0;0;114422,48;114422,48;20088,42;0;20088,42;
;;001;204;34201;63200;2025/000256;2025/030256;DEPORTIVO BÁSICO TORRESPAÑA-FUENTE DEL BERRO. OBRAS DE CONSERVACIÓN Y MEJORA;204;SALAMANCA;11;DEPORTES, JUVENTUD  Y ESPARCIMIENTO;02;PISTAS DEPORTIVAS ELEMENTALES;;;;;;;0;36175,54;36175,54;0;0;36175,54;36175,54;0;0;0;
;;001;204;34201;63300;2025/000257;2025/000257;EQUIPAMIENTO INSTALACIONES DEPORTIVAS DISTRITO DE SALAMANCA;204;SALAMANCA;11;DEPORTES, JUVENTUD  Y ESPARCIMIENTO;01;POLIDEPORTIVOS;;;;;;;18600;-7330,11;11269,89;11269,89;0;0;0;0;0;0;
;;001;204;34201;63300;2025/000257;2025/020257;EQUIPAMIENTO CENTRO DEPORTIVO GIMNASIO MOSCARDÓ;204;SALAMANCA;11;DEPORTES, JUVENTUD  Y ESPARCIMIENTO;01;POLIDEPORTIVOS;;;;;;;0;14050,11;14050,11;0;0;14050,11;14050,11;9631,6;0;9631,6;
;;001;204;34201;63599;2025/001119;2025/001119;CENTRO DEPORTIVO FUENTE DEL BERRO. ELEVADOR ELÉCTRICO PARA PISCINA;204;SALAMANCA;11;DEPORTES, JUVENTUD  Y ESPARCIMIENTO;01;POLIDEPORTIVOS;;;;;;;0;8131,2;8131,2;620,81;0;7510,39;7510,39;7510,39;0;7510,39;
;;001;204;92001;62500;2025/000260;2025/000260;EQUIPAMIENTO SERVICIOS ADMINISTRATIVOS JUNTA MUNICIPAL DEL DISTRITO DE SALAMANCA;204;SALAMANCA;00;INVERSIONES DE CARÁCTER GENERAL;02;SERVICIOS ADMINISTRATIVOS  TERRITORIALES;;;;;;;3000;2150;5150;5150;0;0;0;0;0;0;
;;001;204;92001;63500;2025/000260;2025/000260;EQUIPAMIENTO SERVICIOS ADMINISTRATIVOS JUNTA MUNICIPAL DEL DISTRITO DE SALAMANCA;204;SALAMANCA;00;INVERSIONES DE CARÁCTER GENERAL;02;SERVICIOS ADMINISTRATIVOS  TERRITORIALES;;;;;;;0;12850;12850;12850;0;0;0;0;0;0;
;;001;204;93302;63200;2024/000278;2024/000278;OBRAS DE REFORMA Y CONSERVACIÓN EN EDIFICIOS DEL DISTRITO DE SALAMANCA;204;SALAMANCA;00;INVERSIONES DE CARÁCTER GENERAL;03;EDIFICIOS PARA EL USO GENERAL;;;;;;;0;20;20;20;0;0;0;0;0;0;
;;001;204;93302;63200;2024/001490;2024/001490;EDIFICIO SEDE DISTRITO SALAMANCA. ADECUACIÓN INSTALACIÓN CONTRA INCENDIOS Y REPARACIÓN HUMEDADES;204;SALAMANCA;00;INVERSIONES DE CARÁCTER GENERAL;02;SERVICIOS ADMINISTRATIVOS  TERRITORIALES;;;;;;;0;18693,49;18693,49;2302,47;0;16391,02;16391,02;3978,36;0;3978,36;
;;001;204;93302;63200;2025/000265;2025/000265;OBRAS DE CONSERVACIÓN Y REFORMA EN EDIFICIOS DEL DISTRITO DE SALAMANCA;204;SALAMANCA;00;INVERSIONES DE CARÁCTER GENERAL;03;EDIFICIOS PARA EL USO GENERAL;;;;;;;63275;-63140,28;134,72;134,72;0;0;0;0;0;0;
;;001;204;93302;63200;2025/000265;2025/010265;CENTRO CULTURAL BUENAVISTA. OBRAS SUSTITUCIÓN DE PUERTA Y REFORMA DE CLIMATIZACIÓN;204;SALAMANCA;10;CULTURA;03;CENTROS CULTURALES;;;;;;;0;11856,42;11856,42;0;0;11856,42;11856,42;157,99;0;157,99;
;;001;204;93302;63200;2025/000265;2025/020265;RESIDENCIA DE MAYORES CON ALZHEIMER MARGARITA RETUERTO. ADECUACIÓN INSTALACIÓN ELÉCTRICA Y OTRAS;204;SALAMANCA;03;PROTECCIÓN Y PROMOCIÓN SOCIAL;00;CENTROS DE DÍA Y RESIDENCIAS DE MAYORES;;;;;;;0;44690,37;44690,37;0;0;44690,37;44690,37;0;0;0;
;;001;205;15322;61910;2024/009030;2024/009030;CALLE ROSA JARDÓN. PAVIMENTACIÓN ENTORNO ESCOLAR Y ADAPTACIÓN A NORMATIVA DE ACCESIBILIDAD;205;CHAMARTIN;08;MANTENIMIENTO URBANO;02;VÍAS PÚBLICAS;;;;;;;20000;0;20000;768,39;0;19231,61;19231,61;6583,76;0;6583,76;
4;SC Y CE FINANC. CON RTG;001;205;15322;61910;2021/001054;2021/001054;ACERAS Y CALZADAS DISTRITO DE CHAMARTÍN. ADECUACIÓN;205;CHAMARTIN;08;MANTENIMIENTO URBANO;02;VÍAS PÚBLICAS;;;;;;;0;83237,38;83237,38;83237,38;0;0;0;0;0;0;
5;FONDO DE REEQUILIBRIO TERRITORIAL;001;205;15322;61910;2025/001145;2025/001145;DIVERSAS CALLES DEL DISTRITO DE CHAMARTÍN. OBRAS DE PAVIMENTACIÓN Y ACCESIBILIDAD;205;CHAMARTIN;08;MANTENIMIENTO URBANO;02;VÍAS PÚBLICAS;;;17;FONDO REEQUILIBRIO TERRITORIAL;;;0;100000;100000;443,2;0;99556,8;99556,8;0;0;0;
;;001;205;17102;60999;2025/001311;2025/001311;PARQUE DE BERLÍN. OBRAS INSTALACIÓN ESTRUCTURA DE SOMBRA FRENTE AL AUDITORIO;205;CHAMARTIN;09;MEDIO AMBIENTE;00;PARQUES;;;;;;;0;61954;61954;937,85;0;61016,15;61016,15;0;0;0;
;;001;205;17102;60999;2025/001312;2025/001312;PARQUE ALFONSO XIII. OBRAS INSTALACIÓN ESTRUCTURA DE SOMBRA EN ÁREA INFANTIL;205;CHAMARTIN;09;MEDIO AMBIENTE;00;PARQUES;;;;;;;0;43053;43053;396,29;0;42656,71;42656,71;0;0;0;
;;001;205;17102;61921;2024/000165;2024/000165;DIVERSAS ZONAS VERDES DEL DISTRITO DE CHAMARTIN. OBRAS DE REMODELACION Y ACONDICIONAMIENTO;205;CHAMARTIN;09;MEDIO AMBIENTE;01;ZONAS AJARDINADAS;;;;;;;0;522;522;522;0;0;0;0;0;0;
;;001;205;23102;63599;2025/001468;2025/001468;EQUIPAMIENTO CENTRO DE DÍA INFANTIL DEL DISTRITO DE CHAMARTÍN;205;CHAMARTIN;03;PROTECCIÓN Y PROMOCIÓN SOCIAL;03;INFANCIA Y FAMILIA;;;;;;;0;14847;14847;14847;0;0;0;0;0;0;
;;001;205;23103;62300;2025/001347;2025/001347;EQUIPAMIENTO CENTRO DE MAYORES NICOLÁS SALMERÓN;205;CHAMARTIN;03;PROTECCIÓN Y PROMOCIÓN SOCIAL;01;CENTROS DE MAYORES;;;;;;;0;1318,9;1318,9;106,66;0;1212,24;1212,24;0;0;0;
;;001;205;23103;62300;2025/001348;2025/001348;EQUIPAMIENTO CENTRO DE MAYORES PROSPERIDAD SANTA HORTENSIA;205;CHAMARTIN;03;PROTECCIÓN Y PROMOCIÓN SOCIAL;01;CENTROS DE MAYORES;;;;;;;0;701,8;701,8;70,36;0;631,44;631,44;0;0;0;
;;001;205;23103;62599;2025/001236;2025/001236;EQUIPAMIENTO SALA MULTISENSORIAL CENTRO DE MAYORES NICOLÁS SALMERÓN;205;CHAMARTIN;03;PROTECCIÓN Y PROMOCIÓN SOCIAL;01;CENTROS DE MAYORES;;;;;;;0;15044;15044;752,38;0;14291,62;14291,62;14291,62;0;0;
;;001;205;23103;62599;2025/001347;2025/001347;EQUIPAMIENTO CENTRO DE MAYORES NICOLÁS SALMERÓN;205;CHAMARTIN;03;PROTECCIÓN Y PROMOCIÓN SOCIAL;01;CENTROS DE MAYORES;;;;;;;0;13847,24;13847,24;1656,43;0;12190,81;12190,81;0;0;0;
;;001;205;23103;62599;2025/001348;2025/001348;EQUIPAMIENTO CENTRO DE MAYORES PROSPERIDAD SANTA HORTENSIA;205;CHAMARTIN;03;PROTECCIÓN Y PROMOCIÓN SOCIAL;01;CENTROS DE MAYORES;;;;;;;0;1281,39;1281,39;100,13;0;1181,26;1181,26;0;0;0;
;;001;205;23103;62601;2025/001236;2025/001236;EQUIPAMIENTO SALA MULTISENSORIAL CENTRO DE MAYORES NICOLÁS SALMERÓN;205;CHAMARTIN;03;PROTECCIÓN Y PROMOCIÓN SOCIAL;01;CENTROS DE MAYORES;;;;;;;0;3106;3106;155,28;0;2950,72;2950,72;2950,72;0;0;
;;001;205;23103;62901;2025/001335;2025/001335;CENTRO DE MAYORES NICOLÁS SALMERÓN. SEÑALÉTICA;205;CHAMARTIN;03;PROTECCIÓN Y PROMOCIÓN SOCIAL;01;CENTROS DE MAYORES;;;;;;;0;2687,1;2687,1;0,2;0;2686,9;2686,9;0;0;0;
;;001;205;23103;62901;2025/001336;2025/001336;CENTRO DE MAYORES PROSPERIDAD SANTA HORTENSIA. SEÑALÉTICA;205;CHAMARTIN;03;PROTECCIÓN Y PROMOCIÓN SOCIAL;01;CENTROS DE MAYORES;;;;;;;0;925,9;925,9;6,3;0;919,6;919,6;0;0;0;
;;001;205;23103;63599;2025/001130;2025/001130;CENTRO DE MAYORES CASTILLA. ESTORES;205;CHAMARTIN;03;PROTECCIÓN Y PROMOCIÓN SOCIAL;01;CENTROS DE MAYORES;;;;;;;0;11532,05;11532,05;6726,72;0;4805,33;4805,33;0;0;0;
;;001;205;23103;63599;2025/001338;2025/001338;CENTRO DE MAYORES PROSPERIDAD SANTA HORTENSIA. ESTORES;205;CHAMARTIN;03;PROTECCIÓN Y PROMOCIÓN SOCIAL;01;CENTROS DE MAYORES;;;;;;;0;457,95;457,95;156,32;0;301,63;301,63;0;0;0;
;;001;205;23103;63599;2025/001347;2025/001347;EQUIPAMIENTO CENTRO DE MAYORES NICOLÁS SALMERÓN;205;CHAMARTIN;03;PROTECCIÓN Y PROMOCIÓN SOCIAL;01;CENTROS DE MAYORES;;;;;;;0;499,73;499,73;83,79;0;415,94;415,94;0;0;0;
;;001;205;23103;63599;2025/001348;2025/001348;EQUIPAMIENTO CENTRO DE MAYORES PROSPERIDAD SANTA HORTENSIA;205;CHAMARTIN;03;PROTECCIÓN Y PROMOCIÓN SOCIAL;01;CENTROS DE MAYORES;;;;;;;0;499,73;499,73;83,79;0;415,94;415,94;0;0;0;
;;001;205;23103;63901;2025/001335;2025/001335;CENTRO DE MAYORES NICOLÁS SALMERÓN. SEÑALÉTICA;205;CHAMARTIN;03;PROTECCIÓN Y PROMOCIÓN SOCIAL;01;CENTROS DE MAYORES;;;;;;;0;1415,7;1415,7;0;0;1415,7;1415,7;0;0;0;
;;001;205;23103;63901;2025/001336;2025/001336;CENTRO DE MAYORES PROSPERIDAD SANTA HORTENSIA. SEÑALÉTICA;205;CHAMARTIN;03;PROTECCIÓN Y PROMOCIÓN SOCIAL;01;CENTROS DE MAYORES;;;;;;;0;7484,3;7484,3;6,5;0;7477,8;7477,8;0;0;0;
;;001;205;31101;62300;2025/000198;2025/000198;SERVICIOS DE SALUBRIDAD DISTRITO DE CHAMARTÍN. EQUIPOS DE CONTROL Y ANÁLISIS;205;CHAMARTIN;04;SALUD PÚBLICA;00;PROMOCIÓN DE LA SALUD Y AT. SANITARIA;;;;;;;900;-900;0;0;0;0;0;0;0;0;
;;001;205;32301;62301;2025/001361;2025/001361;ESCUELA INFANTIL EL SOL. INSTALACIÓN EQUIPOS DE CLIMATIZACIÓN;205;CHAMARTIN;05;EDUCACIÓN;01;ESCUELAS INFANTILES;;;;;;;0;3000;3000;3000;0;0;0;0;0;0;
;;001;205;32301;62599;2025/001352;2025/001352;ESCUELA INFATIL LUIS BELLO. OTRO MOBILIARIO Y ENSERES;205;CHAMARTIN;05;EDUCACIÓN;01;ESCUELAS INFANTILES;;;;;;;0;2100;2100;14;0;2086;2086;0;0;0;
;;001;205;32301;63200;2024/009031;2024/009031;CENTROS DOCENTES DISTRITO DE CHAMARTÍN. OBRAS DE ACONDICIONAMIENTO Y ADAPTACIÓN A NORMATIVA;205;CHAMARTIN;05;EDUCACIÓN;00;COLEGIOS;;;;;;;0;5357;5357;5357;0;0;0;0;0;0;
;;001;205;32301;63200;2025/001349;2025/001349;COLEGIO PÚBLICO LUIS BELLO. OBRAS SUSTITUCIÓN PUERTA ACCESO, CONSERVACIÓN EN PATIO Y OTRAS MEJORAS;205;CHAMARTIN;05;EDUCACIÓN;00;COLEGIOS;;;;;;;0;28500;28500;158,56;0;28341,44;28341,44;5619,92;0;0;
4;SC Y CE FINANC. CON RTG;001;205;32301;63200;2025/008058;2025/008058;CENTROS DOCENTES ENSEÑANZA DISTRITO CHAMARTÍN. OBRAS DE CONSERVACIÓN Y MEJORA;205;CHAMARTIN;05;EDUCACIÓN;00;COLEGIOS;;;;;;;0;55349,15;55349,15;55349,15;0;0;0;0;0;0;
4;SC Y CE FINANC. CON RTG;001;205;32301;63200;2025/008058;2025/028058;COLEGIO PÚBLICO SAN JUAN DE LA CRUZ. RENOVACIÓN INSTALACIONES COCINA, TOLDOS Y OTRAS DE CONSERVACIÓN;205;CHAMARTIN;05;EDUCACIÓN;00;COLEGIOS;;;;;;;0;34650,85;34650,85;0;0;34650,85;34650,85;28196,49;0;28196,49;
4;SC Y CE FINANC. CON RTG;001;205;32301;63200;2025/008077;2025/008077;COLEGIO PÚBLICO ARQUITECTO GAUDÍ. RENOVACIÓN PAVIMENTOS, ACCESO, MEJORAS PABELLÓN, COCINA Y OTRAS;205;CHAMARTIN;05;EDUCACIÓN;00;COLEGIOS;;;;;;;0;150000;150000;676,56;0;149323,44;149323,44;106227,63;0;97878,73;
4;SC Y CE FINANC. CON RTG;001;205;32301;63200;2025/008078;2025/008078;COLEGIO PÚBLICO ISAAC ALBÉNIZ. RENOVACIÓN INSTALACIONES, MEJORAS ACCESIBILIDAD Y OTRAS;205;CHAMARTIN;05;EDUCACIÓN;00;COLEGIOS;;;;;;;0;150000;150000;529,5;0;149470,5;149470,5;0;0;0;
4;SC Y CE FINANC. CON RTG;001;205;32301;63200;2025/008079;2025/008079;COLEGIO PÚBLICO PATRIARCA OBISPO EIJO Y GARAY. INSTALACIÓN ASCENSOR, PAVIMENTOS Y OTRAS MEJORAS;205;CHAMARTIN;05;EDUCACIÓN;00;COLEGIOS;;;;;;;0;200000;200000;2213,09;0;197786,91;197786,91;0;0;0;
4;SC Y CE FINANC. CON RTG;001;205;32301;63200;2025/008080;2025/008080;COLEGIO PÚBLICO PADRE POVEDA. OBRAS CUBRICIÓN DE PATIOS, TOLDOS Y OTRAS DE CONSERVACIÓN;205;CHAMARTIN;05;EDUCACIÓN;00;COLEGIOS;;;;;;;0;150000;150000;1991,88;0;148008,12;148008,12;88589,79;0;88589,79;
4;SC Y CE FINANC. CON RTG;001;205;32301;63200;2025/008081;2025/008081;COLEGIO PÚBLICO PINTOR ROSALES. OBRAS ADECUACIÓN PATIO, CLIMATIZACIÓN Y OTRAS MEJORAS;205;CHAMARTIN;05;EDUCACIÓN;00;COLEGIOS;;;;;;;0;200000;200000;649,35;0;199350,65;199350,65;150155,96;0;150155,96;
;;001;205;32301;63301;2025/001361;2025/001361;ESCUELA INFANTIL EL SOL. INSTALACIÓN EQUIPOS DE CLIMATIZACIÓN;205;CHAMARTIN;05;EDUCACIÓN;01;ESCUELAS INFANTILES;;;;;;;0;1500;1500;1500;0;0;0;0;0;0;
;;001;205;33401;60999;2025/000199;2025/000199;PLACAS CONMEMORATIVAS EN EL DISTRITO DE CHAMARTÍN. INSTALACIÓN;205;CHAMARTIN;10;CULTURA;05;PROMOCIÓN DE LA CULTURA;;;;;;;600;-600;0;0;0;0;0;0;0;0;
2;INCORPORACIONES REMANENTES VOLUNTARIAS;001;205;33401;60999;2024/000174;2024/000174;PLACAS CONMEMORATIVAS EN EL DISTRITO DE CHAMARTIN. INSTALACIÓN;205;CHAMARTIN;10;CULTURA;05;PROMOCIÓN DE LA CULTURA;;;;;;;0;713,9;713,9;0;0;713,9;713,9;713,9;0;713,9;
;;001;205;33401;62302;2025/001359;2025/001359;EQUIPAMIENTO ESTUDIO DE GRABACIÓN EN LA SEDE DEL DISTRITO DE CHAMARTÍN;205;CHAMARTIN;10;CULTURA;05;PROMOCIÓN DE LA CULTURA;;;;;;;0;1000;1000;197,77;0;802,23;802,23;0;0;0;
;;001;205;33401;62599;2025/001035;2025/001035;EQUIPAMIENTO CENTRO CULTURAL ANTONIO LÓPEZ;205;CHAMARTIN;10;CULTURA;03;CENTROS CULTURALES;;;;;;;0;81226,52;81226,52;673,4;0;80553,12;46821,81;0;0;0;
;;001;205;33401;62599;2025/001359;2025/001359;EQUIPAMIENTO ESTUDIO DE GRABACIÓN EN LA SEDE DEL DISTRITO DE CHAMARTÍN;205;CHAMARTIN;10;CULTURA;05;PROMOCIÓN DE LA CULTURA;;;;;;;0;1760;1760;0;0;1760;1760;0;0;0;
;;001;205;33401;62600;2025/001359;2025/001359;EQUIPAMIENTO ESTUDIO DE GRABACIÓN EN LA SEDE DEL DISTRITO DE CHAMARTÍN;205;CHAMARTIN;10;CULTURA;05;PROMOCIÓN DE LA CULTURA;;;;;;;0;2490;2490;224,82;0;2265,18;2265,18;0;0;0;
;;001;205;33401;62601;2025/001359;2025/001359;EQUIPAMIENTO ESTUDIO DE GRABACIÓN EN LA SEDE DEL DISTRITO DE CHAMARTÍN;205;CHAMARTIN;10;CULTURA;05;PROMOCIÓN DE LA CULTURA;;;;;;;0;1500;1500;68,27;0;1431,73;1431,73;0;0;0;
;;001;205;33401;62901;2025/001224;2025/001224;CENTRO CULTURAL ANTONIO LÓPEZ. SEÑALÉTICA;205;CHAMARTIN;10;CULTURA;03;CENTROS CULTURALES;;;;;;;0;18150;18150;6043,95;0;12106,05;12106,05;12106,05;0;12106,05;
;;001;205;34201;63200;2025/000200;2025/000200;OBRAS DE CONSERVACION REFORMA Y ACONDICIONAMIENTO INSTALACIONES DEPORTIVAS DISTRITO DE CHAMARTÍN;205;CHAMARTIN;11;DEPORTES, JUVENTUD  Y ESPARCIMIENTO;02;PISTAS DEPORTIVAS ELEMENTALES;;;;;;;80000;0;80000;80000;0;0;0;0;0;0;
5;FONDO DE REEQUILIBRIO TERRITORIAL;001;205;34201;63200;2025/001144;2025/001144;DEPORTIVO BÁSICO PADRE CLARET. OBRAS DE ADECUACIÓN DE PISTA DE MINIBASKET;205;CHAMARTIN;11;DEPORTES, JUVENTUD  Y ESPARCIMIENTO;02;PISTAS DEPORTIVAS ELEMENTALES;;;17;FONDO REEQUILIBRIO TERRITORIAL;;;0;100000;100000;17294,55;0;82705,45;82705,45;0;0;0;
;;001;205;92001;62302;2025/000201;2025/000201;SERVICIOS ADMINISTRATIVOS CHAMARTIN. LUMINARIA, MOSTRADORES, MOBILIARIO Y OTRO EQUIPAMIENTO;205;CHAMARTIN;00;INVERSIONES DE CARÁCTER GENERAL;02;SERVICIOS ADMINISTRATIVOS  TERRITORIALES;;;;;;;0;1421;1421;14,39;0;1406,61;1406,61;0;0;0;
;;001;205;92001;62599;2025/000201;2025/000201;SERVICIOS ADMINISTRATIVOS CHAMARTIN. LUMINARIA, MOSTRADORES, MOBILIARIO Y OTRO EQUIPAMIENTO;205;CHAMARTIN;00;INVERSIONES DE CARÁCTER GENERAL;02;SERVICIOS ADMINISTRATIVOS  TERRITORIALES;;;;;;;25000;29965,45;54965,45;79,35;0;54886,1;39076,58;309,72;0;309,72;
;;001;205;93302;63200;2024/000176;2024/000176;JUNTA MUNICIPAL DEL DISTRITO DE CHAMARTÍN. OBRAS DE REHABILITACIÓN;205;CHAMARTIN;00;INVERSIONES DE CARÁCTER GENERAL;02;SERVICIOS ADMINISTRATIVOS  TERRITORIALES;;;;;;;200000;336293;536293;461,44;0;535831,56;535831,56;157195,5;0;157195,5;
2;INCORPORACIONES REMANENTES VOLUNTARIAS;001;205;93302;63200;2022/000589;2022/000589;OBRAS ACONDICIONAMIENTO Y REFORMA EDIFICIOS DEL DISTRITO DE CHAMARTÍN;205;CHAMARTIN;00;INVERSIONES DE CARÁCTER GENERAL;03;EDIFICIOS PARA EL USO GENERAL;;;;;;;0;8248,9;8248,9;8248,9;0;0;0;0;0;0;
5;FONDO DE REEQUILIBRIO TERRITORIAL;001;206;15322;61910;2024/000212;2024/000212;BARRIO ALMENARA, DISTRITO DE TETUÁN. OBRAS DE MEJORA ACCESIBILIDAD;206;TETUAN;08;MANTENIMIENTO URBANO;02;VÍAS PÚBLICAS;;;17;FONDO REEQUILIBRIO TERRITORIAL;;;165000;-165000;0;0;0;0;0;0;0;0;
5;FONDO DE REEQUILIBRIO TERRITORIAL;001;206;15322;61999;2025/000082;2025/000082;ENTORNO ESCALERA C/ ADRIÁN PULIDO, BARRIO BELLAS VISTAS. REGENERACIÓN;206;TETUAN;08;MANTENIMIENTO URBANO;02;VÍAS PÚBLICAS;;;17;FONDO REEQUILIBRIO TERRITORIAL;;;18000;-18000;0;0;0;0;0;0;0;0;
5;FONDO DE REEQUILIBRIO TERRITORIAL;001;206;15322;61999;2025/001451;2025/001451;C/GOIRI C/V FRANCOS RODRÍGUEZ, Bº BELLAS VISTAS. OBRAS SUSTITUCIÓN ESCALERAS POR RAMPAS PEATONALES;206;TETUAN;08;MANTENIMIENTO URBANO;02;VÍAS PÚBLICAS;;;17;FONDO REEQUILIBRIO TERRITORIAL;;;0;18000;18000;17703,33;0;296,67;296,67;0;0;0;
;;001;206;17102;61921;2024/000185;2024/000185;ZONAS AJARDINADAS DEL DISTRITO DE TETUAN. OBRAS DE REMODELACIÓN O REFORMA;206;TETUAN;09;MEDIO AMBIENTE;01;ZONAS AJARDINADAS;;;;;;;1000;0;1000;1000;0;0;0;0;0;0;
;;001;206;17102;61921;2024/000211;2024/000211;PLAZA DEL POETA LEOPOLDO DE LUIS, BARRIO BELLAS VISTAS TETUÁN. REMODELACIÓN;206;TETUAN;09;MEDIO AMBIENTE;01;ZONAS AJARDINADAS;;;17;FONDO REEQUILIBRIO TERRITORIAL;;;0;142000;142000;20302,67;0;121697,33;121697,33;0;0;0;
5;FONDO DE REEQUILIBRIO TERRITORIAL;001;206;17102;61921;2024/000211;2024/000211;PLAZA DEL POETA LEOPOLDO DE LUIS, BARRIO BELLAS VISTAS TETUÁN. REMODELACIÓN;206;TETUAN;09;MEDIO AMBIENTE;01;ZONAS AJARDINADAS;;;17;FONDO REEQUILIBRIO TERRITORIAL;;;192000;0;192000;3184,58;0;188815,42;188815,42;50204,82;0;50204,82;
5;FONDO DE REEQUILIBRIO TERRITORIAL;001;206;17102;61921;2025/001418;2025/001418;ZONA VERDE C/ MANUEL MARCHAMALO, 1, BARRIO VENTILLA-ALMENARA. REFORMA Y MEJORA ACCESIBILIDAD;206;TETUAN;09;MEDIO AMBIENTE;01;ZONAS AJARDINADAS;;;17;FONDO REEQUILIBRIO TERRITORIAL;;;0;165000;165000;10145,63;0;154854,37;154854,37;0;0;0;
;;001;206;23103;62599;2025/001061;2025/001061;EQUIPAMIENTO CENTRO DE MAYORES LEÑEROS;206;TETUAN;03;PROTECCIÓN Y PROMOCIÓN SOCIAL;01;CENTROS DE MAYORES;;;;;;;0;1015;1015;0;0;1015;1015;1014,98;0;1014,98;
;;001;206;23103;62599;2025/001062;2025/001062;EQUIPAMIENTO CENTRO DE MAYORES PAMPLONA;206;TETUAN;03;PROTECCIÓN Y PROMOCIÓN SOCIAL;01;CENTROS DE MAYORES;;;;;;;0;300;300;0;0;300;300;299,98;0;299,98;
;;001;206;23103;62599;2025/001063;2025/001063;EQUIPAMIENTO CENTRO DE MAYORES LA REMONTA;206;TETUAN;03;PROTECCIÓN Y PROMOCIÓN SOCIAL;01;CENTROS DE MAYORES;;;;;;;0;4267,5;4267,5;207,45;0;4060,05;4060,05;4060,04;0;4060,04;
;;001;206;23106;62599;2025/001117;2025/001117;CENTRO DE SERVICIOS SOCIALES VICENTE FERRER. ADQUISICIÓN E INSTALACIÓN DE ESTORES;206;TETUAN;03;PROTECCIÓN Y PROMOCIÓN SOCIAL;02;CENTROS DE SERVICIOS SOCIALES;;;;;;;0;7562,5;7562,5;1032,86;0;6529,64;6529,64;6529,64;0;6529,64;
;;001;206;31101;62302;2025/001421;2025/001421;SERVICIOS DE SALUBRIDAD DEL DISTRITO DE TETUÁN. ÚTILES Y HERRAMIENTAS;206;TETUAN;04;SALUD PÚBLICA;00;PROMOCIÓN DE LA SALUD Y AT. SANITARIA;;;;;;;0;745;745;745;0;0;0;0;0;0;
;;001;206;32301;62599;2025/001037;2025/001037;ESCUELA INFANTIL MARÍA MOLINER, PASEO DE LA DIRECCIÓN. ADQUISICIÓN DE ESTORES;206;TETUAN;05;EDUCACIÓN;01;ESCUELAS INFANTILES;;;;;;;0;925;925;0,44;0;924,56;924,56;924,56;0;924,56;
;;001;206;32301;62999;2025/001038;2025/001038;ESCUELA INFANTIL MARÍA MOLINER, Pº DE LA DIRECCIÓN. PLACAS DE INAUGURACIÓN E IDENTIFICATIVA;206;TETUAN;05;EDUCACIÓN;01;ESCUELAS INFANTILES;;;;;;;0;1074,29;1074,29;0,73;0;1073,56;1073,56;1073,56;0;1073,56;
;;001;206;32301;63200;2025/000141;2025/000141;OBRAS DE REFORMA, MANTENIMIENTO Y CONSERVACIÓN CENTROS DOCENTES DE ENSEÑANZA DEL DISTRITO DE TETUÁN;206;TETUAN;05;EDUCACIÓN;00;COLEGIOS;;;;;;;176000;-176000;0;0;0;0;0;0;0;0;
;;001;206;32301;63200;2025/001306;2025/001306;COLEGIO PÚBLICO IGNACIO ZULOAGA. ADECUACIÓN INSTALACIONES CALEFACCIÓN Y AGUA Y RETIRADA AMIANTO;206;TETUAN;05;EDUCACIÓN;00;COLEGIOS;;;;;;;0;83506,27;83506,27;200;0;83306,27;83306,27;0;0;0;
;;001;206;32301;63200;2025/008021;2025/008021;COLEGIO PÚBLICO ORTEGA Y GASSET. OBRAS DE ACONDICIONAMIENTO CUBIERTAS Y ACABADOS;206;TETUAN;05;EDUCACIÓN;00;COLEGIOS;;;;;;;0;40065,41;40065,41;527,33;0;39538,08;39538,08;0;0;0;
;;001;206;32301;63200;2025/008027;2025/008027;COLEGIOS PÚBLICOS DEL DISTRITO DE TETUÁN. OBRAS DE REPARACIÓN Y ADECUACIÓN DE INSTALACIONES;206;TETUAN;05;EDUCACIÓN;00;COLEGIOS;;;;;;;0;83,33;83,33;83,33;0;0;0;0;0;0;
;;001;206;32301;63200;2025/008027;2025/048027;COLEGIO PÚBLICO PÍO XII. OBRAS DE ADECUACIÓN INSTALACIONES, FACHADAS Y ACABADOS INTERIORES;206;TETUAN;05;EDUCACIÓN;00;COLEGIOS;;;;;;;0;42305,68;42305,68;0;0;42305,68;42305,68;5541,78;0;5541,78;
;;001;206;32301;63200;2025/008028;2025/008028;ESCUELAS INFANTILES DEL DISTRITO DE TETUÁN. OBRAS DE REPARACIÓN Y ADECUACIÓN DE INSTALACIONES;206;TETUAN;05;EDUCACIÓN;01;ESCUELAS INFANTILES;;;;;;;0;1878,32;1878,32;1878,32;0;0;0;0;0;0;
4;SC Y CE FINANC. CON RTG;001;206;32301;63200;2025/008019;2025/008019;ESCUELA INFANTIL LA BRISA. OBRAS DE ADECUACIÓN INSTALACIONES DE SEGURIDAD;206;TETUAN;05;EDUCACIÓN;01;ESCUELAS INFANTILES;;;;;;;0;195900;195900;10091,19;0;185808,81;185808,81;121722,84;0;121722,84;
4;SC Y CE FINANC. CON RTG;001;206;32301;63200;2025/008021;2025/008021;COLEGIO PÚBLICO ORTEGA Y GASSET. OBRAS DE ACONDICIONAMIENTO CUBIERTAS Y ACABADOS;206;TETUAN;05;EDUCACIÓN;00;COLEGIOS;;;;;;;0;187200;187200;717,09;0;186482,91;186482,91;108687,75;0;108687,75;
4;SC Y CE FINANC. CON RTG;001;206;32301;63200;2025/008024;2025/008024;COLEGIO PÚBLICO JUAN RAMÓN JIMÉNEZ. ACONDICIONAMIENTO INTERIOR, EXTERIOR Y ADECUACIÓN INSTALACIONES;206;TETUAN;05;EDUCACIÓN;00;COLEGIOS;;;;;;;0;113700;113700;4115,67;0;109584,33;109584,33;96397,11;0;96397,11;
4;SC Y CE FINANC. CON RTG;001;206;32301;63200;2025/008027;2025/018027;COLEGIO PÚBLICO FEDERICO RUBIO. OBRAS DE REPARACIÓN  DE LA INSTALACIÓN ELÉCTRICA Y OTRAS MEJORAS;206;TETUAN;05;EDUCACIÓN;00;COLEGIOS;;;;;;;0;36051,26;36051,26;0;0;36051,26;36051,26;36051,25;0;36051,25;
4;SC Y CE FINANC. CON RTG;001;206;32301;63200;2025/008027;2025/038027;COLEGIO PÚBLICO JAIME VERA. OBRAS DE REPARACIÓN Y MEJORA DE LAS  INSTALACIONES DE SEGURIDAD;206;TETUAN;05;EDUCACIÓN;00;COLEGIOS;;;;;;;0;33841,41;33841,41;0;0;33841,41;33841,41;22161,1;0;22161,1;
4;SC Y CE FINANC. CON RTG;001;206;32301;63200;2025/008027;2025/048027;COLEGIO PÚBLICO PÍO XII. OBRAS DE ADECUACIÓN INSTALACIONES, FACHADAS Y ACABADOS INTERIORES;206;TETUAN;05;EDUCACIÓN;00;COLEGIOS;;;;;;;0;56207,33;56207,33;0;0;56207,33;56207,33;54712,2;0;54712,2;
4;SC Y CE FINANC. CON RTG;001;206;32301;63200;2025/008028;2025/008028;ESCUELAS INFANTILES DEL DISTRITO DE TETUÁN. OBRAS DE REPARACIÓN Y ADECUACIÓN DE INSTALACIONES;206;TETUAN;05;EDUCACIÓN;01;ESCUELAS INFANTILES;;;;;;;0;7421,68;7421,68;7421,68;0;0;0;0;0;0;
4;SC Y CE FINANC. CON RTG;001;206;32301;63200;2025/008028;2025/018028;ESCUELA INFANTIL AGUA DULCE. ADECUACIÓN INSTALACIÓN TÉRMICA Y OTRAS OBRAS DE SEGURIDAD;206;TETUAN;05;EDUCACIÓN;01;ESCUELAS INFANTILES;;;;;;;0;20388,84;20388,84;0;0;20388,84;20388,84;11056,76;0;11056,76;
4;SC Y CE FINANC. CON RTG;001;206;32301;63200;2025/008028;2025/028028;ESCUELA INFANTIL CAMPANILLA. ADAPTACIÓN A NORMATIVA DE LAS INSTALACIONES Y OTRAS OBRAS DE SEGURIDAD;206;TETUAN;05;EDUCACIÓN;01;ESCUELAS INFANTILES;;;;;;;0;8547,95;8547,95;0;0;8547,95;8547,95;3860,84;0;3860,84;
4;SC Y CE FINANC. CON RTG;001;206;32301;63200;2025/008028;2025/038028;ESCUELA INFANTIL GAVILANES. ADAPTACIÓN A NORMATIVA INSTALACIÓN CONTRA INCENDIOS Y SEGURIDAD;206;TETUAN;05;EDUCACIÓN;01;ESCUELAS INFANTILES;;;;;;;0;15841,53;15841,53;0;0;15841,53;15841,53;9673,89;0;9673,89;
4;SC Y CE FINANC. CON RTG;001;206;32301;63200;2025/008069;2025/008069;COLEGIOS PÚBLICOS Y ESCUELAS INFANTILES TETUÁN. ADECUACIÓN ASCENSORES A NORMATIVA DE SEGURIDAD;206;TETUAN;05;EDUCACIÓN;00;COLEGIOS;;;;;;;0;12800;12800;0;0;12800;12800;0;0;0;
;;001;206;33401;60999;2025/001089;2025/001089;PLACA CONMEMORATIVA LOCALES DE ENSAYO CALLE TABLADA 25, DISTRITO TETUÁN. INSTALACIÓN;206;TETUAN;10;CULTURA;05;PROMOCIÓN DE LA CULTURA;;;;;;;0;1015;1015;0,29;0;1014,71;1014,71;1014,71;0;1014,71;
;;001;206;33401;60999;2025/001093;2025/001093;PLACA CONMEMORATIVA VIVIENDA INFANCIA DEL CANTANTE RAPHAEL, CALLE CAROLINAS 1. INSTALACIÓN;206;TETUAN;10;CULTURA;05;PROMOCIÓN DE LA CULTURA;;;;;;;0;1015;1015;1015;0;0;0;0;0;0;
;;001;206;33401;60999;2025/001094;2025/001094;PLACA CONMEMORATIVA 90 ANIVERSARIO CINE EUROPA, C/ BRAVO MURILLO 160, DISTRITO TETUÁN. INSTALACIÓN;206;TETUAN;10;CULTURA;05;PROMOCIÓN DE LA CULTURA;;;;;;;0;1015;1015;1015;0;0;0;0;0;0;
;;001;206;33401;60999;2025/001095;2025/001095;PLACA CONMEMORATIVA UBICACIÓN PRIMERA FÁBRICA GASEOSA “LA CASERA”, CALLE CACTUS 8. INSTALACIÓN;206;TETUAN;10;CULTURA;05;PROMOCIÓN DE LA CULTURA;;;;;;;0;1015;1015;1015;0;0;0;0;0;0;
;;001;206;33401;62599;2025/001090;2025/001090;EQUIPAMIENTO CENTRO CULTURAL EDUARDO ÚRCULO;206;TETUAN;10;CULTURA;03;CENTROS CULTURALES;;;;;;;0;9119,75;9119,75;0;0;9119,75;9119,75;9119,73;0;9119,73;
;;001;206;34201;62599;2025/000146;2025/000146;EQUIPAMIENTO DIVERSO INSTALACIONES DEPORTIVAS DEL DISTRITO DE TETUÁN;206;TETUAN;11;DEPORTES, JUVENTUD  Y ESPARCIMIENTO;01;POLIDEPORTIVOS;;;;;;;50600;-29441,76;21158,24;21158,24;0;0;0;0;0;0;
;;001;206;34201;62599;2025/000146;2025/010146;EQUIPAMIENTO CENTRO DEPORTIVO PLAYA VICTORIA;206;TETUAN;11;DEPORTES, JUVENTUD  Y ESPARCIMIENTO;01;POLIDEPORTIVOS;;;;;;;0;7445,05;7445,05;0;0;7445,05;7445,05;3749,78;0;3749,78;
;;001;206;34201;62599;2025/000146;2025/020146;EQUIPAMIENTO CENTRO DEPORTIVO ANTONIO DÍAZ MIGUEL;206;TETUAN;11;DEPORTES, JUVENTUD  Y ESPARCIMIENTO;01;POLIDEPORTIVOS;;;;;;;0;16755,11;16755,11;0;0;16755,11;16755,11;14499,67;0;14499,67;
;;001;206;34201;62599;2025/000146;2025/030146;EQUIPAMIENTO CENTRO DEPORTIVO TRIÁNGULO DE ORO;206;TETUAN;11;DEPORTES, JUVENTUD  Y ESPARCIMIENTO;01;POLIDEPORTIVOS;;;;;;;0;5241,6;5241,6;0;0;5241,6;5241,6;1113,32;0;1113,32;
;;001;206;34201;62600;2025/001142;2025/001142;CENTRO DEPORTIVO PLAYA VICTORIA. TRANSCEPTORES DE COMUNICACIÓN;206;TETUAN;11;DEPORTES, JUVENTUD  Y ESPARCIMIENTO;01;POLIDEPORTIVOS;;;;;;;0;1448,59;1448,59;1,89;0;1446,7;1446,7;1446,7;0;1446,7;
;;001;206;34201;62600;2025/001143;2025/001143;CENTRO DEPORTIVO TRIÁNGULO DE ORO. TRANSCEPTORES DE COMUNICACIÓN;206;TETUAN;11;DEPORTES, JUVENTUD  Y ESPARCIMIENTO;01;POLIDEPORTIVOS;;;;;;;0;695,72;695,72;0;0;695,72;695,72;695,72;0;695,72;
;;001;206;34201;62901;2025/001120;2025/001120;CENTRO DEPORTIVO ANTONIO DÍAZ MIGUEL. SEÑALÉTICA;206;TETUAN;11;DEPORTES, JUVENTUD  Y ESPARCIMIENTO;01;POLIDEPORTIVOS;;;;;;;0;3663,88;3663,88;0;0;3663,88;3663,88;3663,88;0;3663,88;
;;001;206;34201;63200;2024/001369;2024/001369;CENTRO DEPORTIVO ANTONIO DÍAZ MIGUEL. ADECUACIÓN SISTEMA DE ALARMA, INSTALACIÓN ELECTRICA Y OTRAS;206;TETUAN;11;DEPORTES, JUVENTUD  Y ESPARCIMIENTO;01;POLIDEPORTIVOS;;;;;;;0;20015,09;20015,09;2131,98;0;17883,11;17883,11;17883,11;0;17883,11;
;;001;206;34201;63200;2024/001370;2024/001370;CENTRO DEPORTIVO TRIÁNGULO DE ORO. OBRAS EN CUBIERTA, ADECUACIÓN SANEAMIENTO Y OTRAS;206;TETUAN;11;DEPORTES, JUVENTUD  Y ESPARCIMIENTO;01;POLIDEPORTIVOS;;;;;;;0;6867,44;6867,44;0;0;6867,44;6867,44;6867,44;0;6867,44;
;;001;206;34201;63200;2025/000145;2025/000145;OBRAS DE REFORMA Y CONSERVACIÓN EN CENTROS DEPORTIVOS DEL DISTRITO DE TETUÁN;206;TETUAN;11;DEPORTES, JUVENTUD  Y ESPARCIMIENTO;01;POLIDEPORTIVOS;;;;;;;1000;0;1000;1000;0;0;0;0;0;0;
;;001;206;34201;63200;2025/001181;2025/001181;CENTRO DEPORTIVO ANTONIO DÍAZ MIGUEL.OBRAS DE ADECUACIÓN INSTALACIONES Y ADAPTACIÓN A NORMATIVA;206;TETUAN;11;DEPORTES, JUVENTUD  Y ESPARCIMIENTO;01;POLIDEPORTIVOS;;;;;;;0;133400;133400;19162,53;0;114237,47;114237,47;0;0;0;
;;001;206;34201;63200;2025/001293;2025/001293;CENTRO DEPORTIVO PLAYA VICTORIA. OBRAS ADECUACIÓN INSTALACIÓN CLIMATIZACIÓN Y MEJORAS SEGURIDAD;206;TETUAN;11;DEPORTES, JUVENTUD  Y ESPARCIMIENTO;01;POLIDEPORTIVOS;;;;;;;0;120000;120000;62817,08;0;57182,92;57182,92;0;0;0;
;;001;206;34201;63300;2025/001031;2025/001031;CENTRO DEPORTIVO PLAYA VICTORIA. REPOSICIÓN MÁQUINA DE CLORACIÓN;206;TETUAN;11;DEPORTES, JUVENTUD  Y ESPARCIMIENTO;01;POLIDEPORTIVOS;;;;;;;0;64795,5;64795,5;0;35122,06;29673,44;29673,44;29673,44;0;29673,44;
;;001;206;34201;63599;2025/001086;2025/001086;DEPORTIVO BÁSICO RODRÍGUEZ SAHAGÚN. PORTERÍAS DE FÚTBOL;206;TETUAN;11;DEPORTES, JUVENTUD  Y ESPARCIMIENTO;02;PISTAS DEPORTIVAS ELEMENTALES;;;;;;;0;5710,04;5710,04;0;0;5710,04;5710,04;5710,04;0;5710,04;
;;001;206;34201;63599;2025/001414;2025/001414;DEPORTIVO BÁSICO AVENIDA DE BRASIL. REPOSICIÓN PORTERÍAS DE FÚTBOL;206;TETUAN;11;DEPORTES, JUVENTUD  Y ESPARCIMIENTO;02;PISTAS DEPORTIVAS ELEMENTALES;;;;;;;0;2067;2067;0,8;0;2066,2;2066,2;2066,2;0;0;
;;001;206;92001;62599;2025/001153;2025/001153;SERVICIOS ADMINISTRATIVOS DISTRITO TETUÁN. ESTORES PARA SALAS DE EXPOSICIONES;206;TETUAN;00;INVERSIONES DE CARÁCTER GENERAL;02;SERVICIOS ADMINISTRATIVOS  TERRITORIALES;;;;;;;0;1145,66;1145,66;0;0;1145,66;1145,66;1145,66;0;1145,66;
;;001;206;92001;63300;2025/001244;2025/001244;SERVICIOS ADMINISTRATIVOS DISTRITO TETUÁN. SUSTITUCIÓN MAQUINA ENFRIADORA;206;TETUAN;00;INVERSIONES DE CARÁCTER GENERAL;02;SERVICIOS ADMINISTRATIVOS  TERRITORIALES;;;;;;;0;110000;110000;0;15096,26;94903,74;94903,74;0;0;0;
;;001;206;93302;63200;2022/000575;2022/070575;CENTRO DE MAYORES PAMPLONA. OBRAS DE REFORMA Y REPARACIÓN;206;TETUAN;03;PROTECCIÓN Y PROMOCIÓN SOCIAL;01;CENTROS DE MAYORES;;;;;;;0;3039,93;3039,93;0;0;3039,93;3039,93;3039,93;0;3039,93;
;;001;206;93302;63200;2024/001367;2024/001367;EDIFICIO SEDE DEL DISTRITO DE TETUÁN. OBRAS DE CONSERVACIÓN Y ADECUACIÓN DE INSTALACIÓN ELÉCTRICA;206;TETUAN;00;INVERSIONES DE CARÁCTER GENERAL;02;SERVICIOS ADMINISTRATIVOS  TERRITORIALES;;;;;;;0;29302,97;29302,97;0;0;29302,97;29302,97;29302,97;0;29302,97;
;;001;206;93302;63200;2025/000143;2025/000143;OBRAS DE REFORMA, REPARACIÓN Y CONSERVACIÓN EN EDIFICIOS DEL DISTRITO DE TETUÁN;206;TETUAN;00;INVERSIONES DE CARÁCTER GENERAL;03;EDIFICIOS PARA EL USO GENERAL;;;;;;;134564;-134495,03;68,97;68,97;0;0;0;0;0;0;
;;001;206;93302;63200;2025/001182;2025/001182;CENTRO DE DÍA Y MAYORES REMONTA Y TALLERES. ADECUACIÓN INSTALACIONES, SANEAMIENTO Y CUBIERTAS;206;TETUAN;03;PROTECCIÓN Y PROMOCIÓN SOCIAL;00;CENTROS DE DÍA Y RESIDENCIAS DE MAYORES;;;;;;;0;60863,56;60863,56;1134,66;0;59728,9;59728,9;0;0;0;
;;001;206;93302;63200;2025/001266;2025/001266;CASA DE BAÑOS C/ BRAVO MURILLO, 133. OBRAS DE REFORMA DE INSTALACIÓN DE LA CLIMATIZACIÓN;206;TETUAN;04;SALUD PÚBLICA;02;HIGIENE;;;;;;;0;169256,16;169256,16;7776,24;0;161479,92;161479,92;0;0;0;
;;001;206;93302;63200;2025/001341;2025/001341;CENTRO SERVICIOS SOCIALES VICENTE FERRER Y SOCIAL COMUNITARIO JOSEFA AMAR. OBRAS GRUPO ELECTRÓGENO;206;TETUAN;03;PROTECCIÓN Y PROMOCIÓN SOCIAL;02;CENTROS DE SERVICIOS SOCIALES;;;;;;;0;32974,28;32974,28;450,23;0;32524,05;32524,05;0;0;0;
;;001;206;93302;63200;2025/001430;2025/001430;CENTRO DE MAYORES PAMPLONA. REPARACIÓN INSTALACIONES PROTECCIÓN CONTRA INCENDIOS, ELÉCTRICA Y OTRAS;206;TETUAN;03;PROTECCIÓN Y PROMOCIÓN SOCIAL;01;CENTROS DE MAYORES;;;;;;;0;34300;34300;8007,8;0;26292,2;26292,2;0;0;0;
;;001;206;93302;63200;2025/001438;2025/001438;CENTRO CULTURAL EDUARDO ÚRCULO. OBRAS DE ADECUACIÓN ELÉCTRICA, FALSOS TECHOS Y OTRAS;206;TETUAN;10;CULTURA;03;CENTROS CULTURALES;;;;;;;0;17185;17185;795,77;0;16389,23;16389,23;0;0;0;
;;001;206;93302;63200;2025/008091;2025/008091;BIBLIOTECA-ESCUELA DE MÚSICA VÁZQUEZ MONTALBÁN. MEJORA SANEAMIENTO, CUBIERTAS,INSTALACIONES Y OTRAS;206;TETUAN;10;CULTURA;00;BIBLIOTECAS Y PATRIMONIO BIBLIOGRÁFICO;;;;;;;0;173,13;173,13;173,13;0;0;0;0;0;0;
4;SC Y CE FINANC. CON RTG;001;206;93302;63200;2025/008091;2025/008091;BIBLIOTECA-ESCUELA DE MÚSICA VÁZQUEZ MONTALBÁN. MEJORA SANEAMIENTO, CUBIERTAS,INSTALACIONES Y OTRAS;206;TETUAN;10;CULTURA;00;BIBLIOTECAS Y PATRIMONIO BIBLIOGRÁFICO;;;;;;;0;147400;147400;15518,12;0;131881,88;131881,88;67837,07;0;67837,07;
;;001;207;15322;61910;2025/000268;2025/000268;DIVERSAS VÍAS PÚBLICAS DEL DISTRITO DE CHAMBERÍ. OBRAS DE MEJORA;207;CHAMBERI;08;MANTENIMIENTO URBANO;02;VÍAS PÚBLICAS;;;;;;;100000;-96959,95;3040,05;3040,05;0;0;0;0;0;0;
;;001;207;17102;61920;2025/001327;2025/001327;PARQUE JOSÉ LUIS SAMPEDRO. OBRAS DE ACONDICIONAMIENTO;207;CHAMBERI;09;MEDIO AMBIENTE;00;PARQUES;;;;;;;0;73321,99;73321,99;0;0;73321,99;73321,99;0;0;0;
;;001;207;17102;61920;2025/001328;2025/001328;PARQUE ENRIQUE HERREROS. REPARACIÓN MURO DE CERRAMIENTO INTERIOR ZONA NORTE;207;CHAMBERI;09;MEDIO AMBIENTE;00;PARQUES;;;;;;;0;5090;5090;0,58;0;5089,42;5089,42;0;0;0;
;;001;207;17102;61920;2025/001329;2025/001329;PARQUE ENRIQUE HERREROS. RECONSTRUCCIÓN TRAMO DE CERRAMIENTO DE ZONA AJARDINADA;207;CHAMBERI;09;MEDIO AMBIENTE;00;PARQUES;;;;;;;0;15814;15814;0,66;0;15813,34;15813,34;0;0;0;
;;001;207;17102;61920;2025/001469;2025/001469;PARQUE PLAZA DEL TENIENTE DE ALCALDE PEREZ PILLADO. OBRAS DE ACONDICIONAMIENTO;207;CHAMBERI;09;MEDIO AMBIENTE;00;PARQUES;;;;;;;0;22354,01;22354,01;22354,01;0;0;0;0;0;0;
;;001;207;17102;61921;2025/001013;2025/001013;ZONA VERDE C/ GALILEO. OBRAS DE ELIMINACIÓN DE BARRERAS ARQUITECTÓNICAS;207;CHAMBERI;09;MEDIO AMBIENTE;01;ZONAS AJARDINADAS;;;;;;;80000;-80000;0;0;0;0;0;0;0;0;
;;001;207;17102;61921;2025/001325;2025/001325;ZONA VERDE PLAZA TENIENTE DE ALCALDE PÉREZ PILLADO. OBRAS ADECUACIÓN RED ABASTECIMIENTO AGUA;207;CHAMBERI;09;MEDIO AMBIENTE;01;ZONAS AJARDINADAS;;;;;;;0;8618,95;8618,95;8618,95;0;0;0;0;0;0;
;;001;207;23103;62599;2024/000129;2024/000129;CENTRO DE MAYORES ANTONIO MINGOTE. MOBILIARIO Y ENSERES;207;CHAMBERI;03;PROTECCIÓN Y PROMOCIÓN SOCIAL;01;CENTROS DE MAYORES;;;;;;;0;5185;5185;5185;0;0;0;0;0;0;
;;001;207;23103;62599;2025/001309;2025/001309;EQUIPAMIENTO CENTRO DE MAYORES SANTA ENGRACIA;207;CHAMBERI;03;PROTECCIÓN Y PROMOCIÓN SOCIAL;01;CENTROS DE MAYORES;;;;;;;0;6386,14;6386,14;0;0;6386,14;6386,14;0;0;0;
;;001;207;23103;62599;2025/001464;2025/001464;EQUIPAMIENTO NUEVA OFICINA DE ATENCION SOCIAL DISTRITO CHAMBERI, C/ ALONSO CANO 26;207;CHAMBERI;03;PROTECCIÓN Y PROMOCIÓN SOCIAL;01;CENTROS DE MAYORES;;;;;;;0;5988,86;5988,86;1993,44;0;3995,42;3995,42;0;0;0;
;;001;207;23103;62999;2024/001592;2024/001592;CENTRO DE MAYORES ANTONIO MINGOTE. ADQUISICIÓN DE PÉRGOLA, TELÓN Y OTROS ELEMENTOS;207;CHAMBERI;03;PROTECCIÓN Y PROMOCIÓN SOCIAL;01;CENTROS DE MAYORES;;;;;;;0;17610;17610;17610;0;0;0;0;0;0;
;;001;207;23103;62999;2025/001417;2025/001417;CENTRO DE MAYORES ANTONIO MINGOTE. ADQUISICIÓN DE PÉRGOLAS PARA EL PATIO;207;CHAMBERI;03;PROTECCIÓN Y PROMOCIÓN SOCIAL;01;CENTROS DE MAYORES;;;;;;;0;13230;13230;1345,51;0;11884,49;11884,49;0;0;0;
;;001;207;23103;63200;2025/001197;2025/001197;CENTRO DE DÍA DE MAYORES MARÍA TERESA LEÓN. OBRAS MEDIDAS DE SEGURIDAD EN ASCENSORES Y VENTANAS;207;CHAMBERI;03;PROTECCIÓN Y PROMOCIÓN SOCIAL;00;CENTROS DE DÍA Y RESIDENCIAS DE MAYORES;;;;;;;0;1435;1435;1435;0;0;0;0;0;0;
;;001;207;23103;63200;2025/001516;2025/001516;CENTRO DE DÍA DE MAYORES MARÍA TERESA LEÓN. OBRAS DE ADECUACIÓN DE CALDERA;207;CHAMBERI;03;PROTECCIÓN Y PROMOCIÓN SOCIAL;00;CENTROS DE DÍA Y RESIDENCIAS DE MAYORES;;;;;;;0;7000;7000;7000;0;0;0;0;0;0;
;;001;207;32301;63200;2025/001170;2025/001170;COLEGIO PÚBLICO RUFINO BLANCO. OBRAS DE MEJORA MEDIDAS DE SEGURIDAD EN ASCENSOR;207;CHAMBERI;05;EDUCACIÓN;00;COLEGIOS;;;;;;;0;3840;3840;384,6;0;3455,4;3455,4;0;0;0;
;;001;207;32301;63200;2025/001324;2025/001324;COLEGIO PÚBLICO RUFINO BLANCO. OBRAS DE ADECUACIÓN DE FONTANERÍA;207;CHAMBERI;05;EDUCACIÓN;00;COLEGIOS;;;;;;;0;86394;86394;17758,25;0;68635,75;68635,75;21860,71;0;21860,71;
;;001;207;32301;63200;2025/008041;2025/008041;CENTROS DOCENTES DEL DISTRITO DE CHAMBERÍ. OBRAS DE CONSERVACIÓN Y MANTENIMIENTO;207;CHAMBERI;05;EDUCACIÓN;00;COLEGIOS;;;;;;;0;11,37;11,37;11,37;0;0;0;0;0;0;
;;001;207;32301;63200;2025/008041;2025/048041;ESCUELA INFANTIL FERNANDO EL CATÓLICO. OBRAS DE MEJORA INSTALACIONES, CONSERVACIÓN DE AULAS Y OTRAS;207;CHAMBERI;05;EDUCACIÓN;01;ESCUELAS INFANTILES;;;;;;;0;84688,63;84688,63;0;0;84688,63;84688,63;0;0;0;
4;SC Y CE FINANC. CON RTG;001;207;32301;63200;2025/008041;2025/008041;CENTROS DOCENTES DEL DISTRITO DE CHAMBERÍ. OBRAS DE CONSERVACIÓN Y MANTENIMIENTO;207;CHAMBERI;05;EDUCACIÓN;00;COLEGIOS;;;;;;;0;10301,89;10301,89;10301,89;0;0;0;0;0;0;
4;SC Y CE FINANC. CON RTG;001;207;32301;63200;2025/008041;2025/018041;COLEGIO PÚBLICO CERVANTES. OBRAS DE REPARACIÓN CUBIERTA Y ADECUACIÓN A NORMATIVA CONTRA INCENCIOS;207;CHAMBERI;05;EDUCACIÓN;00;COLEGIOS;;;;;;;0;34535,48;34535,48;0;0;34535,48;34535,48;12894,41;0;12894,41;
4;SC Y CE FINANC. CON RTG;001;207;32301;63200;2025/008041;2025/028041;COLEGIO PÚBLICO CLAUDIO MOYANO. OBRAS MEJORA SEGURIDAD, ADAPTACIÓN INSTALACIONES, FACHADAS Y OTRAS;207;CHAMBERI;05;EDUCACIÓN;00;COLEGIOS;;;;;;;0;57135,93;57135,93;0;0;57135,93;57135,93;43862,52;0;43862,52;
4;SC Y CE FINANC. CON RTG;001;207;32301;63200;2025/008041;2025/038041;COLEGIO PÚBLICO FERNANDO EL CATÓLICO. REPARACIÓN RED DE SANEAMIENTO Y ADECUACIÓN DE INSTALACIONES;207;CHAMBERI;05;EDUCACIÓN;00;COLEGIOS;;;;;;;0;76026,72;76026,72;0;0;76026,72;76026,72;63610,43;0;63610,43;
4;SC Y CE FINANC. CON RTG;001;207;32301;63200;2025/008041;2025/048041;ESCUELA INFANTIL FERNANDO EL CATÓLICO. OBRAS DE MEJORA INSTALACIONES, CONSERVACIÓN DE AULAS Y OTRAS;207;CHAMBERI;05;EDUCACIÓN;01;ESCUELAS INFANTILES;;;;;;;0;62999,98;62999,98;0;0;62999,98;62999,98;13988,11;0;13988,11;
4;SC Y CE FINANC. CON RTG;001;207;32301;63200;2025/008075;2025/008075;COLEGIO PÚBLICO RUFINO BLANCO. CONSERVACIÓN FACHADA Y ADAPTACIÓN A NORMATIVA PROTECCIÓN INCENDIOS;207;CHAMBERI;05;EDUCACIÓN;00;COLEGIOS;;;;;;;0;180000;180000;9357,4;0;170642,6;170642,6;138824,36;0;138824,36;
;;001;207;33401;60999;2025/000205;2025/000205;PLACAS CONMEMORATIVAS EN EL DISTRITO CHAMBERI. INSTALACIÓN;207;CHAMBERI;10;CULTURA;05;PROMOCIÓN DE LA CULTURA;;;;;;;2000;0;2000;2000;0;0;0;0;0;0;
;;001;207;92001;62301;2025/001050;2025/001050;SERVICIOS ADMINISTRATIVOS DISTRITO CHAMBERÍ. INSTALACIONES TÉCNICAS;207;CHAMBERI;00;INVERSIONES DE CARÁCTER GENERAL;02;SERVICIOS ADMINISTRATIVOS  TERRITORIALES;;;;;;;0;8835;8835;2851,55;0;5983,45;5983,45;5983,45;0;5983,45;
;;001;207;92001;62500;2025/000208;2025/000208;SERVICIOS ADMINISTRATIVOS DISTRITO DE CHAMBERÍ. MOBILIARIO, EQUIPOS DE OFICINA, BANDERAS Y OTROS;207;CHAMBERI;00;INVERSIONES DE CARÁCTER GENERAL;02;SERVICIOS ADMINISTRATIVOS  TERRITORIALES;;;;;;;3000;0;3000;1260,26;0;1739,74;1739,74;1739,74;0;1739,74;
;;001;207;92001;63599;2025/000208;2025/000208;SERVICIOS ADMINISTRATIVOS DISTRITO DE CHAMBERÍ. MOBILIARIO, EQUIPOS DE OFICINA, BANDERAS Y OTROS;207;CHAMBERI;00;INVERSIONES DE CARÁCTER GENERAL;02;SERVICIOS ADMINISTRATIVOS  TERRITORIALES;;;;;;;1000;300;1300;403,75;0;896,25;896,25;0;0;0;
;;001;207;93302;63200;2024/001363;2024/001363;CENTRO DE MAYORES SANTA ENGRACIA. OBRAS DE REFORMA;207;CHAMBERI;03;PROTECCIÓN Y PROMOCIÓN SOCIAL;01;CENTROS DE MAYORES;;;;;;;750000;-133464,95;616535,05;3,6;0;616531,45;616531,45;400487,01;0;400487,01;
;;001;207;93302;63200;2025/001184;2025/001184;CENTRO DE DÍA SANTA ENGRACIA. ADECUACIÓN ASCENSORES A NORMATIVA DE SEGURIDAD;207;CHAMBERI;03;PROTECCIÓN Y PROMOCIÓN SOCIAL;00;CENTROS DE DÍA Y RESIDENCIAS DE MAYORES;;;;;;;0;5915;5915;591,97;0;5323,03;5323,03;0;0;0;
;;001;207;93302;63200;2025/001185;2025/001185;CENTRO CULTURAL GALILEO. ADECUACIÓN ASCENSORES A NORMATIVA DE SEGURIDAD;207;CHAMBERI;10;CULTURA;03;CENTROS CULTURALES;;;;;;;0;1471;1471;147,87;0;1323,13;1323,13;0;0;0;
;;001;207;93302;63200;2025/001287;2025/001287;LOCAL EN C/ALONSO CANO, 26, CHAMBERÍ. REFORMA INTEGRAL PARA OFICINA INFORMACIÓN AL CIUDADANO;207;CHAMBERI;12;OTROS BIENES PÚBLICOS DE CARÁCTER SOCIAL;00;ATENCIÓN AL CIUDADANO;;;;;;;0;126078,95;126078,95;0;0;126078,95;126078,95;64412,63;0;64412,63;
;;001;207;93302;63200;2025/001433;2025/001433;CENTRO CULTURAL GALILEO. OBRAS DE SUSTITUCIÓN DE MÁQUINA DE CLIMATIZACIÓN;207;CHAMBERI;10;CULTURA;03;CENTROS CULTURALES;;;;;;;0;18000;18000;1245,87;0;16754,13;16754,13;0;0;0;
;;001;207;93302;63200;2025/001434;2025/001434;SALA DE ESTUDIO FERNANDO VIZCAÍNO CASAS. OBRAS DE INSTALACIÓN DE TOMAS DE ENCHUFES Y USB;207;CHAMBERI;10;CULTURA;00;BIBLIOTECAS Y PATRIMONIO BIBLIOGRÁFICO;;;;;;;0;18000;18000;2276,05;0;15723,95;15723,95;0;0;0;
;;001;207;93302;63200;2025/001435;2025/001435;EDIFICIO SEDE DEL DISTRITO DE CHAMBERÍ. OBRAS DE INSTALACIÓN DE PUERTAS DE VIDRIO TEMPLADO;207;CHAMBERI;00;INVERSIONES DE CARÁCTER GENERAL;02;SERVICIOS ADMINISTRATIVOS  TERRITORIALES;;;;;;;0;18000;18000;11301,37;0;6698,63;6698,63;0;0;0;
;;001;207;93302;63200;2025/001436;2025/001436;CENTRO DE SERVICIOS SOCIALES MARTA ESQUIVIAS. OBRAS DE INSTALACIÓN DE PUERTA DE ACCESO;207;CHAMBERI;03;PROTECCIÓN Y PROMOCIÓN SOCIAL;02;CENTROS DE SERVICIOS SOCIALES;;;;;;;0;18000;18000;10051,51;0;7948,49;7948,49;0;0;0;
;;001;207;93302;63200;2025/001437;2025/001437;DEPENDENCIAS DE SANIDAD DEL DISTRITO DE CHAMBERÍ. OBRAS DE RENOVACIÓN DE LA ILUMINACIÓN;207;CHAMBERI;00;INVERSIONES DE CARÁCTER GENERAL;02;SERVICIOS ADMINISTRATIVOS  TERRITORIALES;;;;;;;0;18000;18000;11033,24;0;6966,76;6966,76;0;0;0;
5;FONDO DE REEQUILIBRIO TERRITORIAL;001;208;15322;61910;2025/000083;2025/000083;VÍAS Y ESPACIOS PÚBLICOS ÁMBITO POBLADO A Y B, FUENCARRAL. OBRAS MEJORA Y ACCESIBILIDAD;208;FUENCARRAL-EL PARDO;08;MANTENIMIENTO URBANO;02;VÍAS PÚBLICAS;;;17;FONDO REEQUILIBRIO TERRITORIAL;;;151810;0;151810;151810;0;0;0;0;0;0;
5;FONDO DE REEQUILIBRIO TERRITORIAL;001;208;15322;61910;2025/000084;2025/000084;VÍAS Y ESPACIOS PÚBLICOS ÁMBITO BEGOÑA, FUENCARRAL. OBRAS MEJORA Y ACCESIBILIDAD;208;FUENCARRAL-EL PARDO;08;MANTENIMIENTO URBANO;02;VÍAS PÚBLICAS;;;17;FONDO REEQUILIBRIO TERRITORIAL;;;163515;0;163515;17,39;0;163497,61;163497,61;0;0;0;
5;FONDO DE REEQUILIBRIO TERRITORIAL;001;208;15322;61910;2025/001155;2025/001155;GLORIETA PADRE LUIS DE LEZAMA. ACONDICIONAMIENTO Y REMODELACIÓN DE VIALES;208;FUENCARRAL-EL PARDO;08;MANTENIMIENTO URBANO;02;VÍAS PÚBLICAS;;;17;FONDO REEQUILIBRIO TERRITORIAL;;;0;55000;55000;5924,97;0;49075,03;49075,03;0;0;0;
;;001;208;17102;60913;2025/001083;2025/001083;ZONA AJARDINADA EN TRES OLIVOS. INSTALACIÓN DE MOBILIARIO URBANO;208;FUENCARRAL-EL PARDO;09;MEDIO AMBIENTE;01;ZONAS AJARDINADAS;;;;;;;0;16876,67;16876,67;0,1;0;16876,57;16876,57;16876,57;0;16876,57;
;;001;208;17102;60913;2025/001502;2025/001502;PARQUE DE LA VAGUADA. INSTALACIÓN DE JUEGOS INFANTILES;208;FUENCARRAL-EL PARDO;08;MANTENIMIENTO URBANO;01;MOBILIARIO URBANO;;;;;;;0;80905,1;80905,1;80905,1;0;0;0;0;0;0;
5;FONDO DE REEQUILIBRIO TERRITORIAL;001;208;17102;60913;2025/001400;2025/001400;ZONAS VERDES ÁMBITO POBLADO A Y B, DISTRITO FUENCARRAL-EL PARDO. JUEGOS INFANTILES;208;FUENCARRAL-EL PARDO;08;MANTENIMIENTO URBANO;01;MOBILIARIO URBANO;;;17;FONDO REEQUILIBRIO TERRITORIAL;;;0;63776,59;63776,59;0;0;63776,59;63776,59;0;0;0;
;;001;208;17102;61920;2025/001106;2025/001106;PARQUE FUENTE CHICA. OBRAS DE MEJORA DE LA ACCESIBILIDAD Y ADECUACIÓN ESCALERAS Y PÉRGOLA;208;FUENCARRAL-EL PARDO;09;MEDIO AMBIENTE;00;PARQUES;;;17;FONDO REEQUILIBRIO TERRITORIAL;;;0;40725,02;40725,02;0;0;40725,02;40725,02;0;0;0;
;;001;208;17102;61920;2025/001501;2025/001501;PARQUE DE LA VAGUADA. OBRAS DE ACONDICIONAMIENTO Y MEJORA DE ÁREAS INFANTILES;208;FUENCARRAL-EL PARDO;09;MEDIO AMBIENTE;00;PARQUES;;;;;;;0;138245,02;138245,02;138245,02;0;0;0;0;0;0;
5;FONDO DE REEQUILIBRIO TERRITORIAL;001;208;17102;61920;2025/001106;2025/001106;PARQUE FUENTE CHICA. OBRAS DE MEJORA DE LA ACCESIBILIDAD Y ADECUACIÓN ESCALERAS Y PÉRGOLA;208;FUENCARRAL-EL PARDO;09;MEDIO AMBIENTE;00;PARQUES;;;17;FONDO REEQUILIBRIO TERRITORIAL;;;0;100000;100000;0;0;100000;100000;0;0;0;
5;FONDO DE REEQUILIBRIO TERRITORIAL;001;208;17102;61920;2025/001397;2025/001397;ZONAS VERDES ÁMBITO POBLADO A Y B, DISTRITO FUENCARRAL-EL PARDO. OBRAS DE MEJORA;208;FUENCARRAL-EL PARDO;09;MEDIO AMBIENTE;01;ZONAS AJARDINADAS;;;17;FONDO REEQUILIBRIO TERRITORIAL;;;0;66223,41;66223,41;85,77;0;66137,64;66137,64;0;0;0;
;;001;208;17102;61921;2025/000294;2025/000294;ZONAS AJARDINADAS DEL DISTRITO DE FUENCARRAL-EL PARDO. OBRAS DE ACONDICIONAMIENTO;208;FUENCARRAL-EL PARDO;09;MEDIO AMBIENTE;01;ZONAS AJARDINADAS;;;;;;;370000;-369142,86;857,14;857,14;0;0;0;0;0;0;
;;001;208;17102;61921;2025/000294;2025/010294;ZONA AJARDINADA EN TRES OLIVOS. OBRAS DE ACONDICIONAMIENTO;208;FUENCARRAL-EL PARDO;09;MEDIO AMBIENTE;01;ZONAS AJARDINADAS;;;;;;;0;133116,07;133116,07;0;0;133116,07;133116,07;130632,69;0;130632,69;
;;001;208;23103;62599;2024/001162;2024/001162;NUEVO CENTRO DE MAYORES MIRASIERRA. SEÑALIZACIÓN, MOBILIARIO Y OTRO EQUIPAMIENTO;208;FUENCARRAL-EL PARDO;03;PROTECCIÓN Y PROMOCIÓN SOCIAL;01;CENTROS DE MAYORES;;;;;;;0;26524,03;26524,03;714,14;0;25809,89;25809,89;15428,09;0;15428,09;
;;001;208;23103;63599;2025/000182;2025/000182;EQUIPAMIENTO CENTROS DE MAYORES DEL DISTRITO DE FUENCARRAL-EL PARDO;208;FUENCARRAL-EL PARDO;03;PROTECCIÓN Y PROMOCIÓN SOCIAL;01;CENTROS DE MAYORES;;;;;;;43100;-32140,67;10959,33;10959,33;0;0;0;0;0;0;
;;001;208;23103;63599;2025/000182;2025/010182;EQUIPAMIENTO CENTRO DE MAYORES PEÑAGRANDE;208;FUENCARRAL-EL PARDO;03;PROTECCIÓN Y PROMOCIÓN SOCIAL;01;CENTROS DE MAYORES;;;;;;;0;4498,06;4498,06;0;1077,5;3420,56;3420,56;0;0;0;
;;001;208;23103;63599;2025/000182;2025/020182;EQUIPAMIENTO CENTRO DE MAYORES ISLAS JARVI;208;FUENCARRAL-EL PARDO;03;PROTECCIÓN Y PROMOCIÓN SOCIAL;01;CENTROS DE MAYORES;;;;;;;0;1226,35;1226,35;0;1077,5;148,85;148,85;0;0;0;
;;001;208;23103;63599;2025/000182;2025/030182;EQUIPAMIENTO CENTRO DE MAYORES VOCAL VECINO JUSTO SIERRA;208;FUENCARRAL-EL PARDO;03;PROTECCIÓN Y PROMOCIÓN SOCIAL;01;CENTROS DE MAYORES;;;;;;;0;4076,94;4076,94;0;1077,5;2999,44;2999,44;0;0;0;
;;001;208;23103;63599;2025/000182;2025/040182;EQUIPAMIENTO CENTRO DE MAYORES GINZO DE LIMIA;208;FUENCARRAL-EL PARDO;03;PROTECCIÓN Y PROMOCIÓN SOCIAL;01;CENTROS DE MAYORES;;;;;;;0;1388,35;1388,35;0;1077,5;310,85;310,85;0;0;0;
;;001;208;23103;63599;2025/000182;2025/050182;EQUIPAMIENTO CENTRO DE MAYORES ALFONSO XII;208;FUENCARRAL-EL PARDO;03;PROTECCIÓN Y PROMOCIÓN SOCIAL;01;CENTROS DE MAYORES;;;;;;;0;1758,97;1758,97;0;1077,5;681,47;681,47;0;0;0;
;;001;208;23103;63599;2025/000182;2025/060182;EQUIPAMIENTO CENTRO DE MAYORES MIRASIERRA;208;FUENCARRAL-EL PARDO;03;PROTECCIÓN Y PROMOCIÓN SOCIAL;01;CENTROS DE MAYORES;;;;;;;0;6607,86;6607,86;0;3651,14;2956,72;2956,72;0;0;0;
;;001;208;23103;63599;2025/000182;2025/070182;EQUIPAMIENTO CENTRO DE MAYORES LA VAGUADA;208;FUENCARRAL-EL PARDO;03;PROTECCIÓN Y PROMOCIÓN SOCIAL;01;CENTROS DE MAYORES;;;;;;;0;12584,14;12584,14;0;5155,36;7428,78;7428,78;6171;0;6171;
;;001;208;23106;63599;2025/000391;2025/000391;EQUIPAMIENTO CENTROS DE SERVICIOS SOCIALES DEL DISTRITO DE FUENCARRAL-EL PARDO;208;FUENCARRAL-EL PARDO;03;PROTECCIÓN Y PROMOCIÓN SOCIAL;02;CENTROS DE SERVICIOS SOCIALES;;;;;;;0;1216,2;1216,2;1216,2;0;0;0;0;0;0;
;;001;208;23106;63599;2025/000391;2025/010391;EQUIPAMIENTO CENTRO DE SERVICIOS SOCIALES BADALONA;208;FUENCARRAL-EL PARDO;03;PROTECCIÓN Y PROMOCIÓN SOCIAL;02;CENTROS DE SERVICIOS SOCIALES;;;;;;;0;3682,42;3682,42;0;0;3682,42;3682,42;3682,42;0;3682,42;
;;001;208;23106;63599;2025/000391;2025/020391;EQUIPAMIENTO CENTRO DE DÍA INFANTIL, DISTRITO DE FUENCARRAL-EL PARDO EN CASA DE LOS NIÑOS;208;FUENCARRAL-EL PARDO;03;PROTECCIÓN Y PROMOCIÓN SOCIAL;03;INFANCIA Y FAMILIA;;;;;;;0;2101,38;2101,38;0;0;2101,38;2101,38;2101,38;0;2101,38;
4;SC Y CE FINANC. CON RTG;001;208;32301;63200;2025/008129;2025/078129;COLEGIO PÚBLICO LEOPOLDO CALVO SOTELO. MEJORA INSTALACIONES, SANEAMIENTO Y EFICIENCIA ENERGÈTICA;208;FUENCARRAL-EL PARDO;05;EDUCACIÓN;00;COLEGIOS;;;;;;;0;43150,27;43150,27;0;0;43150,27;43150,27;37763,27;0;37763,27;
4;SC Y CE FINANC. CON RTG;001;208;32301;63200;2025/008129;2025/088129;COLEGIO PÚBLICO LORENZO LUZURIAGA. SUSTITUCIÓN DE VALLADO Y OTRAS INSPECCIÓN TÉCNICA DE EDIFICIOS;208;FUENCARRAL-EL PARDO;05;EDUCACIÓN;00;COLEGIOS;;;;;;;0;55102,76;55102,76;0;0;55102,76;55102,76;54334,76;0;54334,76;
4;SC Y CE FINANC. CON RTG;001;208;32301;63200;2025/008129;2025/098129;COLEGIO PÚBLICO MIRASIERRA. ALEROS, FACHADAS, REVESTIMIENTO Y EFICIENCIA EN FONTANERÍA;208;FUENCARRAL-EL PARDO;05;EDUCACIÓN;00;COLEGIOS;;;;;;;0;94937,17;94937,17;0;0;94937,17;94937,17;60614,57;0;60614,57;
4;SC Y CE FINANC. CON RTG;001;208;32301;63200;2025/008129;2025/108129;COLEGIO PÚBLICO PRÍNCIPE ASTURIAS.ADAPTACIÓN NORMATIVA PROTECCIÓN INCENCIOS Y SUSTITUCIÓN LUCERNARIO;208;FUENCARRAL-EL PARDO;05;EDUCACIÓN;00;COLEGIOS;;;;;;;0;36989,81;36989,81;0;0;36989,81;36989,81;0;0;0;
4;SC Y CE FINANC. CON RTG;001;208;32301;63200;2025/008129;2025/118129;COLEGIO PÚBLICO PRÍNCIPE FELIPE. OBRAS DE ADECUACIÓN ASEO ACCESIBLE Y EFICIENCIA ENERGÉTICA;208;FUENCARRAL-EL PARDO;05;EDUCACIÓN;00;COLEGIOS;;;;;;;0;15428,88;15428,88;0;0;15428,88;15428,88;14843,76;0;14843,76;
4;SC Y CE FINANC. CON RTG;001;208;32301;63200;2025/008129;2025/128129;COLEGIO PÚBLICO REPÚBLICA DEL PARAGUAY. REPARACIÓN CUBIERTAS, DRENAJES DE PATIO Y EFICIENCIA;208;FUENCARRAL-EL PARDO;05;EDUCACIÓN;00;COLEGIOS;;;;;;;0;29741,69;29741,69;0;0;29741,69;29741,69;29741,69;0;29741,69;
4;SC Y CE FINANC. CON RTG;001;208;32301;63200;2025/008135;2025/008135;ESCUELAS INFANTILES FUENCARRAL-EL PARDO. OBRAS DE REPARACIÓN, MEJORA Y EFICIENCIA ENERGÉTICA;208;FUENCARRAL-EL PARDO;05;EDUCACIÓN;01;ESCUELAS INFANTILES;;;;;;;0;1570,19;1570,19;1570,19;0;0;0;0;0;0;
4;SC Y CE FINANC. CON RTG;001;208;32301;63200;2025/008135;2025/018135;ESCUELA INFANTIL LA ROSA DEL AZAFRÁN. OBRAS DE CONSERVACIÓN;208;FUENCARRAL-EL PARDO;05;EDUCACIÓN;01;ESCUELAS INFANTILES;;;;;;;0;27883,89;27883,89;0;0;27883,89;27883,89;27880,01;0;27880,01;
4;SC Y CE FINANC. CON RTG;001;208;32301;63200;2025/008135;2025/028135;ESCUELA INFANTIL LA CORTE DEL FARAÓN. OBRAS DE CONSERVACIÓN;208;FUENCARRAL-EL PARDO;05;EDUCACIÓN;01;ESCUELAS INFANTILES;;;;;;;0;9565,05;9565,05;0;0;9565,05;9565,05;8526,55;0;8526,55;
4;SC Y CE FINANC. CON RTG;001;208;32301;63200;2025/008135;2025/038135;ESCUELA INFANTIL LA CARACOLA. OBRAS DE CONSERVACIÓN;208;FUENCARRAL-EL PARDO;05;EDUCACIÓN;01;ESCUELAS INFANTILES;;;;;;;0;13257,07;13257,07;0;0;13257,07;13257,07;13251,55;0;13251,55;
4;SC Y CE FINANC. CON RTG;001;208;32301;63200;2025/008135;2025/048135;ESCUELA INFANTIL POETA GLORIA FUERTES. OBRAS DE CONSERVACIÓN;208;FUENCARRAL-EL PARDO;05;EDUCACIÓN;01;ESCUELAS INFANTILES;;;;;;;0;9903,81;9903,81;0;0;9903,81;9903,81;9903,58;0;9903,58;
4;SC Y CE FINANC. CON RTG;001;208;32301;63200;2025/008135;2025/058135;ESCUELA INFANTIL ELENA FORTÚN. OBRAS DE CONSERVACIÓN;208;FUENCARRAL-EL PARDO;05;EDUCACIÓN;01;ESCUELAS INFANTILES;;;;;;;0;10319,99;10319,99;0;0;10319,99;10319,99;9508,31;0;9508,31;
4;SC Y CE FINANC. CON RTG;001;208;32301;63200;2025/008136;2025/008136;CENTROS DOCENTES ENSEÑANZA DISTRITO FUENCARRAL-EL PARDO. OBRAS DE REPARACIÓN Y MEJORA DE PARARRAYOS;208;FUENCARRAL-EL PARDO;05;EDUCACIÓN;00;COLEGIOS;;;;;;;0;70000;70000;915,7;0;69084,3;69084,3;0;0;0;
;;001;208;32301;62300;2025/000405;2025/000405;ESCUELAS INFANTILES DEL DISTRITO DE FUENCARRAL-EL PARDO. DESFIBRILADORES;208;FUENCARRAL-EL PARDO;05;EDUCACIÓN;01;ESCUELAS INFANTILES;;;;;;;0;251,68;251,68;251,68;0;0;0;0;0;0;
;;001;208;32301;62300;2025/000405;2025/010405;ESCUELA INFANTIL EL FRESNO. DESFIBRILADORES;208;FUENCARRAL-EL PARDO;05;EDUCACIÓN;01;ESCUELAS INFANTILES;;;;;;;0;2309,89;2309,89;0;0;2309,89;2309,89;2309,89;0;2309,89;
;;001;208;32301;62300;2025/000405;2025/020405;ESCUELA INFANTIL ELENA FORTÚN. DESFIBRILADORES;208;FUENCARRAL-EL PARDO;05;EDUCACIÓN;01;ESCUELAS INFANTILES;;;;;;;0;2309,89;2309,89;0;0;2309,89;2309,89;2309,89;0;2309,89;
;;001;208;32301;62300;2025/000405;2025/030405;ESCUELA INFANTIL POETA GLORIA FUERTES. DESFIBRILADORES;208;FUENCARRAL-EL PARDO;05;EDUCACIÓN;01;ESCUELAS INFANTILES;;;;;;;0;2312,31;2312,31;0;0;2312,31;2312,31;2312,31;0;2312,31;
;;001;208;32301;62300;2025/000405;2025/040405;ESCUELA INFANTIL LA CARACOLA. DESFIBRILADORES;208;FUENCARRAL-EL PARDO;05;EDUCACIÓN;01;ESCUELAS INFANTILES;;;;;;;0;2309,89;2309,89;0;0;2309,89;2309,89;2309,89;0;2309,89;
;;001;208;32301;62300;2025/000405;2025/050405;ESCUELA INFANTIL LA CORTE DEL FARAÓN. DESFIBRILADORES;208;FUENCARRAL-EL PARDO;05;EDUCACIÓN;01;ESCUELAS INFANTILES;;;;;;;0;2309,89;2309,89;0;0;2309,89;2309,89;2309,89;0;2309,89;
;;001;208;32301;62300;2025/000405;2025/060405;ESCUELA INFANTIL LA ROSA DEL AZAFRÁN. DESFIBRILADORES;208;FUENCARRAL-EL PARDO;05;EDUCACIÓN;01;ESCUELAS INFANTILES;;;;;;;0;2309,89;2309,89;0;0;2309,89;2309,89;2309,89;0;2309,89;
;;001;208;32301;63200;2022/000584;2022/000584;OBRAS DE ACONDICIONAMIENTO Y MEJORA CENTROS EDUCATIVOS DEL DISTRITO DE FUENCARRAL-EL PARDO;208;FUENCARRAL-EL PARDO;05;EDUCACIÓN;00;COLEGIOS;;;;;;;0;4334,73;4334,73;4334,73;0;0;0;0;0;0;
;;001;208;32301;63200;2024/009020;2024/009020;CENTROS DOCENTES DISTRITO FUENCARRAL-EL PARDO. COLOCACIÓN LÍNEAS VIDA MANTENIMIENTO CUBIERTA;208;FUENCARRAL-EL PARDO;05;EDUCACIÓN;00;COLEGIOS;;;;;;;0;32131,89;32131,89;0;0;32131,89;32131,89;25471,11;0;25471,11;
;;001;208;32301;63200;2025/000178;2025/000178;OBRAS DE REPARACIÓN Y CONSERVACIÓN CENTROS DOCENTES DE ENSEÑANZA DISTRITO DE FUENCARRAL-EL PARDO;208;FUENCARRAL-EL PARDO;05;EDUCACIÓN;00;COLEGIOS;;;;;;;471459;-370470,77;100988,23;100988,23;0;0;0;0;0;0;
;;001;208;32301;63200;2025/000178;2025/010178;CENTROS DOCENTES DISTRITO FUENCARRAL-EL PARDO. ADECUACIÓN ALARMAS ANTI-INTRUSIÓN A GRADO 2;208;FUENCARRAL-EL PARDO;05;EDUCACIÓN;00;COLEGIOS;;;;;;;0;175691,61;175691,61;0;0;175691,61;175691,61;170879,54;0;170879,54;
;;001;208;32301;63200;2025/000178;2025/020178;COLEGIO PÚBLICO BLAS DE LEZO. ADECUACIÓN Y CLIMATIZACIÓN DE DEPENDENCIAS PERSONAL DE OFICIOS (POSI);208;FUENCARRAL-EL PARDO;05;EDUCACIÓN;00;COLEGIOS;;;;;;;0;23958,28;23958,28;0;0;23958,28;23958,28;23135,74;0;23135,74;
;;001;208;32301;63200;2025/000178;2025/030178;COLEGIO PÚBLICO COMPLEJO ESCOLAR PRÍNCIPE FELIPE. OBRAS INSTALACIÓN DE CANASTAS DE BALONCESTO;208;FUENCARRAL-EL PARDO;05;EDUCACIÓN;00;COLEGIOS;;;;;;;0;11752,04;11752,04;0;0;11752,04;11752,04;11752,03;0;11752,03;
;;001;208;32301;63200;2025/000178;2025/040178;COLEGIO PÚBLICO PRÍNCIPE DE ASTURIAS. OBRAS DE REFORMA DE VALLADOS Y APERTURA DE NUEVA ENTRADA;208;FUENCARRAL-EL PARDO;05;EDUCACIÓN;00;COLEGIOS;;;;;;;0;32184,62;32184,62;0;0;32184,62;32184,62;32184,62;0;32184,62;
;;001;208;32301;63200;2025/000178;2025/050178;COLEGIO PÚBLICO COMPLEJO ESCOLAR PRÍNCIPE FELIPE. OBRAS DE ADECUACIÓN DE AULAS EDUCACIÓN PRIMARIA;208;FUENCARRAL-EL PARDO;05;EDUCACIÓN;00;COLEGIOS;;;;;;;0;30064,08;30064,08;0;0;30064,08;30064,08;29718,34;0;29718,34;
;;001;208;32301;63200;2025/000178;2025/060178;COLEGIO PÚBLICO ANTONIO FONTAN. OBRAS DE CONSERVACIÓN DE CUBIERTA Y OTRAS;208;FUENCARRAL-EL PARDO;05;EDUCACIÓN;00;COLEGIOS;;;;;;;0;60353,52;60353,52;0;0;60353,52;60353,52;0;0;0;
4;SC Y CE FINANC. CON RTG;001;208;32301;63200;2025/008115;2025/008115;COLEGIO PÚBLICO ALHAMBRA. REHABILITACIÓN FACHADAS, PATIOS, ASEOS Y OTRAS DE EFICIENCIA ENERGÈTICA;208;FUENCARRAL-EL PARDO;05;EDUCACIÓN;00;COLEGIOS;;;;;;;0;193000;193000;207,05;0;192792,95;192792,95;187902,28;0;187902,28;
4;SC Y CE FINANC. CON RTG;001;208;32301;63200;2025/008116;2025/008116;COLEGIO PÚBLICO RABINDRANANTH TAGORE. MEJORA SANEAMIENTO, INSTALACIONES Y EFICIENCIA ENERGÈTICA;208;FUENCARRAL-EL PARDO;05;EDUCACIÓN;00;COLEGIOS;;;;;;;0;155000;155000;242,38;0;154757,62;154757,62;76677,58;0;76677,58;
4;SC Y CE FINANC. CON RTG;001;208;32301;63200;2025/008123;2025/008123;COLEGIO PÚBLICO CARDENAL HERRERA ORIA. CONSOLIDACIÓN ESTRUCTURAL Y  MEJORAS EN FONTANERÍA Y  PATIO;208;FUENCARRAL-EL PARDO;05;EDUCACIÓN;00;COLEGIOS;;;;;;;0;250000;250000;1841,28;0;248158,72;248158,72;152617,73;0;152617,73;
4;SC Y CE FINANC. CON RTG;001;208;32301;63200;2025/008127;2025/008127;COLEGIO PÚBLICO CAMILO JOSÉ CELA. ADECUACIÓN CUBIERTA Y CALDERA GIMNASIO Y MEJORA RED SANEAMIENTO;208;FUENCARRAL-EL PARDO;05;EDUCACIÓN;00;COLEGIOS;;;;;;;0;110000;110000;9105,12;0;100894,88;100894,88;79669,18;0;79669,18;
4;SC Y CE FINANC. CON RTG;001;208;32301;63200;2025/008128;2025/008128;COLEGIO PÚBLICO LUIS DE GÓNGORA. OBRAS DE IMPERMEABILIZACIÓN DE CUBIERTAS Y EFICIENCIA ENERGÉTICA;208;FUENCARRAL-EL PARDO;05;EDUCACIÓN;00;COLEGIOS;;;;;;;0;90000;90000;24,67;0;89975,33;89975,33;79240,45;0;79240,45;
4;SC Y CE FINANC. CON RTG;001;208;32301;63200;2025/008129;2025/008129;CENTROS DOCENTES ENSEÑANZA DISTRITO FUENCARRAL-EL PARDO. OBRAS DE MEJORA Y EFICIENCIA ENERGÉTICA;208;FUENCARRAL-EL PARDO;05;EDUCACIÓN;00;COLEGIOS;;;;;;;0;1649,57;1649,57;1649,57;0;0;0;0;0;0;
4;SC Y CE FINANC. CON RTG;001;208;32301;63200;2025/008129;2025/018129;COLEGIO PÚBLICO ANTONIO FONTÁN.ADECUACIÓN VALLADO PISTAS DEPORTIVAS, PUERTAS Y EFICIENCIA ENERGÉTICA;208;FUENCARRAL-EL PARDO;05;EDUCACIÓN;00;COLEGIOS;;;;;;;0;79887,47;79887,47;0;0;79887,47;79887,47;70983,67;0;70983,67;
4;SC Y CE FINANC. CON RTG;001;208;32301;63200;2025/008129;2025/028129;COLEGIO PÚBLICO BRAVO MURILLO. CONSERVACIÓN CUBIERTAS, SISTEMAS ANTIPALOMAS Y OTRAS MEJORAS;208;FUENCARRAL-EL PARDO;05;EDUCACIÓN;00;COLEGIOS;;;;;;;0;91271,73;91271,73;0;0;91271,73;91271,73;86995,06;0;86995,06;
4;SC Y CE FINANC. CON RTG;001;208;32301;63200;2025/008129;2025/038129;COLEGIO PÚBLICO BREOGÁN. EXIGENCIAS INSPECCIÓN TÉCNICA DE EDIFICIOS Y OTRAS MEJORAS;208;FUENCARRAL-EL PARDO;05;EDUCACIÓN;00;COLEGIOS;;;;;;;0;83217,91;83217,91;0;0;83217,91;83217,91;83108,73;0;83108,73;
4;SC Y CE FINANC. CON RTG;001;208;32301;63200;2025/008129;2025/048129;COLEGIO PÚBLICO INFANTA LEONOR. ADECUACIÓN PATIO, CUBIERTA Y OTRAS DE EFICIENCIA ENERGÉTICA;208;FUENCARRAL-EL PARDO;05;EDUCACIÓN;00;COLEGIOS;;;;;;;0;45531,54;45531,54;0;0;45531,54;45531,54;39936,66;0;39936,66;
4;SC Y CE FINANC. CON RTG;001;208;32301;63200;2025/008129;2025/058129;COLEGIO PÚBLICO JORGE GUILLÉN.OBRAS CONSERVACIÓN INSTALACIÓN ELÉCTRICA Y EFICIENCIA ILUMINACIÓN LED;208;FUENCARRAL-EL PARDO;05;EDUCACIÓN;00;COLEGIOS;;;;;;;0;37600,58;37600,58;0;0;37600,58;37600,58;34072,85;0;34072,85;
4;SC Y CE FINANC. CON RTG;001;208;32301;63200;2025/008129;2025/068129;COLEGIO PÚBLICO JOSÉ BERGAMÍN. OBRAS DE REFORMA  REVESTIMIENTOS EN PATIOS INTERIORES Y EXTERIORES;208;FUENCARRAL-EL PARDO;05;EDUCACIÓN;00;COLEGIOS;;;;;;;0;39990,62;39990,62;0;0;39990,62;39990,62;39939,44;0;39939,44;
;;001;208;33401;62599;2025/000179;2025/000179;EQUIPAMIENTO CENTROS CULTURALES DEL DISTRITO DE FUENCARRAL-EL PARDO;208;FUENCARRAL-EL PARDO;10;CULTURA;03;CENTROS CULTURALES;;;;;;;10000;-7928,1;2071,9;2071,9;0;0;0;0;0;0;
;;001;208;33401;62599;2025/000179;2025/010179;EQUIPAMIENTO CENTRO SOCIOCULTURAL VALVERDE;208;FUENCARRAL-EL PARDO;10;CULTURA;03;CENTROS CULTURALES;;;;;;;0;2615,78;2615,78;0;0;2615,78;2615,78;0;0;0;
;;001;208;33401;62599;2025/000179;2025/020179;EQUIPAMIENTO CENTRO SOCIOCULTURAL RAFAEL DE LEÓN;208;FUENCARRAL-EL PARDO;10;CULTURA;03;CENTROS CULTURALES;;;;;;;0;853,08;853,08;0;0;853,08;853,08;0;0;0;
;;001;208;33401;62599;2025/000179;2025/040179;EQUIPAMIENTO CENTRO SOCIOCULTURAL MONTECARMELO;208;FUENCARRAL-EL PARDO;10;CULTURA;03;CENTROS CULTURALES;;;;;;;0;2457,24;2457,24;0;0;2457,24;2457,24;0;0;0;
;;001;208;33401;63599;2025/000179;2025/000179;EQUIPAMIENTO CENTROS CULTURALES DEL DISTRITO DE FUENCARRAL-EL PARDO;208;FUENCARRAL-EL PARDO;10;CULTURA;03;CENTROS CULTURALES;;;;;;;10000;-1674,14;8325,86;8325,86;0;0;0;0;0;0;
;;001;208;33401;63599;2025/000179;2025/010179;EQUIPAMIENTO CENTRO SOCIOCULTURAL VALVERDE;208;FUENCARRAL-EL PARDO;10;CULTURA;03;CENTROS CULTURALES;;;;;;;0;1597,2;1597,2;0;0;1597,2;1597,2;0;0;0;
;;001;208;33401;63599;2025/000179;2025/020179;EQUIPAMIENTO CENTRO SOCIOCULTURAL RAFAEL DE LEÓN;208;FUENCARRAL-EL PARDO;10;CULTURA;03;CENTROS CULTURALES;;;;;;;0;1664,03;1664,03;0;0;1664,03;1664,03;0;0;0;
;;001;208;33401;63599;2025/000179;2025/030179;EQUIPAMIENTO CENTRO SOCIOCULTURAL ALFONSO XII;208;FUENCARRAL-EL PARDO;10;CULTURA;03;CENTROS CULTURALES;;;;;;;0;414,91;414,91;0;0;414,91;414,91;0;0;0;
;;001;208;34201;62300;2025/000180;2025/000180;EQUIPAMIENTO CENTROS DEPORTIVOS DEL DISTRITO DE FUENCARRAL-EL PARDO;208;FUENCARRAL-EL PARDO;11;DEPORTES, JUVENTUD  Y ESPARCIMIENTO;01;POLIDEPORTIVOS;;;;;;;10000;11000;21000;21000;0;0;0;0;0;0;
;;001;208;34201;62302;2025/000180;2025/000180;EQUIPAMIENTO CENTROS DEPORTIVOS DEL DISTRITO DE FUENCARRAL-EL PARDO;208;FUENCARRAL-EL PARDO;11;DEPORTES, JUVENTUD  Y ESPARCIMIENTO;01;POLIDEPORTIVOS;;;;;;;6000;-6000;0;0;0;0;0;0;0;0;
;;001;208;34201;62599;2025/000180;2025/000180;EQUIPAMIENTO CENTROS DEPORTIVOS DEL DISTRITO DE FUENCARRAL-EL PARDO;208;FUENCARRAL-EL PARDO;11;DEPORTES, JUVENTUD  Y ESPARCIMIENTO;01;POLIDEPORTIVOS;;;;;;;10000;-5000;5000;5000;0;0;0;0;0;0;
;;001;208;34201;62901;2025/001196;2025/001196;CENTRO DEPORTIVO LA MASÓ. ADQUISICIÓN LONA DE SEÑALIZACIÓN;208;FUENCARRAL-EL PARDO;11;DEPORTES, JUVENTUD  Y ESPARCIMIENTO;01;POLIDEPORTIVOS;;;;;;;0;10000;10000;235,3;0;9764,7;9764,7;9764,7;0;9764,7;
;;001;208;34201;63200;2018/006637;2018/006637;DEPORTIVO BÁSICO ISLA DE TABARCA. OBRAS DE ACONDICIONAMIENTO Y MEJORA;208;FUENCARRAL-EL PARDO;11;DEPORTES, JUVENTUD  Y ESPARCIMIENTO;02;PISTAS DEPORTIVAS ELEMENTALES;;;;;;;0;172597,07;172597,07;0;0;172597,07;172597,07;172597,07;0;0;
;;001;208;34201;63200;2021/000119;2021/000119;OBRAS DE CONSERVACION INSTALACIONES DEPORTIVAS DISTRITO DE FUENCARRAL-EL PARDO;208;FUENCARRAL-EL PARDO;11;DEPORTES, JUVENTUD  Y ESPARCIMIENTO;01;POLIDEPORTIVOS;;;;;;;0;4661,75;4661,75;4661,75;0;0;0;0;0;0;
;;001;208;34201;63200;2022/000404;2022/000404;OBRAS DE CONSERVACIÓN EN CENTROS DEPORTIVOS DEL DISTRITO FUENCARRAL-EL PARDO;208;FUENCARRAL-EL PARDO;11;DEPORTES, JUVENTUD  Y ESPARCIMIENTO;01;POLIDEPORTIVOS;;;;;;;0;10274,19;10274,19;10274,19;0;0;0;0;0;0;
;;001;208;34201;63200;2024/000349;2024/040349;CENTRO DEPORTIVO LUIS DE LA FUENTE (ANTIGUO LA MASÓ). OBRAS DE REPARACIÓN DEL ROCÓDROMO EXTERIOR;208;FUENCARRAL-EL PARDO;11;DEPORTES, JUVENTUD  Y ESPARCIMIENTO;01;POLIDEPORTIVOS;;;;;;;0;49879,29;49879,29;0;0;49879,29;49879,29;49820,47;0;49820,47;
;;001;208;34201;63200;2025/000286;2025/000286;OBRAS DE REFORMA Y CONSERVACIÓN INSTALACIONES DEPORTIVAS DEL DISTRITO DE FUENCARRAL-EL PARDO;208;FUENCARRAL-EL PARDO;11;DEPORTES, JUVENTUD  Y ESPARCIMIENTO;01;POLIDEPORTIVOS;;;;;;;95749;-95749;0;0;0;0;0;0;0;0;
;;001;208;34201;63200;2025/000286;2025/010286;CENTRO DEPORTIVO VICENTE DEL BOSQUE. OBRAS CONSERVACIÓN DE VESTUARIOS PISCINA DE VERANO;208;FUENCARRAL-EL PARDO;11;DEPORTES, JUVENTUD  Y ESPARCIMIENTO;01;POLIDEPORTIVOS;;;;;;;0;49927,79;49927,79;0;0;49927,79;49927,79;49927,78;0;49927,78;
;;001;208;34201;63200;2025/000286;2025/020286;CENTRO DEPORTIVO VICENTE DEL BOSQUE. ADECUACIÓN DE LA INSTALACIÓN ELÉCTRICA;208;FUENCARRAL-EL PARDO;11;DEPORTES, JUVENTUD  Y ESPARCIMIENTO;01;POLIDEPORTIVOS;;;;;;;0;36189,26;36189,26;0;0;36189,26;36189,26;30852,54;0;30852,54;
;;001;208;34201;63200;2025/000286;2025/030286;DEPORTIVO BÁSICO BARRIO DE SANTA ANA-ANDRÉS NAVARRETE. OBRAS CONSOLIDACIÓN MURO;208;FUENCARRAL-EL PARDO;11;DEPORTES, JUVENTUD  Y ESPARCIMIENTO;02;PISTAS DEPORTIVAS ELEMENTALES;;;;;;;0;58396,15;58396,15;0;0;58396,15;58396,15;58396,15;0;58396,15;
;;001;208;34201;63200;2025/000387;2025/000387;DEPORTIVO BÁSICO SANTA ANA-ANDRÉS NAVARRETE. SUSTITUCIÓN CÉSPED ARTIFICIAL CAMPOS DE FÚTBOL;208;FUENCARRAL-EL PARDO;11;DEPORTES, JUVENTUD  Y ESPARCIMIENTO;02;PISTAS DEPORTIVAS ELEMENTALES;;;;;;;360000;0;360000;6,96;0;359993,04;359993,04;347619,02;0;347619,02;
5;FONDO DE REEQUILIBRIO TERRITORIAL;001;208;34201;63200;2023/003061;2023/003061;DEPORTIVO BÁSICO LAS TABLAS. CUBRICIÓN PISTAS (HOCKEY Y BALONCESTO) Y OTRAS MEJORAS (ID 21: 17892);208;FUENCARRAL-EL PARDO;11;DEPORTES, JUVENTUD  Y ESPARCIMIENTO;02;PISTAS DEPORTIVAS ELEMENTALES;;;;;18;PRESUPUESTOS PARTICIPATIVOS;400000;350000;750000;1788,51;0;748211,49;748211,49;0;0;0;
;;001;208;34201;63901;2025/001087;2025/001087;CENTRO DEPORTIVO LA MASÓ. SEÑALÉTICA;208;FUENCARRAL-EL PARDO;11;DEPORTES, JUVENTUD  Y ESPARCIMIENTO;01;POLIDEPORTIVOS;;;;;;;0;2058,68;2058,68;0;0;2058,68;2058,68;0;0;0;
;;001;208;92001;62301;2025/001385;2025/001385;SERVICIOS ADMINISTRATIVOS DISTRITO DE FUENCARRAL-EL PARDO. ESCÁNER DE SEGURIDAD;208;FUENCARRAL-EL PARDO;00;INVERSIONES DE CARÁCTER GENERAL;02;SERVICIOS ADMINISTRATIVOS  TERRITORIALES;;;;;;;0;16274,5;16274,5;0;0;16274,5;16274,5;16274,5;0;16274,5;
;;001;208;93302;63200;2022/000585;2022/000585;OBRAS DE ACONDICIONAMIENTO Y MEJORA EDIFICIOS DEL DISTRITO DE FUENCARRAL-EL PARDO;208;FUENCARRAL-EL PARDO;00;INVERSIONES DE CARÁCTER GENERAL;03;EDIFICIOS PARA EL USO GENERAL;;;;;;;0;27733,83;27733,83;27733,83;0;0;0;0;0;0;
;;001;208;93302;63200;2025/000287;2025/000287;OBRAS DE CONSERVACIÓN Y MEJORA DE EDIFICIOS DEL DISTRITO DE FUENCARRAL-EL PARDO;208;FUENCARRAL-EL PARDO;00;INVERSIONES DE CARÁCTER GENERAL;03;EDIFICIOS PARA EL USO GENERAL;;;;;;;50000;-50000;0;0;0;0;0;0;0;0;
;;001;208;93302;63200;2025/000287;2025/010287;CENTRO CULTURAL ALFREDO KRAUS. OBRAS DE REPARACIÓN DEL ELEVADOR Y MEJORAS ACCESIBILIDAD EN ASEOS;208;FUENCARRAL-EL PARDO;10;CULTURA;03;CENTROS CULTURALES;;;;;;;0;23875,53;23875,53;0;0;23875,53;23875,53;0;0;0;
;;001;208;93302;63200;2025/000287;2025/020287;CENTRO CULTURAL LA VAGUADA. OBRAS DE INSTALACIÓN DE CORTINA DE AIRE EN ENTRADA;208;FUENCARRAL-EL PARDO;10;CULTURA;03;CENTROS CULTURALES;;;;;;;0;4482,14;4482,14;0;0;4482,14;4482,14;0;0;0;
;;001;208;93302;63200;2025/000287;2025/030287;CENTRO DE SERVICIOS SOCIALES SAN VICENTE DE PAUL. OBRAS DE REPARACIÓN EN MURO DE CONTECIÓN;208;FUENCARRAL-EL PARDO;03;PROTECCIÓN Y PROMOCIÓN SOCIAL;02;CENTROS DE SERVICIOS SOCIALES;;;;;;;0;33402,87;33402,87;0;0;33402,87;33402,87;17066,48;0;17066,48;
;;001;208;93302;63200;2025/000287;2025/040287;COMPLEJO LA VAGUADA. OBRAS DE ACONDICIONAMIENTO EN RAMPA DE GARAJE;208;FUENCARRAL-EL PARDO;00;INVERSIONES DE CARÁCTER GENERAL;02;SERVICIOS ADMINISTRATIVOS  TERRITORIALES;;;;;;;0;17545;17545;0;0;17545;17545;0;0;0;
5;FONDO DE REEQUILIBRIO TERRITORIAL;001;208;93302;63200;2025/005004;2025/005004;ESPACIOS PARA GRUPOS MUSICALES EN EL DISTRITO DE FUENCARRAL EL PARDO. ADECUACIÓN (ID 18: 10986);208;FUENCARRAL-EL PARDO;10;CULTURA;05;PROMOCIÓN DE LA CULTURA;;;;;18;PRESUPUESTOS PARTICIPATIVOS;48000;69000;117000;5703,67;0;111296,33;111296,33;0;0;0;
;;001;209;15322;61910;2025/001188;2025/001188;GLORIETA PEPE DOMINGO CASTAÑO. OBRAS DE REFORMA, INTEGRACIÓN AMBIENTAL Y MEJORA DEL PAISAJE URBANO;209;MONCLOA-ARAVACA;08;MANTENIMIENTO URBANO;02;VÍAS PÚBLICAS;;;;;;;0;96310,99;96310,99;95000;0;1310,99;1310,99;0;0;0;
5;FONDO DE REEQUILIBRIO TERRITORIAL;001;209;15322;61910;2023/003073;2023/003073;PARQUE INFANTIL EN LA CALLE SAN GERARDO 59. INSTALACIÓN (ID 19: 13834);209;MONCLOA-ARAVACA;08;MANTENIMIENTO URBANO;01;MOBILIARIO URBANO;;;;;18;PRESUPUESTOS PARTICIPATIVOS;81979;35345,8;117324,8;11645,87;0;105678,93;105678,93;85204,21;0;85204,21;
;;001;209;17102;61920;2025/001455;2025/001455;PARQUE LA BOMBILLA. OBRAS DE CONSOLIDACIÓN Y REFUERZO DE MURO;209;MONCLOA-ARAVACA;09;MEDIO AMBIENTE;00;PARQUES;;;;;;;0;20500;20500;20500;0;0;0;0;0;0;
;;001;209;23103;63599;2025/001059;2025/001059;EQUIPAMIENTO CENTRO DE MAYORES INFANTE DON JUAN;209;MONCLOA-ARAVACA;03;PROTECCIÓN Y PROMOCIÓN SOCIAL;01;CENTROS DE MAYORES;;;;;;;0;1700;1700;308,5;0;1391,5;1391,5;1391,5;0;1391,5;
;;001;209;23103;62599;2025/001187;2025/001187;CENTRO DE MAYORES ARAVACA. ESTRUCTURAS DE SOMBRA Y REFUGIO CLIMÁTICO;209;MONCLOA-ARAVACA;03;PROTECCIÓN Y PROMOCIÓN SOCIAL;01;CENTROS DE MAYORES;;;;;;;0;539,5;539,5;0;0;539,5;539,5;0;0;0;
5;FONDO DE REEQUILIBRIO TERRITORIAL;001;209;23103;62599;2025/000005;2025/000005;CENTROS DE MAYORES DEL DISTRITO MONCLOA-ARAVACA. ESTRUCTURAS DE SOMBRA Y REFUGIO CLIMÁTICO;209;MONCLOA-ARAVACA;03;PROTECCIÓN Y PROMOCIÓN SOCIAL;01;CENTROS DE MAYORES;;;17;FONDO REEQUILIBRIO TERRITORIAL;;;30000;-29742,32;257,68;257,68;0;0;0;0;0;0;
5;FONDO DE REEQUILIBRIO TERRITORIAL;001;209;23103;62599;2025/000005;2025/010005;CENTRO DE MAYORES MANZANARES. ESTRUCTURAS DE SOMBRA Y REFUGIOS CLIMATICOS;209;MONCLOA-ARAVACA;03;PROTECCIÓN Y PROMOCIÓN SOCIAL;01;CENTROS DE MAYORES;;;17;FONDO REEQUILIBRIO TERRITORIAL;;;0;29742,32;29742,32;0;0;29742,32;29742,32;1490,09;0;1490,09;
;;001;209;23106;62301;2025/001449;2025/001449;CENTRO DE SERVICIOS SOCIALES DEHESA DE LA VILLA. INSTALACIONES DE CLIMATIZACIÓN;209;MONCLOA-ARAVACA;03;PROTECCIÓN Y PROMOCIÓN SOCIAL;02;CENTROS DE SERVICIOS SOCIALES;;;;;;;0;23000;23000;23000;0;0;0;0;0;0;
;;001;209;32301;63200;2024/009014;2024/049014;COLEGIO PÚBLICO ROSA DE LUXEMBURGO. MEJORA SUELOS, REVESTIMIENTOS, CARPINTERÍAS Y OTRAS;209;MONCLOA-ARAVACA;05;EDUCACIÓN;00;COLEGIOS;;;;;;;0;54898,08;54898,08;0;0;54898,08;54898,08;27135,58;0;26454,05;
;;001;209;32301;63200;2025/000034;2025/000034;OBRAS DE CONSERVACIÓN Y MEJORA EN CENTROS DOCENTES DE ENSEÑANZA DEL DISTRITO DE MONCLOA-ARAVACA;209;MONCLOA-ARAVACA;05;EDUCACIÓN;00;COLEGIOS;;;;;;;95000;-95000;0;0;0;0;0;0;0;0;
4;SC Y CE FINANC. CON RTG;001;209;32301;63200;2025/008048;2025/008048;CENTROS DOCENTES DISTRITO MONCLOA-ARAVACA. OBRAS DE MEJORA Y ACONDICIONAMIENTO DE  LAS INSTALACIONES;209;MONCLOA-ARAVACA;05;EDUCACIÓN;00;COLEGIOS;;;;;;;0;42797,04;42797,04;42797,04;0;0;0;0;0;0;
4;SC Y CE FINANC. CON RTG;001;209;32301;63200;2025/008048;2025/018048;COLEGIO PÚBLICO ESCUELAS BOSQUE. OBRAS DE MEJORA Y ADECUACIÓN DE LAS INSTALACIONES;209;MONCLOA-ARAVACA;05;EDUCACIÓN;00;COLEGIOS;;;;;;;0;46282,48;46282,48;0;0;46282,48;46282,48;23751,41;0;0;
4;SC Y CE FINANC. CON RTG;001;209;32301;63200;2025/008048;2025/028048;COLEGIO PÚBLICO EUGENIO MARÍA HOSTOS. OBRAS DE MEJORA Y ADECUACIÓN DE LAS INSTALACIONES;209;MONCLOA-ARAVACA;05;EDUCACIÓN;00;COLEGIOS;;;;;;;0;67807,53;67807,53;0;0;67807,53;67807,53;337,61;0;0;
4;SC Y CE FINANC. CON RTG;001;209;32301;63200;2025/008048;2025/038048;COLEGIO PÚBLICO LEPANTO. OBRAS DE MEJORA Y ADECUACIÓN DE LAS INSTALACIONES;209;MONCLOA-ARAVACA;05;EDUCACIÓN;00;COLEGIOS;;;;;;;0;81709,94;81709,94;0;0;81709,94;81709,94;10047,07;0;0;
4;SC Y CE FINANC. CON RTG;001;209;32301;63200;2025/008048;2025/048048;COLEGIO PÚBLICO PORTUGAL. OBRAS DE MEJORA Y ADECUACIÓN DE LAS INSTALACIONES;209;MONCLOA-ARAVACA;05;EDUCACIÓN;00;COLEGIOS;;;;;;;0;48104,69;48104,69;0;0;48104,69;48104,69;0;0;0;
4;SC Y CE FINANC. CON RTG;001;209;32301;63200;2025/008048;2025/058048;ESCUELA INFANTIL ANTONIO MERCERO. OBRAS DE MEJORA Y ADECUACIÓN DE LAS INSTALACIONES;209;MONCLOA-ARAVACA;05;EDUCACIÓN;01;ESCUELAS INFANTILES;;;;;;;0;10756,58;10756,58;0;0;10756,58;10756,58;0;0;0;
4;SC Y CE FINANC. CON RTG;001;209;32301;63200;2025/008048;2025/068048;ESCUELA INFANTIL LA BOLA DE CRISTAL. OBRAS DE MEJORA Y ADECUACIÓN DE LAS INSTALACIONES;209;MONCLOA-ARAVACA;05;EDUCACIÓN;01;ESCUELAS INFANTILES;;;;;;;0;29788,98;29788,98;0;0;29788,98;29788,98;0;0;0;
4;SC Y CE FINANC. CON RTG;001;209;32301;63200;2025/008048;2025/078048;ESCUELA INFANTIL LAS VIÑAS. OBRAS DE MEJORA Y ADECUACIÓN DE LAS INSTALACIONES;209;MONCLOA-ARAVACA;05;EDUCACIÓN;01;ESCUELAS INFANTILES;;;;;;;0;752,76;752,76;0;0;752,76;752,76;0;0;0;
4;SC Y CE FINANC. CON RTG;001;209;32301;63200;2025/008082;2025/008082;COLEGIO PÚBLICO DANIEL VÁZQUEZ DÍAZ. ADECUACIÓN ENVOLVENTE, INSTALACIONES Y OTRAS DE HABITABILIDAD;209;MONCLOA-ARAVACA;05;EDUCACIÓN;00;COLEGIOS;;;;;;;0;215000;215000;13363,42;0;201636,58;201636,58;178835;0;178835;
4;SC Y CE FINANC. CON RTG;001;209;32301;63200;2025/008083;2025/008083;COLEGIO PÚBLICO ARAVACA.MEJORA PARAMENTOS,EFICIENCIA ENERGÉTICA Y OTRAS DE SEGURIDAD Y HABITABILIDAD;209;MONCLOA-ARAVACA;05;EDUCACIÓN;00;COLEGIOS;;;;;;;0;120000;120000;1173,36;0;118826,64;118826,64;0;0;0;
4;SC Y CE FINANC. CON RTG;001;209;32301;63200;2025/008084;2025/008084;COLEGIO PÚBLICO EEUU-HUARTE SAN JUAN. ADECUACIÓN ENVOLVENTE, EFICIENCIA ENERGÉTICA Y OTRAS;209;MONCLOA-ARAVACA;05;EDUCACIÓN;00;COLEGIOS;;;;;;;0;125000;125000;305,92;0;124694,08;124694,08;37896,21;0;37896,21;
4;SC Y CE FINANC. CON RTG;001;209;32301;63200;2025/008085;2025/008085;COLEGIO PÚBLICO FERNÁNDEZ DE MORATÍN.ADECUACIÓN PARAMENTOS, INSTALACIONES Y EFICIENCIA ENERGÉTICA;209;MONCLOA-ARAVACA;05;EDUCACIÓN;00;COLEGIOS;;;;;;;0;100000;100000;612,91;0;99387,09;99387,09;0;0;0;
4;SC Y CE FINANC. CON RTG;001;209;32301;63200;2025/008086;2025/008086;COLEGIO PÚBLICO ROSA LUXEMBURGO. ADECUACIÓN PARAMENTOS, INSTALACIONES Y EFICIENCIA ENERGÉTICA;209;MONCLOA-ARAVACA;05;EDUCACIÓN;00;COLEGIOS;;;;;;;0;110000;110000;7164,68;0;102835,32;102835,32;0;0;0;
5;FONDO DE REEQUILIBRIO TERRITORIAL;001;209;32301;63200;2025/000004;2025/000004;CENTROS DOCENTES DEL DISTRITO MONCLOA-ARAVACA. ESTRUCTURAS DE SOMBRA Y REFUGIOS CLIMATICOS;209;MONCLOA-ARAVACA;05;EDUCACIÓN;00;COLEGIOS;;;17;FONDO REEQUILIBRIO TERRITORIAL;;;100000;-97257,12;2742,88;2742,88;0;0;0;0;0;0;
5;FONDO DE REEQUILIBRIO TERRITORIAL;001;209;32301;63200;2025/000004;2025/010004;ESCUELA INFANTIL LAS VIÑAS. ESTRUCTURAS DE SOMBRA Y REFUGIOS CLIMATICOS;209;MONCLOA-ARAVACA;05;EDUCACIÓN;01;ESCUELAS INFANTILES;;;17;FONDO REEQUILIBRIO TERRITORIAL;;;0;33020,35;33020,35;0;0;33020,35;33020,35;173,97;0;0;
5;FONDO DE REEQUILIBRIO TERRITORIAL;001;209;32301;63200;2025/000004;2025/020004;ESCUELA INFANTIL LA BOLA DE CRISTAL. ESTRUCTURAS DE SOMBRA Y REFUGIOS CLIMATICOS;209;MONCLOA-ARAVACA;05;EDUCACIÓN;01;ESCUELAS INFANTILES;;;17;FONDO REEQUILIBRIO TERRITORIAL;;;0;32604,29;32604,29;0;0;32604,29;32604,29;3088,23;0;0;
5;FONDO DE REEQUILIBRIO TERRITORIAL;001;209;32301;63200;2025/000004;2025/030004;ESCUELA INFANTIL ANTONIO MERCERO. ESTRUCTURAS DE SOMBRA Y REFUGIOS CLIMATICOS;209;MONCLOA-ARAVACA;05;EDUCACIÓN;01;ESCUELAS INFANTILES;;;17;FONDO REEQUILIBRIO TERRITORIAL;;;0;31632,48;31632,48;0;0;31632,48;31632,48;0;0;0;
;;001;209;33401;60999;2025/000006;2025/000006;PLACAS CONMEMORATIVAS EN EL DISTRITO MONCLOA-ARAVACA. INSTALACIÓN;209;MONCLOA-ARAVACA;10;CULTURA;05;PROMOCIÓN DE LA CULTURA;;;;;;;6000;-3678,4;2321,6;2321,6;0;0;0;0;0;0;
;;001;209;33401;60999;2025/000006;2025/010006;PLACA CONMEMORATIVA A MARÍA SÁNCHEZ ARBÓS, C/FRANCOS RODRÍGUEZ, 77. INSTALACIÓN;209;MONCLOA-ARAVACA;10;CULTURA;05;PROMOCIÓN DE LA CULTURA;;;;;;;0;919,6;919,6;0;0;919,6;919,6;885,12;0;885,12;
;;001;209;33401;60999;2025/000006;2025/020006;PLACA CONMEMORATIVA CENTENARIO DE RADIO IBÉRICA, Pº DEL REY, 18. INSTALACIÓN;209;MONCLOA-ARAVACA;10;CULTURA;05;PROMOCIÓN DE LA CULTURA;;;;;;;0;919,6;919,6;0;0;919,6;919,6;919,6;0;919,6;
;;001;209;33401;60999;2025/000006;2025/030006;PLACA CONMEMORATIVA A ANTONIO PALACIOS RAMILO, C/ CIMARRA, 4. INSTALACIÓN;209;MONCLOA-ARAVACA;10;CULTURA;05;PROMOCIÓN DE LA CULTURA;;;;;;;0;919,6;919,6;0;0;919,6;919,6;0;0;0;
;;001;209;33401;60999;2025/000006;2025/040006;PLACA CONMEMORATIVA A EDUARDO TORROJA MIRET EN EL DISTRITO DE MONCLOA-ARAVACA. INSTALACIÓN;209;MONCLOA-ARAVACA;10;CULTURA;05;PROMOCIÓN DE LA CULTURA;;;;;;;0;919,6;919,6;0;0;919,6;919,6;0;0;0;
;;001;209;33401;62599;2025/001470;2025/001470;EQUIPAMIENTO ESPACIO DE LECTURA DOLORES CATARINEU;209;MONCLOA-ARAVACA;10;CULTURA;00;BIBLIOTECAS Y PATRIMONIO BIBLIOGRÁFICO;;;;;;;0;18150;18150;459,64;0;17690,36;17690,36;0;0;0;
;;001;209;34201;61999;2025/001440;2025/001440;DEPORTIVO BÁSICO NUESTRA SEÑORA DEL BUEN CAMINO. OBRAS DE CONSERVACIÓN;209;MONCLOA-ARAVACA;11;DEPORTES, JUVENTUD  Y ESPARCIMIENTO;02;PISTAS DEPORTIVAS ELEMENTALES;;;;;;;0;25000;25000;3113,77;0;21886,23;21886,23;0;0;0;
2;INCORPORACIONES REMANENTES VOLUNTARIAS;001;209;34201;62599;2024/001127;2024/001127;CENTRO DEPORTIVO CASA DE CAMPO. ESTRUCTURAS DE SOMBRA Y REFUGIO CLIMÁTICO;209;MONCLOA-ARAVACA;11;DEPORTES, JUVENTUD  Y ESPARCIMIENTO;01;POLIDEPORTIVOS;;;17;FONDO REEQUILIBRIO TERRITORIAL;;;0;493,16;493,16;0;0;493,16;493,16;493,16;0;493,16;
;;001;209;34201;63200;2025/000036;2025/000036;OBRAS CONSERVACIÓN Y MEJORA EN CENTROS DEPORTIVOS DEL DISTRITO DE MONCLOA-ARAVACA;209;MONCLOA-ARAVACA;11;DEPORTES, JUVENTUD  Y ESPARCIMIENTO;01;POLIDEPORTIVOS;;;;;;;80600;-78302,52;2297,48;2297,48;0;0;0;0;0;0;
;;001;209;34201;63200;2025/000036;2025/010036;CENTRO DEPORTIVO EL QUIJOTE. OBRAS MEJORA DE ACCESIBILIDAD EN PISCINA;209;MONCLOA-ARAVACA;11;DEPORTES, JUVENTUD  Y ESPARCIMIENTO;01;POLIDEPORTIVOS;;;;;;;0;21553,95;21553,95;0;0;21553,95;21553,95;0;0;0;
5;FONDO DE REEQUILIBRIO TERRITORIAL;001;209;34201;63200;2023/003067;2023/003067;CENTRO DEPORTIVO JOSÉ MARÍA CAGIGAL. MEJORA ESPACIOS LIBRES Y RENATURALIZACIÓN (ID 21: 19004);209;MONCLOA-ARAVACA;11;DEPORTES, JUVENTUD  Y ESPARCIMIENTO;01;POLIDEPORTIVOS;;;;;18;PRESUPUESTOS PARTICIPATIVOS;246943;-23573,39;223369,61;0;0;223369,61;223369,61;0;0;0;
;;001;209;34201;63599;2025/000129;2025/000129;CENTROS DEPORTIVOS DEL DISTRITO DE MONCLOA-ARAVACA. OTRO MOBILIARIO Y ENSERES;209;MONCLOA-ARAVACA;11;DEPORTES, JUVENTUD  Y ESPARCIMIENTO;01;POLIDEPORTIVOS;;;;;;;14400;-12640,85;1759,15;1759,15;0;0;0;0;0;0;
;;001;209;34201;63599;2025/000129;2025/010129;CENTRO DEPORTIVO JOSÉ MARÍA CAGIGAL. SILLA MOTORIZADA DE ACCESO A PISCINA DE VERANO;209;MONCLOA-ARAVACA;11;DEPORTES, JUVENTUD  Y ESPARCIMIENTO;01;POLIDEPORTIVOS;;;;;;;0;10912,36;10912,36;0;0;10912,36;10912,36;10912,36;0;10912,36;
;;001;209;34201;63599;2025/000129;2025/020129;CENTRO DEPORTIVO EL QUIJOTE. SILLA CON ELEVADOR HIDRÁULICO PARA PISCINA DE VERANO;209;MONCLOA-ARAVACA;11;DEPORTES, JUVENTUD  Y ESPARCIMIENTO;01;POLIDEPORTIVOS;;;;;;;0;5495,04;5495,04;0;0;5495,04;5495,04;5495,04;0;5495,04;
;;001;209;34201;63599;2025/000129;2025/030129;CENTRO DEPORTIVO FERNANDO MARTÍN. REPOSICIÓN DE MATERIAL DEPORTIVO;209;MONCLOA-ARAVACA;11;DEPORTES, JUVENTUD  Y ESPARCIMIENTO;01;POLIDEPORTIVOS;;;;;;;0;17807,96;17807,96;0;0;17807,96;17807,96;0;0;0;
;;001;209;34201;63599;2025/000129;2025/040129;CENTRO DEPORTIVO JOSÉ MARÍA CAGIGAL. WALKIE-TALKIES;209;MONCLOA-ARAVACA;11;DEPORTES, JUVENTUD  Y ESPARCIMIENTO;01;POLIDEPORTIVOS;;;;;;;0;2462,62;2462,62;0;0;2462,62;2462,62;0;0;0;
;;001;209;34201;63599;2025/000129;2025/050129;CENTRO DEPORTIVO EL QUIJOTE. WALKIE-TALKIES;209;MONCLOA-ARAVACA;11;DEPORTES, JUVENTUD  Y ESPARCIMIENTO;01;POLIDEPORTIVOS;;;;;;;0;2462,62;2462,62;0;0;2462,62;2462,62;0;0;0;
;;001;209;34201;63599;2025/000129;2025/060129;CENTRO DEPORTIVO CASA DE CAMPO. WALKIE-TALKIES;209;MONCLOA-ARAVACA;11;DEPORTES, JUVENTUD  Y ESPARCIMIENTO;01;POLIDEPORTIVOS;;;;;;;0;2462,62;2462,62;0;0;2462,62;2462,62;0;0;0;
;;001;209;34201;63599;2025/000129;2025/070129;CENTRO DEPORTIVO ALFREDO GOYENECHE. WALKIE-TALKIES;209;MONCLOA-ARAVACA;11;DEPORTES, JUVENTUD  Y ESPARCIMIENTO;01;POLIDEPORTIVOS;;;;;;;0;2462,63;2462,63;0;0;2462,63;2462,63;0;0;0;
;;001;209;92001;62302;2025/000032;2025/000032;EQUIPAMIENTO SERVICIOS ADMINISTRATIVOS DEL DISTRITO DE MONCLOA-ARAVACA;209;MONCLOA-ARAVACA;00;INVERSIONES DE CARÁCTER GENERAL;02;SERVICIOS ADMINISTRATIVOS  TERRITORIALES;;;;;;;600;0;600;600;0;0;0;0;0;0;
;;001;209;92001;62500;2025/000032;2025/000032;EQUIPAMIENTO SERVICIOS ADMINISTRATIVOS DEL DISTRITO DE MONCLOA-ARAVACA;209;MONCLOA-ARAVACA;00;INVERSIONES DE CARÁCTER GENERAL;02;SERVICIOS ADMINISTRATIVOS  TERRITORIALES;;;;;;;1000;0;1000;1000;0;0;0;0;0;0;
;;001;209;92001;62599;2025/000032;2025/000032;EQUIPAMIENTO SERVICIOS ADMINISTRATIVOS DEL DISTRITO DE MONCLOA-ARAVACA;209;MONCLOA-ARAVACA;00;INVERSIONES DE CARÁCTER GENERAL;02;SERVICIOS ADMINISTRATIVOS  TERRITORIALES;;;;;;;5000;0;5000;5000;0;0;0;0;0;0;
;;001;209;92001;63302;2025/000032;2025/000032;EQUIPAMIENTO SERVICIOS ADMINISTRATIVOS DEL DISTRITO DE MONCLOA-ARAVACA;209;MONCLOA-ARAVACA;00;INVERSIONES DE CARÁCTER GENERAL;02;SERVICIOS ADMINISTRATIVOS  TERRITORIALES;;;;;;;400;0;400;400;0;0;0;0;0;0;
;;001;209;92001;63500;2025/000032;2025/000032;EQUIPAMIENTO SERVICIOS ADMINISTRATIVOS DEL DISTRITO DE MONCLOA-ARAVACA;209;MONCLOA-ARAVACA;00;INVERSIONES DE CARÁCTER GENERAL;02;SERVICIOS ADMINISTRATIVOS  TERRITORIALES;;;;;;;1000;0;1000;1000;0;0;0;0;0;0;
;;001;209;92001;63599;2025/000032;2025/000032;EQUIPAMIENTO SERVICIOS ADMINISTRATIVOS DEL DISTRITO DE MONCLOA-ARAVACA;209;MONCLOA-ARAVACA;00;INVERSIONES DE CARÁCTER GENERAL;02;SERVICIOS ADMINISTRATIVOS  TERRITORIALES;;;;;;;1000;0;1000;1000;0;0;0;0;0;0;
;;001;209;93302;63200;2022/000582;2022/000582;OBRAS ACONDICIONAMIENTO Y MEJORA EDIFICIOS DEL DISTRITO MONCLOA-ARAVACA;209;MONCLOA-ARAVACA;00;INVERSIONES DE CARÁCTER GENERAL;03;EDIFICIOS PARA EL USO GENERAL;;;;;;;0;20604,79;20604,79;20604,79;0;0;0;0;0;0;
;;001;209;93302;63200;2025/000035;2025/000035;OBRAS DE ACONDICIONAMIENTO Y MEJORA EDIFICIOS DEL DISTRITO DE MONCLOA-ARAVACA;209;MONCLOA-ARAVACA;00;INVERSIONES DE CARÁCTER GENERAL;03;EDIFICIOS PARA EL USO GENERAL;;;;;;;95000;-93026,11;1973,89;1973,89;0;0;0;0;0;0;
;;001;209;93302;63200;2025/000035;2025/010035;CENTRO SERVICIOS SOCIALES DEHESA DE LA VILLA.CONSERVACIÓN Y SUBSANACIÓN INSPECCIÓN TÉCNICA EDIFICIOS;209;MONCLOA-ARAVACA;03;PROTECCIÓN Y PROMOCIÓN SOCIAL;02;CENTROS DE SERVICIOS SOCIALES;;;;;;;0;34844,9;34844,9;0;0;34844,9;34844,9;0;0;0;
;;001;209;93302;63200;2025/000035;2025/020035;CENTRO CULTURAL JULIO CORTAZAR. OBRAS DE CONSERVACIÓN Y SUBSANACIÓN INSPECCIÓN TÉCNICA EDIFICIOS;209;MONCLOA-ARAVACA;10;CULTURA;03;CENTROS CULTURALES;;;;;;;0;38434,32;38434,32;0;0;38434,32;38434,32;2432,78;0;0;
;;001;209;93302;63200;2025/000035;2025/030035;SALA DE LECTURA DOLORES CATARINEU. OBRAS DE ACONDICIONAMIENTO;209;MONCLOA-ARAVACA;10;CULTURA;00;BIBLIOTECAS Y PATRIMONIO BIBLIOGRÁFICO;;;;;;;0;19746,89;19746,89;0;0;19746,89;19746,89;0;0;0;
5;FONDO DE REEQUILIBRIO TERRITORIAL;001;210;15322;61910;2025/000085;2025/000085;VÍAS PÚBLICAS BARRIO DE CAMPAMENTO, LATINA. OBRAS DE MEJORA ACCESIBILIDAD;210;LATINA;08;MANTENIMIENTO URBANO;02;VÍAS PÚBLICAS;;;17;FONDO REEQUILIBRIO TERRITORIAL;;;137000;0;137000;137000;0;0;0;0;0;0;
5;FONDO DE REEQUILIBRIO TERRITORIAL;001;210;15322;61910;2025/001028;2025/001028;COLONIA JUAN TORNERO, BARRIO PUERTA DEL ÁNGEL. OBRAS DE MEJORA ACCESIBILIDAD PEATONAL;210;LATINA;08;MANTENIMIENTO URBANO;02;VÍAS PÚBLICAS;;;17;FONDO REEQUILIBRIO TERRITORIAL;;;0;275000;275000;0,01;0;274999,99;274999,99;0;0;0;
;;001;210;17102;61999;2022/000478;2022/000478;CONEXIÓN PEATONAL CALLES SEPÚLVEDA Y MONSALUPE. MEJORA ACCESIBILIDAD (ID 20: 13124);210;LATINA;07;INFRAESTRUCTURAS;06;OTRAS INVERSIONES EN INFRAESTRUCTURAS URBANAS;;;17;FONDO REEQUILIBRIO TERRITORIAL;18;PRESUPUESTOS PARTICIPATIVOS;500000;3140;503140;838,52;0;502301,48;502301,48;330275,98;0;330275,98;
5;FONDO DE REEQUILIBRIO TERRITORIAL;001;210;17102;61999;2025/000067;2025/000067;ZONAS VERDES C/LAGUNA Y PARODIA, LATINA. REHABILITACIÓNCON CON ÁREAS INFANTILES Y DEPORTIVAS;210;LATINA;09;MEDIO AMBIENTE;01;ZONAS AJARDINADAS;;;17;FONDO REEQUILIBRIO TERRITORIAL;;;450000;0;450000;44008,17;0;405991,83;405991,83;0;0;0;
;;001;210;23103;62300;2025/000266;2025/000266;EQUIPAMIENTO CENTROS DE MAYORES DEL DISTRITO DE LATINA;210;LATINA;03;PROTECCIÓN Y PROMOCIÓN SOCIAL;01;CENTROS DE MAYORES;;;;;;;26000;-25999,27;0,73;0,73;0;0;0;0;0;0;
;;001;210;23103;62300;2025/000266;2025/010266;EQUIPAMIENTO CENTRO DE MAYORES CAMPAMENTO;210;LATINA;03;PROTECCIÓN Y PROMOCIÓN SOCIAL;01;CENTROS DE MAYORES;;;;;;;0;25999,27;25999,27;0;0;25999,27;0;0;0;0;
;;001;210;23103;62599;2025/000266;2025/000266;EQUIPAMIENTO CENTROS DE MAYORES DEL DISTRITO DE LATINA;210;LATINA;03;PROTECCIÓN Y PROMOCIÓN SOCIAL;01;CENTROS DE MAYORES;;;;;;;22116;-22116;0;0;0;0;0;0;0;0;
;;001;210;23103;62599;2025/000266;2025/010266;EQUIPAMIENTO CENTRO DE MAYORES CAMPAMENTO;210;LATINA;03;PROTECCIÓN Y PROMOCIÓN SOCIAL;01;CENTROS DE MAYORES;;;;;;;0;9809,59;9809,59;0;0;9809,59;5514,09;0;0;0;
;;001;210;23103;62599;2025/000266;2025/020266;EQUIPAMIENTO CENTRO DE MAYORES MARGARITA SALAS;210;LATINA;03;PROTECCIÓN Y PROMOCIÓN SOCIAL;01;CENTROS DE MAYORES;;;;;;;0;3536,33;3536,33;0;0;3536,33;3536,33;0;0;0;
;;001;210;23103;62599;2025/000266;2025/030266;EQUIPAMIENTO CENTRO DE MAYORES LUCERO;210;LATINA;03;PROTECCIÓN Y PROMOCIÓN SOCIAL;01;CENTROS DE MAYORES;;;;;;;0;6130,59;6130,59;0;0;6130,59;6130,59;0;0;0;
;;001;210;23103;62599;2025/000266;2025/040266;EQUIPAMIENTO CENTRO DE MAYORES CERRO BERMEJO;210;LATINA;03;PROTECCIÓN Y PROMOCIÓN SOCIAL;01;CENTROS DE MAYORES;;;;;;;0;1751,63;1751,63;0;0;1751,63;1751,63;0;0;0;
;;001;210;23103;62599;2025/005017;2025/005017;PUNTO DE INTERCAMBIO DE LIBROS CENTROS DE MAYORES LATINA. MOBILIARIO Y ENSERES (ID 24:20046);210;LATINA;03;PROTECCIÓN Y PROMOCIÓN SOCIAL;01;CENTROS DE MAYORES;;;;;18;PRESUPUESTOS PARTICIPATIVOS;0;1512,86;1512,86;1512,86;0;0;0;0;0;0;
5;FONDO DE REEQUILIBRIO TERRITORIAL;001;210;23103;62599;2025/005017;2025/005017;PUNTO DE INTERCAMBIO DE LIBROS CENTROS DE MAYORES LATINA. MOBILIARIO Y ENSERES (ID 24:20046);210;LATINA;03;PROTECCIÓN Y PROMOCIÓN SOCIAL;01;CENTROS DE MAYORES;;;;;18;PRESUPUESTOS PARTICIPATIVOS;0;600;600;600;0;0;0;0;0;0;
;;001;210;23106;62599;2025/000154;2025/000154;CENTROS DE SERVICIOS SOCIALES DEL DISTRITO DE LATINA. OTRO MOBILIARIO Y ENSERES;210;LATINA;03;PROTECCIÓN Y PROMOCIÓN SOCIAL;02;CENTROS DE SERVICIOS SOCIALES;;;;;;;5000;0;5000;5000;0;0;0;0;0;0;
;;001;210;31101;62599;2025/001423;2025/001423;EQUIPAMIENTO SERVICIOS DE SALUBRIDAD PÚBLICA DEL DISTRITO DE LATINA;210;LATINA;04;SALUD PÚBLICA;00;PROMOCIÓN DE LA SALUD Y AT. SANITARIA;;;;;;;0;900;900;17,91;0;882,09;882,09;0;0;0;
;;001;210;32301;62599;2025/000163;2025/000163;ESCUELAS INFANTILES DEL DISTRITO DE LATINA. OTRO MOBILIARIO Y ENSERES;210;LATINA;05;EDUCACIÓN;01;ESCUELAS INFANTILES;;;;;;;20000;-1981,07;18018,93;18018,93;0;0;0;0;0;0;
;;001;210;32301;62599;2025/000163;2025/010163;ESCUELA INTANTIL EL MANANTIAL. OTRO MOBILIARIO Y ENSERES;210;LATINA;05;EDUCACIÓN;01;ESCUELAS INFANTILES;;;;;;;0;1309,52;1309,52;0;0;1309,52;1309,52;1309,52;0;0;
;;001;210;32301;62599;2025/000163;2025/020163;ESCUELA INFANTIL LA VERBENA DE LA PALOMA. OTRO MOBILIARIO Y ENSERES;210;LATINA;05;EDUCACIÓN;01;ESCUELAS INFANTILES;;;;;;;0;671,55;671,55;0;0;671,55;671,55;671,55;0;0;
;;001;210;32301;63200;2025/000269;2025/000269;OBRAS DE REFORMA EN CENTROS DOCENTES DE ENSEÑANZA DEL DISTRITO DE LATINA;210;LATINA;05;EDUCACIÓN;00;COLEGIOS;;;;;;;850000;-820594,49;29405,51;29405,51;0;0;0;0;0;0;
;;001;210;32301;63200;2025/000269;2025/010269;COLEGIO PÚBLICO NUESTRA SEÑORA DEL LUCERO. OBRAS DE ACONDICIONAMIENTO;210;LATINA;05;EDUCACIÓN;00;COLEGIOS;;;;;;;0;75298,4;75298,4;0;0;75298,4;75298,4;64137,7;0;64137,7;
;;001;210;32301;63200;2025/000269;2025/020269;COLEGIO PÚBLICO REPÚBLICA DE URUGUAY. OBRAS DE ACONDICIONAMIENTO;210;LATINA;05;EDUCACIÓN;00;COLEGIOS;;;;;;;0;79164,02;79164,02;0;0;79164,02;79164,02;23057,47;0;23057,47;
;;001;210;32301;63200;2025/000269;2025/030269;COLEGIO PÚBLICO ALCALDE DE MÓSTOLES. OBRAS DE ACONDICIONAMIENTO;210;LATINA;05;EDUCACIÓN;00;COLEGIOS;;;;;;;0;60125,11;60125,11;0;0;60125,11;60125,11;25596,2;0;25596,2;
;;001;210;32301;63200;2025/000269;2025/040269;COLEGIO PÚBLICO AMADEO VIVES. OBRAS DE ACONDICIONAMIENTO;210;LATINA;05;EDUCACIÓN;00;COLEGIOS;;;;;;;0;251502,06;251502,06;0;0;251502,06;251502,06;85748,61;0;85748,61;
;;001;210;32301;63200;2025/000269;2025/050269;COLEGIO PÚBLICO COSTA RICA. OBRAS DE ACONDICIONAMIENTO;210;LATINA;05;EDUCACIÓN;00;COLEGIOS;;;;;;;0;128270,23;128270,23;0;0;128270,23;128270,23;11304,82;0;11304,82;
;;001;210;32301;63200;2025/000269;2025/060269;COLEGIO PÚBLICO PARQUE ALUCHE. OBRAS DE ACONDICIONAMIENTO;210;LATINA;05;EDUCACIÓN;00;COLEGIOS;;;;;;;0;48225,86;48225,86;0;0;48225,86;48225,86;0;0;0;
;;001;210;32301;63200;2025/000269;2025/070269;COLEGIO PÚBLICO MANUEL BARTOLOMÉ COSSÍO. OBRAS DE ACONDICIONAMIENTO;210;LATINA;05;EDUCACIÓN;00;COLEGIOS;;;;;;;0;59295,22;59295,22;0;0;59295,22;59295,22;0;0;0;
;;001;210;32301;63200;2025/000269;2025/080269;COLEGIO PÚBLICO GONZALO FERNÁNDEZ DE CÓRDOBA. OBRAS DE ACONDICIONAMIENTO;210;LATINA;05;EDUCACIÓN;00;COLEGIOS;;;;;;;0;117908,75;117908,75;0;0;117908,75;117908,75;4233,58;0;4233,58;
;;001;210;32301;63200;2025/008063;2025/008063;COLEGIO PÚBLICO EDUCACIÓN ESPECIAL FRAY PEDRO PONCE DE LEÓN. ACONDICIONAMIENTO Y ACCESIBILIDAD;210;LATINA;05;EDUCACIÓN;02;CENTROS DE EDUCACIÓN ESPECIAL;;;;;;;0;654,7;654,7;0;0;654,7;654,7;0;0;0;
;;001;210;32301;63200;2025/008064;2025/008064;ESCUELA INFANTIL LA DEL SOTO DEL PARRAL. ACONDICIONAMIENTO Y MEJORA VALLADO;210;LATINA;05;EDUCACIÓN;01;ESCUELAS INFANTILES;;;;;;;0;150,14;150,14;0;0;150,14;150,14;0;0;0;
2;INCORPORACIONES REMANENTES VOLUNTARIAS;001;210;32301;63200;2024/000184;2024/090184;COLEGIO PÚBLICO ALCALDE DE MÓSTOLES. OBRAS DE ACONDICIONAMIENTO Y ADAPTACIÓN A NORMATIVA;210;LATINA;05;EDUCACIÓN;00;COLEGIOS;;;;;;;0;179,17;179,17;0;0;179,17;179,17;179,17;0;179,17;
2;INCORPORACIONES REMANENTES VOLUNTARIAS;001;210;32301;63200;2024/000184;2024/100184;COLEGIO PÚBLICO BOLIVIA. OBRAS DE ACONDICIONAMIENTO Y ADAPTACIÓN A NORMATIVA;210;LATINA;05;EDUCACIÓN;00;COLEGIOS;;;;;;;0;179,17;179,17;0;0;179,17;179,17;179,17;0;179,17;
2;INCORPORACIONES REMANENTES VOLUNTARIAS;001;210;32301;63200;2024/000184;2024/110184;COLEGIO PÚBLICO CIUDAD DE BADAJOZ. OBRAS DE ACONDICIONAMIENTO Y ADAPTACIÓN A NORMATIVA;210;LATINA;05;EDUCACIÓN;00;COLEGIOS;;;;;;;0;179,17;179,17;0;0;179,17;179,17;179,17;0;179,17;
2;INCORPORACIONES REMANENTES VOLUNTARIAS;001;210;32301;63200;2024/000184;2024/120184;COLEGIO PÚBLICO MANUEL BARTOLOMÉ COSSÍO. OBRAS DE ACONDICIONAMIENTO Y ADAPTACIÓN A NORMATIVA;210;LATINA;05;EDUCACIÓN;00;COLEGIOS;;;;;;;0;131,93;131,93;0;0;131,93;131,93;131,93;0;131,93;
2;INCORPORACIONES REMANENTES VOLUNTARIAS;001;210;32301;63200;2024/000184;2024/130184;COLEGIO PÚBLICO COSTA RICA. OBRAS DE ACONDICIONAMIENTO Y ADAPTACIÓN A NORMATIVA;210;LATINA;05;EDUCACIÓN;00;COLEGIOS;;;;;;;0;179,17;179,17;0;0;179,17;179,17;179,17;0;179,17;
2;INCORPORACIONES REMANENTES VOLUNTARIAS;001;210;32301;63200;2024/000184;2024/140184;COLEGIO PÚBLICO ERMITA DEL SANTO. OBRAS DE ACONDICIONAMIENTO Y ADAPTACIÓN A NORMATIVA;210;LATINA;05;EDUCACIÓN;00;COLEGIOS;;;;;;;0;131,93;131,93;0;0;131,93;131,93;131,93;0;131,93;
2;INCORPORACIONES REMANENTES VOLUNTARIAS;001;210;32301;63200;2024/000184;2024/150184;COLEGIO PÚBLICO FRANCISCO DE GOYA. OBRAS DE ACONDICIONAMIENTO Y ADAPTACIÓN A NORMATIVA;210;LATINA;05;EDUCACIÓN;00;COLEGIOS;;;;;;;0;131,93;131,93;0;0;131,93;131,93;131,93;0;131,93;
2;INCORPORACIONES REMANENTES VOLUNTARIAS;001;210;32301;63200;2024/000184;2024/160184;COLEGIO PÚBLICO GONZALO FERNÁNDEZ DE CÓRDOBA. OBRAS DE ACONDICIONAMIENTO Y ADAPTACIÓN A NORMATIVA;210;LATINA;05;EDUCACIÓN;00;COLEGIOS;;;;;;;0;131,93;131,93;0;0;131,93;131,93;131,93;0;131,93;
2;INCORPORACIONES REMANENTES VOLUNTARIAS;001;210;32301;63200;2024/000184;2024/170184;COLEGIO PÚBLICO JOAQUÍN DICENTA. OBRAS DE ACONDICIONAMIENTO Y ADAPTACIÓN A NORMATIVA;210;LATINA;05;EDUCACIÓN;00;COLEGIOS;;;;;;;0;131,93;131,93;0;0;131,93;131,93;131,93;0;131,93;
2;INCORPORACIONES REMANENTES VOLUNTARIAS;001;210;32301;63200;2024/000184;2024/180184;COLEGIO PÚBLICO LA LATINA. OBRAS DE ACONDICIONAMIENTO Y ADAPTACIÓN A NORMATIVA;210;LATINA;05;EDUCACIÓN;00;COLEGIOS;;;;;;;0;131,93;131,93;0;0;131,93;131,93;131,93;0;131,93;
2;INCORPORACIONES REMANENTES VOLUNTARIAS;001;210;32301;63200;2024/000184;2024/190184;COLEGIO PÚBLICO REPÚBLICA DE URUGUAY. OBRAS DE ACONDICIONAMIENTO Y ADAPTACIÓN A NORMATIVA;210;LATINA;05;EDUCACIÓN;00;COLEGIOS;;;;;;;0;131,93;131,93;0;0;131,93;131,93;131,93;0;131,93;
2;INCORPORACIONES REMANENTES VOLUNTARIAS;001;210;32301;63200;2024/000184;2024/200184;CENTRO EDUCACIÓN ESPECIAL FRAY PEDRO PONCE DE LEÓN. OBRAS ACONDICIONAMIENTO Y ADAPTACIÓN NORMATIVA;210;LATINA;05;EDUCACIÓN;02;CENTROS DE EDUCACIÓN ESPECIAL;;;;;;;0;131,93;131,93;0;0;131,93;131,93;131,93;0;131,93;
4;SC Y CE FINANC. CON RTG;001;210;32301;63200;2025/008063;2025/008063;COLEGIO PÚBLICO EDUCACIÓN ESPECIAL FRAY PEDRO PONCE DE LEÓN. ACONDICIONAMIENTO Y ACCESIBILIDAD;210;LATINA;05;EDUCACIÓN;02;CENTROS DE EDUCACIÓN ESPECIAL;;;;;;;0;200000;200000;0;0;200000;200000;129115,01;0;129115,01;
4;SC Y CE FINANC. CON RTG;001;210;32301;63200;2025/008064;2025/008064;ESCUELA INFANTIL LA DEL SOTO DEL PARRAL. ACONDICIONAMIENTO Y MEJORA VALLADO;210;LATINA;05;EDUCACIÓN;01;ESCUELAS INFANTILES;;;;;;;0;50000;50000;0;0;50000;50000;0;0;0;
;;001;210;32301;63300;2025/001416;2025/001416;ESCUELA INFANTIL VERBENA DE LA PALOMA. MAQUINARIA;210;LATINA;05;EDUCACIÓN;01;ESCUELAS INFANTILES;;;;;;;0;2500;2500;2500;0;0;0;0;0;0;
;;001;210;33401;60999;2025/001056;2025/001056;PLACAS CONMEMORATIVAS A CARLOS GONZÁLEZ (Il DIVO) Y A YOLANDA GONZÁLEZ EN EL DISTRITO DE LATINA;210;LATINA;10;CULTURA;05;PROMOCIÓN DE LA CULTURA;;;;;;;0;2500;2500;133,09;0;2366,91;2366,91;1421,75;0;1421,75;
;;001;210;33401;62599;2025/001137;2025/001137;EQUIPAMIENTO CENTRO CULTURAL SARA MONTIEL;210;LATINA;10;CULTURA;03;CENTROS CULTURALES;;;;;;;0;1000;1000;110,41;0;889,59;889,59;889,59;0;889,59;
;;001;210;34201;62599;2025/001138;2025/001138;EQUIPAMIENTO CENTRO DEPORTIVO ALUCHE;210;LATINA;11;DEPORTES, JUVENTUD  Y ESPARCIMIENTO;01;POLIDEPORTIVOS;;;;;;;0;12200;12200;473,5;0;11726,5;11726,5;10540,7;0;10540,7;
;;001;210;34201;62599;2025/001140;2025/001140;EQUIPAMIENTO DEPORTIVO BÁSICO CASTROSERNA;210;LATINA;11;DEPORTES, JUVENTUD  Y ESPARCIMIENTO;02;PISTAS DEPORTIVAS ELEMENTALES;;;;;;;0;9500;9500;3459,68;0;6040,32;6040,32;0;0;0;
;;001;210;34201;62599;2025/001141;2025/001141;EQUIPAMIENTO CENTRO DEPORTIVO LAS CRUCES;210;LATINA;11;DEPORTES, JUVENTUD  Y ESPARCIMIENTO;01;POLIDEPORTIVOS;;;;;;;0;6700;6700;863,59;0;5836,41;5836,41;5836,41;0;5836,41;
;;001;210;34201;62600;2025/000386;2025/000386;CENTRO DEPORTIVO ALUCHE. TRANSCEPTORES DE COMUNICACIÓN;210;LATINA;11;DEPORTES, JUVENTUD  Y ESPARCIMIENTO;01;POLIDEPORTIVOS;;;;;;;5000;0;5000;1,49;0;4998,51;4998,51;4998,51;0;4998,51;
;;001;210;34201;63200;2025/000270;2025/000270;OBRAS DE REFORMA EN INSTALACIONES DEPORTIVAS DEL DISTRITO DE LATINA;210;LATINA;11;DEPORTES, JUVENTUD  Y ESPARCIMIENTO;01;POLIDEPORTIVOS;;;;;;;845000;-831948,06;13051,94;13051,94;0;0;0;0;0;0;
;;001;210;34201;63200;2025/000270;2025/010270;DEPORTIVO BÁSICO TROMBONES. OBRAS DE ACONDICIONAMIENTO;210;LATINA;11;DEPORTES, JUVENTUD  Y ESPARCIMIENTO;02;PISTAS DEPORTIVAS ELEMENTALES;;;;;;;0;31300,89;31300,89;0;0;31300,89;31300,89;29550,13;0;29550,13;
;;001;210;34201;63200;2025/000270;2025/020270;DEPORTIVO BÁSICO ARJONA. OBRAS DE ACONDICIONAMIENTO;210;LATINA;11;DEPORTES, JUVENTUD  Y ESPARCIMIENTO;02;PISTAS DEPORTIVAS ELEMENTALES;;;;;;;0;36930,94;36930,94;0;0;36930,94;36930,94;3611,73;0;3611,73;
;;001;210;34201;63200;2025/000270;2025/030270;DEPORTIVO BÁSICO PARQUE CERRO ALMODÓVAR. OBRAS DE ACONDICIONAMIENTO;210;LATINA;11;DEPORTES, JUVENTUD  Y ESPARCIMIENTO;02;PISTAS DEPORTIVAS ELEMENTALES;;;;;;;0;542,99;542,99;0;0;542,99;542,99;0;0;0;
;;001;210;34201;63200;2025/000270;2025/040270;DEPORTIVO BÁSICO JARDINES ALHAMBRA. OBRAS DE ACONDICIONAMIENTO;210;LATINA;11;DEPORTES, JUVENTUD  Y ESPARCIMIENTO;02;PISTAS DEPORTIVAS ELEMENTALES;;;;;;;0;53287,93;53287,93;0;0;53287,93;53287,93;6104,58;0;6104,58;
;;001;210;34201;63200;2025/000270;2025/050270;DEPORTIVO BÁSICO JARDINES LAS ÁGUILAS. OBRAS DE ACONDICIONAMIENTO;210;LATINA;11;DEPORTES, JUVENTUD  Y ESPARCIMIENTO;02;PISTAS DEPORTIVAS ELEMENTALES;;;;;;;0;95799,49;95799,49;0;0;95799,49;95799,49;11862;0;11862;
;;001;210;34201;63200;2025/000270;2025/060270;DEPORTIVO BÁSICO ÓSCAR Y JESÚS. OBRAS DE ACONDICIONAMIENTO;210;LATINA;11;DEPORTES, JUVENTUD  Y ESPARCIMIENTO;02;PISTAS DEPORTIVAS ELEMENTALES;;;;;;;0;31834,02;31834,02;0;0;31834,02;31834,02;16799,84;0;16799,84;
;;001;210;34201;63200;2025/000270;2025/070270;DEPORTIVO BÁSICO SAN BENIGNO. OBRAS DE REFORMA INTEGRAL;210;LATINA;11;DEPORTES, JUVENTUD  Y ESPARCIMIENTO;02;PISTAS DEPORTIVAS ELEMENTALES;;;;;;;0;137192,24;137192,24;0;0;137192,24;137192,24;9756,11;0;9756,11;
;;001;210;34201;63200;2025/000270;2025/080270;CENTRO DEPORTIVO GALLUR. OBRAS DE ACONDICIONAMIENTO;210;LATINA;11;DEPORTES, JUVENTUD  Y ESPARCIMIENTO;01;POLIDEPORTIVOS;;;;;;;0;252558,46;252558,46;0;0;252558,46;252558,46;0;0;0;
;;001;210;34201;63200;2025/000270;2025/090270;CENTRO DEPORTIVO ALUCHE. OBRAS DE ACONDICIONAMIENTO;210;LATINA;11;DEPORTES, JUVENTUD  Y ESPARCIMIENTO;01;POLIDEPORTIVOS;;;;;;;0;120467,78;120467,78;0;0;120467,78;120467,78;0;0;0;
;;001;210;34201;63200;2025/000270;2025/100270;CENTRO DEPORTIVO LAS CRUCES. OBRAS DE ACONDICIONAMIENTO;210;LATINA;11;DEPORTES, JUVENTUD  Y ESPARCIMIENTO;01;POLIDEPORTIVOS;;;;;;;0;72033,32;72033,32;0;0;72033,32;72033,32;0;0;0;
2;INCORPORACIONES REMANENTES VOLUNTARIAS;001;210;34201;63200;2024/000350;2024/010350;CENTRO DEPORTIVO LAS CRUCES. OBRAS DE ACONDICIONAMIENTO;210;LATINA;11;DEPORTES, JUVENTUD  Y ESPARCIMIENTO;01;POLIDEPORTIVOS;;;;;;;0;1132,15;1132,15;0;0;1132,15;1132,15;1132,15;0;1132,15;
2;INCORPORACIONES REMANENTES VOLUNTARIAS;001;210;34201;63200;2024/000350;2024/040350;CENTRO DEPORTIVO LAS CRUCES. ACONDICIONAMIENTO Y ADAPTACIÓN A NORMATIVA PROTECCIÓN CONTRA INCENDIOS;210;LATINA;11;DEPORTES, JUVENTUD  Y ESPARCIMIENTO;01;POLIDEPORTIVOS;;;;;;;0;758,77;758,77;0;0;758,77;758,77;758,77;0;758,77;
5;FONDO DE REEQUILIBRIO TERRITORIAL;001;210;34201;63200;2025/001032;2025/001032;DEPORTIVO BÁSICO CERRO ALMODÓVAR. OBRAS DE REHABILITACIÓN DE VESTUARIOS Y OTRAS MEJORAS;210;LATINA;11;DEPORTES, JUVENTUD  Y ESPARCIMIENTO;02;PISTAS DEPORTIVAS ELEMENTALES;;;17;FONDO REEQUILIBRIO TERRITORIAL;;;0;100000;100000;9,34;0;99990,66;99990,66;45281,45;0;45281,45;
;;001;210;93302;63200;2024/000352;2024/000352;OBRAS DE ACONDICIONAMIENTO Y REFORMA DE EDIFICIOS DEL DISTRITO DE LATINA;210;LATINA;00;INVERSIONES DE CARÁCTER GENERAL;03;EDIFICIOS PARA EL USO GENERAL;;;;;;;0;8567,18;8567,18;8567,18;0;0;0;0;0;0;
;;001;210;93302;63200;2024/000352;2024/010352;CENTRO SOCIOCULTURAL ALMIRANTE CHURRUCA. OBRAS ACONDICIONAMIENTO Y ADAPTACIÓN NORMATIVA;210;LATINA;10;CULTURA;03;CENTROS CULTURALES;;;;;;;0;4250,71;4250,71;0;0;4250,71;4250,71;4250,71;0;4250,71;
;;001;210;93302;63200;2024/000352;2024/020352;CENTRO CULTURAL FERNANDO DE LOS RÍOS. OBRAS ACONDICIONAMIENTO Y ADAPTACIÓN NORMATIVA;210;LATINA;10;CULTURA;03;CENTROS CULTURALES;;;;;;;0;9727,76;9727,76;0;0;9727,76;9727,76;9727,76;0;9727,76;
;;001;210;93302;63200;2024/000352;2024/050352;CENTRO DE MAYORES CERRO BERMEJO. OBRAS ACONDICIONAMIENTO Y ADAPTACIÓN NORMATIVA;210;LATINA;03;PROTECCIÓN Y PROMOCIÓN SOCIAL;01;CENTROS DE MAYORES;;;;;;;0;159,28;159,28;0;0;159,28;159,28;159,28;0;159,28;
;;001;210;93302;63200;2024/000352;2024/060352;CENTRO DE MAYORES CIUDAD DE MÉJICO. OBRAS ACONDICIONAMIENTO Y ADAPTACIÓN NORMATIVA;210;LATINA;03;PROTECCIÓN Y PROMOCIÓN SOCIAL;01;CENTROS DE MAYORES;;;;;;;0;620,97;620,97;0;0;620,97;620,97;620,97;0;620,97;
;;001;210;93302;63200;2024/000352;2024/080352;CENTRO DE ATENCIÓN A LA INFANCIA C.A.I. Nº 6, LATINA. OBRAS ACONDICIONAMIENTO Y ADAPTACIÓN NORMATIVA;210;LATINA;03;PROTECCIÓN Y PROMOCIÓN SOCIAL;03;INFANCIA Y FAMILIA;;;;;;;0;2936,15;2936,15;0;0;2936,15;2936,15;2936,15;0;2936,15;
;;001;210;93302;63200;2024/000352;2024/090352;EDIFICIO SEDE DISTRITO DE LATINA. OBRAS ACONDICIONAMIENTO Y ADAPTACIÓN NORMATIVA;210;LATINA;00;INVERSIONES DE CARÁCTER GENERAL;02;SERVICIOS ADMINISTRATIVOS  TERRITORIALES;;;;;;;0;6879,62;6879,62;0;0;6879,62;6879,62;6879,62;0;6879,62;
;;001;210;93302;63200;2024/000352;2024/100352;CENTRO ACOGIDA PERSONAS SIN HOGAR PUERTA ABIERTA. OBRAS ACONDICIONAMIENTO Y ADAPTACIÓN NORMATIVA;210;LATINA;03;PROTECCIÓN Y PROMOCIÓN SOCIAL;06;PERSONAS SIN HOGAR;;;;;;;0;-4612,43;-4612,43;0;0;-4612,43;-4612,43;-4612,43;0;-4612,43;
;;001;210;93302;63200;2025/000271;2025/000271;OBRAS DE REFORMA EN EDIFICIOS PARA LA PRESTACIÓN DE SERVICIOS DEL DISTRITO DE LATINA;210;LATINA;00;INVERSIONES DE CARÁCTER GENERAL;03;EDIFICIOS PARA EL USO GENERAL;;;;;;;2090000;-2005533,84;84466,16;84466,16;0;0;0;0;0;0;
;;001;210;93302;63200;2025/000271;2025/010271;CENTRO DE ACOGIDA PERSONAS SIN HOGAR PUERTA ABIERTA. OBRAS DE CLIMATIZACIÓN;210;LATINA;03;PROTECCIÓN Y PROMOCIÓN SOCIAL;06;PERSONAS SIN HOGAR;;;;;;;0;790084,96;790084,96;0;0;790084,96;790084,96;682915,15;0;682915,15;
;;001;210;93302;63200;2025/000271;2025/020271;CENTRO SERVICIOS SOCIALES FUERTE DE NAVIDAD. OBRAS CLIMATIZACIÓN Y PROTECCIÓN CONTRA INCENDIOS;210;LATINA;03;PROTECCIÓN Y PROMOCIÓN SOCIAL;02;CENTROS DE SERVICIOS SOCIALES;;;;;;;0;648634,45;648634,45;0;0;648634,45;648634,45;602388,66;0;602388,66;
;;001;210;93302;63200;2025/000271;2025/030271;MÁSTILES DE BANDERA PARA CENTROS DE DÍA DEL DISTRITO LATINA Y OTROS DE ATENCIÓN SOCIAL;210;LATINA;03;PROTECCIÓN Y PROMOCIÓN SOCIAL;00;CENTROS DE DÍA Y RESIDENCIAS DE MAYORES;;;;;;;0;30812,78;30812,78;0;0;30812,78;30812,78;0;0;0;
;;001;210;93302;63200;2025/000271;2025/040271;MÁSTILES DE BANDERA PARA LA BIBLIOTECA PÚBLICA ÁNGEL GONZÁLEZ;210;LATINA;10;CULTURA;00;BIBLIOTECAS Y PATRIMONIO BIBLIOGRÁFICO;;;;;;;0;3434,59;3434,59;0;0;3434,59;3434,59;0;0;0;
;;001;210;93302;63200;2025/000271;2025/050271;CENTRO DE MAYORES CAMPAMENTO. OBRAS DE ADECUACIÓN DE MEDIDAS DE EVACUACIÓN Y RENOVACIÓN COCINA;210;LATINA;03;PROTECCIÓN Y PROMOCIÓN SOCIAL;01;CENTROS DE MAYORES;;;;;;;0;222703,39;222703,39;0;0;222703,39;222703,39;22166,72;0;22166,72;
;;001;210;93302;63200;2025/000271;2025/060271;CENTRO CULTURAL FERNANDO DE LOS RÍOS. ACONDICIONAMIENTO Y ADAPTACIÓN NORMATIVA PROTECCIÓN INCENDIOS;210;LATINA;10;CULTURA;03;CENTROS CULTURALES;;;;;;;0;71741,99;71741,99;0;0;71741,99;71741,99;0;0;0;
;;001;210;93302;63200;2025/000271;2025/070271;EDIFICIO SEDE DISTRITO LATINA. OBRAS DE ACONDICIONAMIENTO INTERIOR INSTALACIONES Y OTRAS MEJORAS;210;LATINA;00;INVERSIONES DE CARÁCTER GENERAL;02;SERVICIOS ADMINISTRATIVOS  TERRITORIALES;;;;;;;0;425367,27;425367,27;0;0;425367,27;425367,27;0;0;0;
;;001;210;93302;63200;2025/000271;2025/080271;CENTRO SOCIOCULTURAL ROSARIO ACUÑA. ACONDICIONAMIENTO Y ADAPTACIÓN NORMATIVA PROTECCIÓN INCENDIOS;210;LATINA;10;CULTURA;03;CENTROS CULTURALES;;;;;;;0;56477,67;56477,67;0;0;56477,67;56477,67;0;0;0;
;;001;210;93302;63200;2025/000271;2025/090271;CENTRO DE DÍA Y ALZHEIMER SAN CRISPÍN. ACONDICIONAMIENTO Y ADAPTACIÓN NORMATIVA PROTECCIÓN INCENDIOS;210;LATINA;03;PROTECCIÓN Y PROMOCIÓN SOCIAL;00;CENTROS DE DÍA Y RESIDENCIAS DE MAYORES;;;;;;;0;59721,99;59721,99;0;0;59721,99;59721,99;0;0;0;
;;001;210;93302;63200;2025/000271;2025/100271;CENTRO CULTURAL JOSÉ LUIS SAMPEDRO. ACONDICIONAMIENTO Y ADAPTACIÓN NORMATIVA PROTECCIÓN INCENDIOS;210;LATINA;10;CULTURA;03;CENTROS CULTURALES;;;;;;;0;93025,51;93025,51;0;0;93025,51;93025,51;0;0;0;
2;INCORPORACIONES REMANENTES VOLUNTARIAS;001;210;93302;63200;2024/000352;2024/110352;CENTRO DE MAYORES CIUDAD DE MÉJICO. OBRAS ADECUACIÓN RAMPA DE ACCESO, TOLDO EN FACHADA Y OTRAS;210;LATINA;03;PROTECCIÓN Y PROMOCIÓN SOCIAL;01;CENTROS DE MAYORES;;;;;;;0;621,26;621,26;0;0;621,26;621,26;621,26;0;621,26;
5;FONDO DE REEQUILIBRIO TERRITORIAL;001;211;15322;61910;2025/000087;2025/000087;CALLE BESOLLA, ÁMBITO PAN BENDITO. OBRAS DE PAVIMENTACIÓN Y MEJORA ACCESIBILIDAD;211;CARABANCHEL;08;MANTENIMIENTO URBANO;02;VÍAS PÚBLICAS;;;17;FONDO REEQUILIBRIO TERRITORIAL;;;34208;0;34208;40,08;0;34167,92;34167,92;34111,19;0;34111,19;
;;001;211;17102;61921;2025/000249;2025/000249;ZONAS VERDES EN LA CALLE DE CARLOS DABAN. OBRAS DE ACONDICIONAMIENTO;211;CARABANCHEL;09;MEDIO AMBIENTE;01;ZONAS AJARDINADAS;;;;;;;500000;-460715,14;39284,86;39284,86;0;0;0;0;0;0;
;;001;211;17102;61921;2025/001099;2025/001099;ZONAS VERDES PLAZA ELÍPTICA. OBRAS DE MEJORA E INSTALACIÓN VALLA PERIMETRAL;211;CARABANCHEL;09;MEDIO AMBIENTE;01;ZONAS AJARDINADAS;;;;;;;0;30700;30700;55,49;0;30644,51;30644,51;30518,63;0;30518,63;
;;001;211;17102;61921;2025/001127;2025/001127;ZONA VERDE C/ GESALEICO TRAMO Nº 10 A 20, DISTRITO CARABANCHEL. OBRAS DE REMODELACIÓN;211;CARABANCHEL;09;MEDIO AMBIENTE;01;ZONAS AJARDINADAS;;;17;FONDO REEQUILIBRIO TERRITORIAL;;;0;400000;400000;0;0;400000;400000;0;0;0;
;;001;211;17102;61921;2025/001408;2025/001408;ZONA VERDE C/ PALMERAL DE ELCHE Y OTRAS, DISTRITO CARABANCHEL. OBRAS DE ACONDICIONAMIENTO;211;CARABANCHEL;09;MEDIO AMBIENTE;01;ZONAS AJARDINADAS;;;;;;;0;13015,14;13015,14;13015,14;0;0;0;0;0;0;
;;001;211;17102;61921;2025/001459;2025/001459;ZONA VERDE EN PARCELA C/ PALMERAL DE ELCHE Y OTRAS. INSTALACIÓN DE JUEGOS TERMOPLÁSTICOS;211;CARABANCHEL;09;MEDIO AMBIENTE;01;ZONAS AJARDINADAS;;;;;;;0;17000;17000;17000;0;0;0;0;0;0;
2;INCORPORACIONES REMANENTES VOLUNTARIAS;001;211;17102;61921;2024/000068;2024/000068;ZONAS VERDES ENTORNO CALLES BESOLLA Y OTRAS BARRIO PAN BENDITO, CARABANCHEL. MEJORA;211;CARABANCHEL;09;MEDIO AMBIENTE;01;ZONAS AJARDINADAS;;;17;FONDO REEQUILIBRIO TERRITORIAL;;;0;183818,37;183818,37;0;0;183818,37;183818,37;183818,37;0;183818,37;
2;INCORPORACIONES REMANENTES VOLUNTARIAS;001;211;17102;61921;2024/001349;2024/001349;ZONA VERDE PLAZA INMACULADA CONCEPCIÓN. REHABILITACIÓN Y ADECUACIÓN ÁREA INFANTIL INCLUSIVA;211;CARABANCHEL;09;MEDIO AMBIENTE;01;ZONAS AJARDINADAS;;;17;FONDO REEQUILIBRIO TERRITORIAL;;;0;58857,45;58857,45;0;0;58857,45;58857,45;58857,45;0;58857,45;
5;FONDO DE REEQUILIBRIO TERRITORIAL;001;211;17102;61921;2024/004000;2024/004000;ZONAS VERDES EN EL PAU DE CARABANCHEL. OBRAS DE REMODELACIÓN Y MEJORA (ID 21: 18021);211;CARABANCHEL;09;MEDIO AMBIENTE;01;ZONAS AJARDINADAS;;;;;18;PRESUPUESTOS PARTICIPATIVOS;425000;0;425000;229,46;0;424770,54;424770,54;0;0;0;
5;FONDO DE REEQUILIBRIO TERRITORIAL;001;211;17102;61921;2025/000086;2025/000086;ZONAS VERDES DEL BARRIO DE COMILLAS. OBRAS MEJORA, ADECUACIÓN Y ACCESIBILIDAD;211;CARABANCHEL;09;MEDIO AMBIENTE;01;ZONAS AJARDINADAS;;;17;FONDO REEQUILIBRIO TERRITORIAL;;;175920;0;175920;12,33;0;175907,67;175907,67;171371,62;0;171371,62;
5;FONDO DE REEQUILIBRIO TERRITORIAL;001;211;17102;61921;2025/000088;2025/000088;ZONAS VERDES BARRIO DE SAN ISIDRO. ADECUACIÓN DE ZONAS ESTANCIALES ACCESIBLES;211;CARABANCHEL;09;MEDIO AMBIENTE;01;ZONAS AJARDINADAS;;;17;FONDO REEQUILIBRIO TERRITORIAL;;;175920;0;175920;10122,32;0;165797,68;165797,68;157855,61;0;157855,61;
5;FONDO DE REEQUILIBRIO TERRITORIAL;001;211;17102;61921;2025/001127;2025/001127;ZONA VERDE C/ GESALEICO TRAMO Nº 10 A 20, DISTRITO CARABANCHEL. OBRAS DE REMODELACIÓN;211;CARABANCHEL;09;MEDIO AMBIENTE;01;ZONAS AJARDINADAS;;;17;FONDO REEQUILIBRIO TERRITORIAL;;;0;100000;100000;5974,51;0;94025,49;94025,49;0;0;0;
5;FONDO DE REEQUILIBRIO TERRITORIAL;001;211;23103;63200;2025/001360;2025/001360;CENTRO DE MAYORES MONSEÑOR ÓSCAR ROMERO. OBRAS DE REFORMA Y HABILITACIÓN DE ESPACIOS;211;CARABANCHEL;03;PROTECCIÓN Y PROMOCIÓN SOCIAL;01;CENTROS DE MAYORES;;;17;FONDO REEQUILIBRIO TERRITORIAL;;;0;300000;300000;300000;0;0;0;0;0;0;
;;001;211;32301;63200;2024/009022;2024/009022;COLEGIO PÚBLICO COLOMBIA. OBRAS DE REHABILITACIÓN DE FACHADAS;211;CARABANCHEL;05;EDUCACIÓN;00;COLEGIOS;;;;;;;250000;41816,01;291816,01;0;0;291816,01;291816,01;228445,42;0;228445,42;
;;001;211;32301;63200;2024/009025;2024/009025;COLEGIO PÚBLICO LOPE DE VEGA. OBRAS DE REHABILITACIÓN DEL MURO DE CERRAMIENTO;211;CARABANCHEL;05;EDUCACIÓN;00;COLEGIOS;;;;;;;0;74500;74500;0;0;74500;74500;0;0;0;
2;INCORPORACIONES REMANENTES VOLUNTARIAS;001;211;32301;63200;2024/000417;2024/040417;COLEGIO PÚBLICO GONZALO DE BERCEO. OBRAS DE CONSERVACIÓN DE JARDINERÍA;211;CARABANCHEL;05;EDUCACIÓN;00;COLEGIOS;;;;;;;0;3140,91;3140,91;0;0;3140,91;3140,91;0;0;0;
2;INCORPORACIONES REMANENTES VOLUNTARIAS;001;211;32301;63200;2024/000417;2024/050417;COLEGIO PÚBLICO JULIÁN BESTEIRO. OBRAS DE CONSERVACIÓN DE JARDINERÍA;211;CARABANCHEL;05;EDUCACIÓN;00;COLEGIOS;;;;;;;0;3492,68;3492,68;0;0;3492,68;3492,68;0;0;0;
2;INCORPORACIONES REMANENTES VOLUNTARIAS;001;211;32301;63200;2024/000417;2024/060417;COLEGIO PÚBLICO LOPE DE VEGA. OBRAS DE CONSERVACIÓN DE JARDINERÍA;211;CARABANCHEL;05;EDUCACIÓN;00;COLEGIOS;;;;;;;0;1694,05;1694,05;0;0;1694,05;1694,05;0;0;0;
4;SC Y CE FINANC. CON RTG;001;211;32301;63200;2025/008067;2025/008067;COLEGIO PÚBLICO CAPITÁN CORTÉS. OBRAS DE REHABILITACIÓN Y REFORMA DE PATIO INTERIOR;211;CARABANCHEL;05;EDUCACIÓN;00;COLEGIOS;;;;;;;0;400000;400000;103,18;0;399896,82;399896,82;0;0;0;
4;SC Y CE FINANC. CON RTG;001;211;32301;63200;2025/008130;2025/008130;COLEGIO PÚBLICO COLOMBIA. OBRAS REPARACIÓN DE CUBIERTA Y LADO CORTO FACHADAS;211;CARABANCHEL;05;EDUCACIÓN;00;COLEGIOS;;;;;;;0;200000;200000;8,91;0;199991,09;199991,09;81121,85;0;81121,85;
4;SC Y CE FINANC. CON RTG;001;211;32301;63200;2025/008134;2025/008134;CENTROS DOCENTES DE ENSEÑANZA DISTRITO CARABANCHEL. OBRAS INSTALACIÓN DE SOMBRA Y FUENTES EN PATIO;211;CARABANCHEL;05;EDUCACIÓN;00;COLEGIOS;;;;;;;0;52889,29;52889,29;52889,29;0;0;0;0;0;0;
4;SC Y CE FINANC. CON RTG;001;211;32301;63200;2025/008134;2025/018134;COLEGIO PÚBLICO BERCEO I. OBRAS DE INSTALACIÓN DE SOMBRA Y FUENTES EN PATIO;211;CARABANCHEL;05;EDUCACIÓN;00;COLEGIOS;;;;;;;0;49959,27;49959,27;0;0;49959,27;49959,27;0;0;0;
4;SC Y CE FINANC. CON RTG;001;211;32301;63200;2025/008134;2025/028134;COLEGIO PÚBLICO BERCEO II. OBRAS DE INSTALACIÓN DE SOMBRA Y FUENTES EN PATIO;211;CARABANCHEL;05;EDUCACIÓN;00;COLEGIOS;;;;;;;0;49981,87;49981,87;0;0;49981,87;49981,87;0;0;0;
4;SC Y CE FINANC. CON RTG;001;211;32301;63200;2025/008134;2025/038134;COLEGIO PÚBLICO CONCEPCIÓN ARENAL. OBRAS DE INSTALACIÓN DE SOMBRA Y FUENTES EN PATIO;211;CARABANCHEL;05;EDUCACIÓN;00;COLEGIOS;;;;;;;0;32984,39;32984,39;0;0;32984,39;32984,39;0;0;0;
4;SC Y CE FINANC. CON RTG;001;211;32301;63200;2025/008134;2025/048134;COLEGIO PÚBLICO MAESTRO PADILLA. OBRAS DE INSTALACIÓN DE SOMBRA Y FUENTES EN PATIO;211;CARABANCHEL;05;EDUCACIÓN;00;COLEGIOS;;;;;;;0;62329,83;62329,83;0;0;62329,83;62329,83;29213,02;0;11102,94;
4;SC Y CE FINANC. CON RTG;001;211;32301;63200;2025/008134;2025/058134;COLEGIO PÚBLICO PERÚ. OBRAS DE INSTALACIÓN DE SOMBRA Y FUENTES EN PATIO;211;CARABANCHEL;05;EDUCACIÓN;00;COLEGIOS;;;;;;;0;51855,35;51855,35;0;0;51855,35;51855,35;0;0;0;
4;SC Y CE FINANC. CON RTG;001;211;32301;63200;2025/008137;2025/008137;COLEGIO PÚBLICO MIGUEL SERVET. OBRAS DE ADECUACIÓN DE LA INSTALACIÓN ELÉCTRICA DE COCINA;211;CARABANCHEL;05;EDUCACIÓN;00;COLEGIOS;;;17;FONDO REEQUILIBRIO TERRITORIAL;;;0;100000;100000;100000;0;0;0;0;0;0;
4;SC Y CE FINANC. CON RTG;001;211;32301;63200;2025/008138;2025/008138;COLEGIO PÚBLICO REPÚBLICA DOMINICANA. OBRAS DE ADECUACIÓN DE LA INSTALACIÓN ELÉCTRICA DE COCINA;211;CARABANCHEL;05;EDUCACIÓN;00;COLEGIOS;;;;;;;0;100000;100000;100000;0;0;0;0;0;0;
4;SC Y CE FINANC. CON RTG;001;211;32301;63200;2025/008139;2025/008139;COLEGIO PÚBLICO PERÚ. OBRAS DE ADECUACIÓN DE LA INSTALACIÓN ELÉCTRICA DE COCINA;211;CARABANCHEL;05;EDUCACIÓN;00;COLEGIOS;;;;;;;0;100000;100000;7,17;0;99992,83;99992,83;11211,91;0;11211,91;
5;FONDO DE REEQUILIBRIO TERRITORIAL;001;211;33401;61999;2025/001366;2025/001366;AUDITORIO PARQUE EMPERATRIZ MARÍA DE AUSTRIA. OBRAS DE ACONDICIONAMIENTO;211;CARABANCHEL;10;CULTURA;04;OTROS CENTROS PARA MANIFESTACIONES CULTURALES;;;17;FONDO REEQUILIBRIO TERRITORIAL;;;0;269000;269000;269000;0;0;0;0;0;0;
5;FONDO DE REEQUILIBRIO TERRITORIAL;001;211;33401;61999;2025/001485;2025/001485;RECINTO FERIAL DEL PARQUE SALVADOR ALLENDE. OBRAS DE ACONDICIONAMIENTO CLIMÁTICO;211;CARABANCHEL;10;CULTURA;05;PROMOCIÓN DE LA CULTURA;;;17;FONDO REEQUILIBRIO TERRITORIAL;;;0;231000;231000;231000;0;0;0;0;0;0;
;;001;211;33401;62999;2025/001406;2025/001406;CENTRO CULTURAL LÁZARO CARRETER. ADQUISICIÓN DE PIANO DE COLA;211;CARABANCHEL;10;CULTURA;03;CENTROS CULTURALES;;;;;;;0;60000;60000;60000;0;0;0;0;0;0;
;;001;211;34201;61999;2025/001498;2025/001498;DEPORTIVO BÁSICO SANTA RITA. OBRAS DE ACONDICIONAMIENTO DE CERRAMIENTO;211;CARABANCHEL;11;DEPORTES, JUVENTUD  Y ESPARCIMIENTO;02;PISTAS DEPORTIVAS ELEMENTALES;;;;;;;0;17000;17000;17000;0;0;0;0;0;0;
;;001;211;34201;61999;2025/001499;2025/001499;DEPORTIVO BÁSICO PARQUE DE LAS CRUCES. OBRAS DE MEJORA CAMPO DE HOCKEY HIERBA CARLOS DEL COSO;211;CARABANCHEL;11;DEPORTES, JUVENTUD  Y ESPARCIMIENTO;02;PISTAS DEPORTIVAS ELEMENTALES;;;;;;;0;36000;36000;36000;0;0;0;0;0;0;
;;001;211;34201;62999;2025/001004;2025/001004;CENTRO DEPORTIVO ANTIGUO CANÓDROMO DE CARABANCHEL. VIDEOMARCADOR;211;CARABANCHEL;11;DEPORTES, JUVENTUD  Y ESPARCIMIENTO;01;POLIDEPORTIVOS;;;;;;;42000;0;42000;42000;0;0;0;0;0;0;
;;001;211;34201;63200;2025/000250;2025/000250;INSTALACIONES DEPORTIVAS DEL DISTRITO DE CARABNCHEL. OBRAS DE REHABILITACIÓN;211;CARABANCHEL;11;DEPORTES, JUVENTUD  Y ESPARCIMIENTO;02;PISTAS DEPORTIVAS ELEMENTALES;;;;;;;250000;-72754,15;177245,85;177245,85;0;0;0;0;0;0;
;;001;211;34201;63200;2025/000250;2025/010250;CENTRO DEPORTIVO BLANCA FERNÁNDEZ OCHOA. OBRAS DE CONSERVACIÓN Y MEJORA;211;CARABANCHEL;11;DEPORTES, JUVENTUD  Y ESPARCIMIENTO;01;POLIDEPORTIVOS;;;;;;;0;37497,93;37497,93;0;0;37497,93;37497,93;10039,71;0;10039,71;
;;001;211;34201;63200;2025/000250;2025/020250;CENTRO DEPORTIVO ANTIGUO CANÓDROMO. OBRAS DE CONSERVACIÓN;211;CARABANCHEL;11;DEPORTES, JUVENTUD  Y ESPARCIMIENTO;01;POLIDEPORTIVOS;;;;;;;0;35256,22;35256,22;0;0;35256,22;35256,22;21512,12;0;21512,12;
2;INCORPORACIONES REMANENTES VOLUNTARIAS;001;211;34201;63200;2024/000245;2024/000245;CENTRO DEPORTIVO FRANCISCO FERNÁNDEZ OCHOA. OBRAS DE CLIMATIZACIÓN SALAS MUSCULACIÓN Y AEROBIC;211;CARABANCHEL;11;DEPORTES, JUVENTUD  Y ESPARCIMIENTO;01;POLIDEPORTIVOS;;;;;;;0;2609,56;2609,56;0;0;2609,56;2609,56;0;0;0;
5;FONDO DE REEQUILIBRIO TERRITORIAL;001;211;34201;63200;2025/005016;2025/005016;DEPORTIVO BÁSICO C/CARONTE. OBRAS DE ADECUACIÓN ÁREA DE CALISTENIA (ID 24: 21921);211;CARABANCHEL;11;DEPORTES, JUVENTUD  Y ESPARCIMIENTO;02;PISTAS DEPORTIVAS ELEMENTALES;;;;;18;PRESUPUESTOS PARTICIPATIVOS;0;125000;125000;125000;0;0;0;0;0;0;
;;001;211;92001;62599;2024/000247;2024/000247;EQUIPAMIENTO SERVICIOS ADMINISTRATIVOS DEL DISTRITO DE CARABANCHEL;211;CARABANCHEL;00;INVERSIONES DE CARÁCTER GENERAL;02;SERVICIOS ADMINISTRATIVOS  TERRITORIALES;;;;;;;0;71954,8;71954,8;52591,64;0;19363,16;19363,16;19363,16;0;19363,16;
;;001;211;93302;63200;2023/000251;2023/000251;OBRAS DE CONSERVACIÓN DE EDIFICIOS DEL DISTRITO DE CARABANCHEL;211;CARABANCHEL;00;INVERSIONES DE CARÁCTER GENERAL;03;EDIFICIOS PARA EL USO GENERAL;;;;;;;0;27491,07;27491,07;27491,07;0;0;0;0;0;0;
;;001;211;93302;63200;2025/000251;2025/000251;CENTRO DE MAYORES  MONSEÑOR OSCAR ROMERO. OBRAS DE REHABILITACIÓN;211;CARABANCHEL;03;PROTECCIÓN Y PROMOCIÓN SOCIAL;01;CENTROS DE MAYORES;;;;;;;399000;-143807,08;255192,92;255192,92;0;0;0;0;0;0;
5;FONDO DE REEQUILIBRIO TERRITORIAL;001;211;93302;63200;2024/001344;2024/001344;CENTRO SERVICIOS SOCIALES VISTA ALEGRE. CLIMATIZACIÓN Y ADECUACIÓN ESPACIO CENTRO APOYO FAMILIAS;211;CARABANCHEL;03;PROTECCIÓN Y PROMOCIÓN SOCIAL;02;CENTROS DE SERVICIOS SOCIALES;;;17;FONDO REEQUILIBRIO TERRITORIAL;;;0;74000;74000;74000;0;0;0;0;0;0;
5;FONDO DE REEQUILIBRIO TERRITORIAL;001;211;93302;63200;2024/001345;2024/001345;LOCAL C/ BESOLLA, 16. ACONDICIONAMIENTO PARA CENTRO DE SERVICIOS SOCIALES;211;CARABANCHEL;03;PROTECCIÓN Y PROMOCIÓN SOCIAL;02;CENTROS DE SERVICIOS SOCIALES;;;17;FONDO REEQUILIBRIO TERRITORIAL;;;0;300000;300000;300000;0;0;0;0;0;0;
;;001;212;15322;60999;2023/000271;2023/000271;C/ DOLORES BARRANCO. CONSTRUCCIÓN DE ARCOS CHINOS;212;USERA;07;INFRAESTRUCTURAS;06;OTRAS INVERSIONES EN INFRAESTRUCTURAS URBANAS;;;;;;;475000;-63000;412000;228797,94;0;183202,06;183202,06;0;0;0;
;;001;212;15322;61904;2022/001059;2022/001059;Pº SANTA MARÍA DE LA CABEZA Y C/ MARCELO USERA. MEJORA ACCESIBILIDAD PEATONAL;212;USERA;06;URBANISMO;01;URBANIZACIÓN SUELO A CARGO DEL AYUNTAMIENTO;;;17;FONDO REEQUILIBRIO TERRITORIAL;;;0;474,5;474,5;0;0;474,5;474,5;474,5;0;474,5;
;;001;212;15322;61910;2025/000278;2025/000278;BULEVAR C/TOMELLOSO, DISTRITO USERA. OBRAS ACONDICIONAMIENTO DE ROTONDAS;212;USERA;08;MANTENIMIENTO URBANO;02;VÍAS PÚBLICAS;;;;;;;200000;-85000;115000;0;0;115000;115000;0;0;0;
5;FONDO DE REEQUILIBRIO TERRITORIAL;001;212;15322;61999;2025/001076;2025/001076;Cº VIEJO VILLAVERDE Y AVDA. RAFAELA YBARRA. ACONDICIONAMIENTO Y ACCESIBILIDAD ESPACIOS INTERBLOQUES;212;USERA;06;URBANISMO;01;URBANIZACIÓN SUELO A CARGO DEL AYUNTAMIENTO;;;17;FONDO REEQUILIBRIO TERRITORIAL;;;0;400000;400000;400000;0;0;0;0;0;0;
;;001;212;17102;60913;2025/000279;2025/000279;ZONA VERDE C/PRIMITIVA GAÑÁN. ÁREA BIOSALUDABLE Y SOMBRA Y CINE AIRE LIBRE;212;USERA;08;MANTENIMIENTO URBANO;01;MOBILIARIO URBANO;;;;;;;150000;94000;244000;244000;0;0;0;0;0;0;
;;001;212;17102;60921;2022/000492;2022/000492;CREACIÓN NUEVA ZONA VERDE ESTANCIAL EN C/POPULAR MADRILEÑA, 11 DISTRITO DE USERA;212;USERA;09;MEDIO AMBIENTE;01;ZONAS AJARDINADAS;;;17;FONDO REEQUILIBRIO TERRITORIAL;;;0;177572,89;177572,89;0,2;0;177572,69;177572,69;177572,69;0;177572,69;
5;FONDO DE REEQUILIBRIO TERRITORIAL;001;212;17102;60921;2022/000492;2022/000492;CREACIÓN NUEVA ZONA VERDE ESTANCIAL EN C/POPULAR MADRILEÑA, 11 DISTRITO DE USERA;212;USERA;09;MEDIO AMBIENTE;01;ZONAS AJARDINADAS;;;17;FONDO REEQUILIBRIO TERRITORIAL;;;250000;0;250000;52393,93;0;197606,07;197606,07;197606,07;0;197606,07;
5;FONDO DE REEQUILIBRIO TERRITORIAL;001;212;17102;60921;2023/000312;2023/000312;ZONA VERDE EN C/ PRIMITIVA GAÑÁN, DISTRITO USERA. CREACIÓN;212;USERA;09;MEDIO AMBIENTE;01;ZONAS AJARDINADAS;;;17;FONDO REEQUILIBRIO TERRITORIAL;;;150000;0;150000;150000;0;0;0;0;0;0;
;;001;212;17102;60999;2022/001396;2022/001396;ZONA VERDE C/ RICARDO BELTRÁN ROZPIDE DE ACCESO COLEGIO PÚBLICO REPÚBLICA DE VENEZUELA. MEJORAS;212;USERA;09;MEDIO AMBIENTE;01;ZONAS AJARDINADAS;;;17;FONDO REEQUILIBRIO TERRITORIAL;;;0;2384,22;2384,22;0;0;2384,22;2384,22;2384,22;0;2384,22;
;;001;212;17102;60999;2025/000280;2025/000280;RECINTOS FERIALES DEL DISTRITO DE USERA. OBRAS PARA SUMINISTRO AGUA Y ELECTRICIDAD;212;USERA;09;MEDIO AMBIENTE;01;ZONAS AJARDINADAS;;;;;;;60000;0;60000;60000;0;0;0;0;0;0;
5;FONDO DE REEQUILIBRIO TERRITORIAL;001;212;17102;60999;2025/005019;2025/005019;PARQUE DE PRADOLONGO. INSTALACIÓN DE CIRCUITO DEPORTIVO DE ORIENTACIÓN (ID 19: 16655);212;USERA;11;DEPORTES, JUVENTUD  Y ESPARCIMIENTO;02;PISTAS DEPORTIVAS ELEMENTALES;;;;;18;PRESUPUESTOS PARTICIPATIVOS;0;20000;20000;20000;0;0;0;0;0;0;
5;FONDO DE REEQUILIBRIO TERRITORIAL;001;212;17102;61921;2023/000287;2023/000287;ZONAS AJARDINADAS PLAZAS DEL BARRIO DE SAN FERMÍN. OBRAS DE REGENERACIÓN;212;USERA;09;MEDIO AMBIENTE;01;ZONAS AJARDINADAS;;;17;FONDO REEQUILIBRIO TERRITORIAL;;;250000;-170000;80000;368,53;0;79631,47;79631,47;0;0;0;
;;001;212;23103;62500;2025/000162;2025/000162;EQUIPAMIENTO CENTROS DE MAYORES DEL DISTRITO DE USERA;212;USERA;03;PROTECCIÓN Y PROMOCIÓN SOCIAL;01;CENTROS DE MAYORES;;;;;;;1000;-839,86;160,14;160,14;0;0;0;0;0;0;
;;001;212;23103;62500;2025/000162;2025/010162;EQUIPAMIENTO CENTRO DE MAYORES SAN FILIBERTO;212;USERA;03;PROTECCIÓN Y PROMOCIÓN SOCIAL;01;CENTROS DE MAYORES;;;;;;;0;619,58;619,58;0;0;619,58;619,58;0;0;0;
;;001;212;23103;62500;2025/000162;2025/060162;EQUIPAMIENTO CENTRO DE MAYORES ARTURO PAJUELO;212;USERA;03;PROTECCIÓN Y PROMOCIÓN SOCIAL;01;CENTROS DE MAYORES;;;;;;;0;220,28;220,28;0;0;220,28;220,28;0;0;0;
;;001;212;23103;62599;2025/000162;2025/000162;EQUIPAMIENTO CENTROS DE MAYORES DEL DISTRITO DE USERA;212;USERA;03;PROTECCIÓN Y PROMOCIÓN SOCIAL;01;CENTROS DE MAYORES;;;;;;;10000;-9436,2;563,8;563,8;0;0;0;0;0;0;
;;001;212;23103;62599;2025/000162;2025/010162;EQUIPAMIENTO CENTRO DE MAYORES SAN FILIBERTO;212;USERA;03;PROTECCIÓN Y PROMOCIÓN SOCIAL;01;CENTROS DE MAYORES;;;;;;;0;337,59;337,59;0;0;337,59;337,59;0;0;0;
;;001;212;23103;62599;2025/000162;2025/030162;EQUIPAMIENTO CENTRO DE MAYORE ZOFIO;212;USERA;03;PROTECCIÓN Y PROMOCIÓN SOCIAL;01;CENTROS DE MAYORES;;;;;;;0;3276,16;3276,16;0;0;3276,16;3276,16;0;0;0;
;;001;212;23103;62599;2025/000162;2025/070162;EQUIPAMIENTO CENTRO DE MAYORES LOYOLA DE PALACIO;212;USERA;03;PROTECCIÓN Y PROMOCIÓN SOCIAL;01;CENTROS DE MAYORES;;;;;;;0;822,45;822,45;0;0;822,45;822,45;0;0;0;
5;FONDO DE REEQUILIBRIO TERRITORIAL;001;212;23103;62599;2025/005020;2025/005020;PUNTO DE INTERCAMBIO DE LIBROS CENTROS DE MAYORES USERA. MOBILIARIO Y ENSERES (ID 24:20046);212;USERA;03;PROTECCIÓN Y PROMOCIÓN SOCIAL;01;CENTROS DE MAYORES;;;;;18;PRESUPUESTOS PARTICIPATIVOS;0;3500;3500;1496,84;0;2003,16;2003,16;0;0;0;
;;001;212;23103;63500;2025/000162;2025/000162;EQUIPAMIENTO CENTROS DE MAYORES DEL DISTRITO DE USERA;212;USERA;03;PROTECCIÓN Y PROMOCIÓN SOCIAL;01;CENTROS DE MAYORES;;;;;;;1000;-827,88;172,12;172,12;0;0;0;0;0;0;
;;001;212;23103;63500;2025/000162;2025/020162;EQUIPAMIENTO CENTRO DE MAYORES ORCASUR;212;USERA;03;PROTECCIÓN Y PROMOCIÓN SOCIAL;01;CENTROS DE MAYORES;;;;;;;0;827,88;827,88;0;0;827,88;827,88;0;0;0;
;;001;212;23103;63599;2025/000162;2025/000162;EQUIPAMIENTO CENTROS DE MAYORES DEL DISTRITO DE USERA;212;USERA;03;PROTECCIÓN Y PROMOCIÓN SOCIAL;01;CENTROS DE MAYORES;;;;;;;6000;-5191,43;808,57;808,57;0;0;0;0;0;0;
;;001;212;23103;63599;2025/000162;2025/010162;EQUIPAMIENTO CENTRO DE MAYORES SAN FILIBERTO;212;USERA;03;PROTECCIÓN Y PROMOCIÓN SOCIAL;01;CENTROS DE MAYORES;;;;;;;0;2708,2;2708,2;0;0;2708,2;2708,2;2490,4;0;2490,4;
;;001;212;23103;63599;2025/000162;2025/020162;EQUIPAMIENTO CENTRO DE MAYORES ORCASUR;212;USERA;03;PROTECCIÓN Y PROMOCIÓN SOCIAL;01;CENTROS DE MAYORES;;;;;;;0;433,78;433,78;0;0;433,78;433,78;215,98;0;215,98;
;;001;212;23103;63599;2025/000162;2025/030162;EQUIPAMIENTO CENTRO DE MAYORE ZOFIO;212;USERA;03;PROTECCIÓN Y PROMOCIÓN SOCIAL;01;CENTROS DE MAYORES;;;;;;;0;1884,57;1884,57;0;0;1884,57;1884,57;215,98;0;215,98;
;;001;212;23103;63599;2025/000162;2025/040162;EQUIPAMIENTO CENTRO DE MAYORES JOSÉ MANUEL BRINGAS;212;USERA;03;PROTECCIÓN Y PROMOCIÓN SOCIAL;01;CENTROS DE MAYORES;;;;;;;0;215,98;215,98;0;0;215,98;215,98;215,98;0;215,98;
;;001;212;23103;63599;2025/000162;2025/050162;EQUIPAMIENTO CENTRO DE MAYORES EVANGELIOS;212;USERA;03;PROTECCIÓN Y PROMOCIÓN SOCIAL;01;CENTROS DE MAYORES;;;;;;;0;2767,88;2767,88;0;0;2767,88;2767,88;699,99;0;699,99;
;;001;212;23103;63599;2025/000162;2025/060162;EQUIPAMIENTO CENTRO DE MAYORES ARTURO PAJUELO;212;USERA;03;PROTECCIÓN Y PROMOCIÓN SOCIAL;01;CENTROS DE MAYORES;;;;;;;0;971,02;971,02;0;0;971,02;971,02;699,98;0;699,98;
;;001;212;23103;63599;2025/000162;2025/070162;EQUIPAMIENTO CENTRO DE MAYORES LOYOLA DE PALACIO;212;USERA;03;PROTECCIÓN Y PROMOCIÓN SOCIAL;01;CENTROS DE MAYORES;;;;;;;0;1210;1210;0;0;1210;1210;1210;0;1210;
;;001;212;23106;62500;2025/000164;2025/000164;CENTROS DE SERVICIOS SOCIALES DISTRITO USERA. MOBILIARIO Y EQUIPOS DE OFICINA;212;USERA;03;PROTECCIÓN Y PROMOCIÓN SOCIAL;02;CENTROS DE SERVICIOS SOCIALES;;;;;;;10000;-4892,65;5107,35;5107,35;0;0;0;0;0;0;
;;001;212;23106;62500;2025/000164;2025/010164;CENTRO DE SERVICIOS SOCIALES SAN FILIBERTO. MOBILIARIO Y EQUIPOS DE OFICINA;212;USERA;03;PROTECCIÓN Y PROMOCIÓN SOCIAL;02;CENTROS DE SERVICIOS SOCIALES;;;;;;;0;4677,93;4677,93;0;0;4677,93;4677,93;4677,8;0;4677,8;
;;001;212;23106;62500;2025/000164;2025/020164;CENTRO DE SERVICIOS SOCIALES LOYOLA DE PALACIO. MOBILIARIO Y EQUIPOS DE OFICINA;212;USERA;03;PROTECCIÓN Y PROMOCIÓN SOCIAL;02;CENTROS DE SERVICIOS SOCIALES;;;;;;;0;214,72;214,72;0;0;214,72;214,72;214,71;0;214,71;
;;001;212;31101;62302;2025/001343;2025/001343;SERVICIOS DE SALUBRIDAD PÚBLICA DEL DISTRITO DE USERA. ÚTILES Y HERRAMIENTAS;212;USERA;04;SALUD PÚBLICA;02;HIGIENE;;;;;;;0;1110,78;1110,78;0;0;1110,78;1110,78;1110,78;0;1110,78;
;;001;212;32301;63200;2024/000436;2024/150436;COLEGIO PÚBLICO PRADOLONGO. OBRAS DE INSTALACIÓN DE TOLDOS;212;USERA;05;EDUCACIÓN;00;COLEGIOS;;;17;FONDO REEQUILIBRIO TERRITORIAL;;;0;3226,85;3226,85;0;0;3226,85;3226,85;3168,11;0;3168,11;
;;001;212;32301;63200;2024/000436;2024/160436;COLEGIO PÚBLICO REPÚBLICA DE BRASIL. OBRAS DE INSTALACIÓN DE TOLDOS;212;USERA;05;EDUCACIÓN;00;COLEGIOS;;;17;FONDO REEQUILIBRIO TERRITORIAL;;;0;1832,26;1832,26;0;0;1832,26;1832,26;1773,52;0;1773,52;
;;001;212;32301;63200;2024/000436;2024/170436;COLEGIO PÚBLICO REPÚBLICA DE VENEZUELA. OBRAS DE INSTALACIÓN DE TOLDOS;212;USERA;05;EDUCACIÓN;00;COLEGIOS;;;17;FONDO REEQUILIBRIO TERRITORIAL;;;0;2344,46;2344,46;0;0;2344,46;2344,46;2285,71;0;2285,71;
;;001;212;32301;63200;2024/000436;2024/180436;COLEGIO PÚBLICO JUAN SEBASTIÁN ELCANO. OBRAS DE INSTALACIÓN DE TOLDOS;212;USERA;05;EDUCACIÓN;00;COLEGIOS;;;17;FONDO REEQUILIBRIO TERRITORIAL;;;0;120,08;120,08;0;0;120,08;120,08;120,08;0;120,08;
;;001;212;32301;63200;2024/001573;2024/001573;COLEGIO PÚBLICO REPÚBLICA DE BRASIL. OBRAS DE SUSTITUCIÓN DE CALDERAS;212;USERA;05;EDUCACIÓN;00;COLEGIOS;;;;;;;0;30131,33;30131,33;0;0;30131,33;30131,33;0;0;0;
;;001;212;32301;63200;2024/009008;2024/019008;COLEGIO PÚBLICO MESETA DE ORCASITAS. OBRAS DE REFORMA Y MEJORAS SEGURIDAD DEL VALLADO EXTERIOR;212;USERA;05;EDUCACIÓN;00;COLEGIOS;;;;;;;0;5683,54;5683,54;0;0;5683,54;5683,54;5683,54;0;5683,54;
;;001;212;32301;63200;2024/009008;2024/049008;COLEGIO PÚBLICO REPÚBLICA DE VENEZUELA. ADECUACIÓN DE JUEGO INFANTIL Y MEJORAS CUBIERTA;212;USERA;05;EDUCACIÓN;00;COLEGIOS;;;;;;;0;35883,81;35883,81;0;0;35883,81;35883,81;35207,45;0;35207,45;
;;001;212;32301;63200;2024/009008;2024/059008;COLEGIO PÚBLICO JORGE MANRIQUE. ADECUACIÓN RECINTO AULA DEL FUTURO, GIMNASIO Y ZONAS AJARDINADAS;212;USERA;05;EDUCACIÓN;00;COLEGIOS;;;;;;;0;126508,84;126508,84;0;0;126508,84;126508,84;106016,77;0;106016,77;
;;001;212;32301;63200;2024/009008;2024/069008;COLEGIOS PÚBLICOS DEL DISTRITO DE USERA. OBRAS DE ADECUACIÓN DE LAS INSTALACIONES A NORMATIVA;212;USERA;05;EDUCACIÓN;00;COLEGIOS;;;;;;;0;7181,8;7181,8;0;0;7181,8;7181,8;7181,8;0;7181,8;
;;001;212;32301;63200;2024/009008;2024/079008;ESCUELAS INFANTILES DEL DISTRITO DE USERA. OBRAS DE ADECUACIÓN DE LAS INSTALACIONES A NORMATIVA;212;USERA;05;EDUCACIÓN;01;ESCUELAS INFANTILES;;;;;;;0;16392,01;16392,01;0;0;16392,01;16392,01;16392,01;0;16392,01;
;;001;212;32301;63200;2025/000272;2025/000272;OBRAS ADECUACION Y ACONDICIONAMIENTO EN CENTROS DOCENTES DE ENSEÑANZA DISTRITO DE USERA;212;USERA;05;EDUCACIÓN;00;COLEGIOS;;;;;;;676000;-666750,16;9249,84;9249,84;0;0;0;0;0;0;
;;001;212;32301;63200;2025/000272;2025/010272;COLEGIO PÚBLICO GLORIA FUERTES. OBRAS DE ACCESIBILIDAD, SEGURIDAD Y EFICIENCIA ENERGÉTICA;212;USERA;05;EDUCACIÓN;00;COLEGIOS;;;;;;;0;103536,94;103536,94;0;0;103536,94;103536,94;83348,7;0;83348,7;
;;001;212;32301;63200;2025/000272;2025/020272;COLEGIO PÚBLICO PRADOLONGO. OBRAS DE LA RED DE FONTANERÍA Y OTRAS MEJORAS;212;USERA;05;EDUCACIÓN;00;COLEGIOS;;;;;;;0;38622,09;38622,09;0;0;38622,09;38622,09;32173,07;0;32173,07;
;;001;212;32301;63200;2025/000273;2025/000273;CENTROS DOCENTES ENSEÑANZA DISTRITO USERA. OBRAS ADAPTACION SISTEMAS ANTI-INTRUSION;212;USERA;05;EDUCACIÓN;00;COLEGIOS;;;;;;;80000;-80000;0;0;0;0;0;0;0;0;
;;001;212;32301;63200;2025/008040;2025/008040;CENTRO EDUCACIÓN ESPECIAL JOAN MIRÓ.ADECUACIÓN CUBIERTA, INSTALACIONES ELÉCTRICAS Y ALARMA INTRUSIÓN;212;USERA;05;EDUCACIÓN;02;CENTROS DE EDUCACIÓN ESPECIAL;;;;;;;0;90000;90000;507,49;0;89492,51;89492,51;0;0;0;
;;001;212;32301;63200;2025/008076;2025/008076;COLEGIO PÚBLICO REPÚBLICA DE BRASIL. ADECUACIÓN CUBIERTA PABELLÓN PRINCIPAL, ASEOS PATIO Y OTRAS;212;USERA;05;EDUCACIÓN;00;COLEGIOS;;;;;;;0;17246,56;17246,56;0;0;17246,56;17246,56;5796,12;0;5796,12;
4;SC Y CE FINANC. CON RTG;001;212;32301;63200;2025/008032;2025/008032;CENTROS DOCENTES DEL DISTRITO DE USERA. OBRAS DE MEJORA Y ADECUACIÓN DE LAS INSTALACIONES;212;USERA;05;EDUCACIÓN;00;COLEGIOS;;;;;;;0;305246,09;305246,09;305246,09;0;0;0;0;0;0;
4;SC Y CE FINANC. CON RTG;001;212;32301;63200;2025/008032;2025/068032;ESCUELA INFANTIL LA CORNISA. OBRAS ADECUACIÓN INSTALACIONES INTRUSIÓN Y MEJORA EFICIENCIA ENERGÉTICA;212;USERA;05;EDUCACIÓN;01;ESCUELAS INFANTILES;;;;;;;0;4753,91;4753,91;0;0;4753,91;4753,91;4626,24;0;4626,24;
4;SC Y CE FINANC. CON RTG;001;212;32301;63200;2025/008040;2025/008040;CENTRO EDUCACIÓN ESPECIAL JOAN MIRÓ.ADECUACIÓN CUBIERTA, INSTALACIONES ELÉCTRICAS Y ALARMA INTRUSIÓN;212;USERA;05;EDUCACIÓN;02;CENTROS DE EDUCACIÓN ESPECIAL;;;;;;;0;480000;480000;0;0;480000;480000;479999,99;0;479999,99;
4;SC Y CE FINANC. CON RTG;001;212;32301;63200;2025/008076;2025/008076;COLEGIO PÚBLICO REPÚBLICA DE BRASIL. ADECUACIÓN CUBIERTA PABELLÓN PRINCIPAL, ASEOS PATIO Y OTRAS;212;USERA;05;EDUCACIÓN;00;COLEGIOS;;;;;;;0;120000;120000;0;0;120000;120000;82640,42;0;82640,42;
;;001;212;33401;62599;2025/000165;2025/000165;EQUIPAMIENTO CENTROS CULTURALES DEL DISTRITO DE USERA;212;USERA;10;CULTURA;03;CENTROS CULTURALES;;;;;;;10000;-9980,59;19,41;19,41;0;0;0;0;0;0;
;;001;212;33401;62599;2025/000165;2025/010165;EQUIPAMIENTO CENTRO CULTURAL USERA I;212;USERA;10;CULTURA;03;CENTROS CULTURALES;;;;;;;0;513,5;513,5;0;0;513,5;513,5;0;0;0;
;;001;212;33401;62599;2025/000165;2025/020165;EQUIPAMIENTO CENTRO SOCIOCULTURAL CÁNOVAS DEL CASTILLO;212;USERA;10;CULTURA;03;CENTROS CULTURALES;;;;;;;0;1442,96;1442,96;0;0;1442,96;1442,96;0;0;0;
;;001;212;33401;62599;2025/000165;2025/030165;EQUIPAMIENTO CENTRO CULTURAL ORCASUR;212;USERA;10;CULTURA;03;CENTROS CULTURALES;;;;;;;0;2198,56;2198,56;0;0;2198,56;2198,56;0;0;0;
;;001;212;33401;62599;2025/000165;2025/040165;EQUIPAMIENTO CENTRO CULTURAL MESETA DE ORCASITAS;212;USERA;10;CULTURA;03;CENTROS CULTURALES;;;;;;;0;2151,77;2151,77;0;0;2151,77;2151,77;0;0;0;
;;001;212;33401;62599;2025/000165;2025/050165;EQUIPAMIENTO TEATRO DEL CENTRO CULTURAL USERA, AVENIDA DE RAFAELA YBARRA, 41;212;USERA;10;CULTURA;03;CENTROS CULTURALES;;;;;;;0;3121,8;3121,8;0;0;3121,8;3121,8;3121,8;0;3121,8;
;;001;212;33401;62599;2025/000165;2025/060165;EQUIPAMIENTO CENTRO DE EDUCACIÓN AMBIENTAL Y CULTURAL MARIS STELLA;212;USERA;10;CULTURA;03;CENTROS CULTURALES;;;;;;;0;1452;1452;0;0;1452;1452;1452;0;1452;
;;001;212;33401;63599;2025/000165;2025/000165;EQUIPAMIENTO CENTROS CULTURALES DEL DISTRITO DE USERA;212;USERA;10;CULTURA;03;CENTROS CULTURALES;;;;;;;10000;-9122,52;877,48;877,48;0;0;0;0;0;0;
;;001;212;33401;63599;2025/000165;2025/020165;EQUIPAMIENTO CENTRO SOCIOCULTURAL CÁNOVAS DEL CASTILLO;212;USERA;10;CULTURA;03;CENTROS CULTURALES;;;;;;;0;323,61;323,61;0;0;323,61;323,61;0;0;0;
;;001;212;33401;63599;2025/000165;2025/030165;EQUIPAMIENTO CENTRO CULTURAL ORCASUR;212;USERA;10;CULTURA;03;CENTROS CULTURALES;;;;;;;0;7898,91;7898,91;0;0;7898,91;7898,91;0;0;0;
;;001;212;34201;61999;2025/000276;2025/030276;DEPORTIVO BÁSICO LA CHIMENEA. OBRAS DE REFUERZO DE VALLADO E INSTALACIÓN DE CHAPA DE OCULTACIÓN;212;USERA;11;DEPORTES, JUVENTUD  Y ESPARCIMIENTO;02;PISTAS DEPORTIVAS ELEMENTALES;;;;;;;0;51016,46;51016,46;0;0;51016,46;51016,46;6055,19;0;0;
;;001;212;34201;62300;2025/000166;2025/000166;EQUIPAMIENTO CENTROS DEPORTIVOS DISTRITO USERA;212;USERA;11;DEPORTES, JUVENTUD  Y ESPARCIMIENTO;01;POLIDEPORTIVOS;;;;;;;7000;-7000;0;0;0;0;0;0;0;0;
;;001;212;34201;62301;2025/000171;2025/000171;CENTROS DEPORTIVOS DISTRITO USERA. INSTALACIONES TECNICAS;212;USERA;11;DEPORTES, JUVENTUD  Y ESPARCIMIENTO;01;POLIDEPORTIVOS;;;;;;;7000;0;7000;7000;0;0;0;0;0;0;
;;001;212;34201;62301;2025/000275;2025/000275;CENTROS DEPORTIVOS DISTRITO USERA. INSTALACIONES CLIMATIZACION, AGUA Y SISTEMAS ANTI-INTRUSIÓN;212;USERA;11;DEPORTES, JUVENTUD  Y ESPARCIMIENTO;01;POLIDEPORTIVOS;;;;;;;435000;-434496,56;503,44;503,44;0;0;0;0;0;0;
;;001;212;34201;62301;2025/000275;2025/020275;CENTRO DEPORTIVO ORCASITAS. EQUIPO DE CONTROL HIPOCLORITO PISCINA DEL PABELLÓN JESÚS ROLLÁN;212;USERA;11;DEPORTES, JUVENTUD  Y ESPARCIMIENTO;01;POLIDEPORTIVOS;;;;;;;0;14496,56;14496,56;0;0;14496,56;14496,56;14496,56;0;14496,56;
;;001;212;34201;62500;2025/000166;2025/000166;EQUIPAMIENTO CENTROS DEPORTIVOS DISTRITO USERA;212;USERA;11;DEPORTES, JUVENTUD  Y ESPARCIMIENTO;01;POLIDEPORTIVOS;;;;;;;6000;-6000;0;0;0;0;0;0;0;0;
;;001;212;34201;62599;2024/000182;2024/000182;EQUIPAMIENTO CENTROS DEPORTIVOS DEL DISTRITO DE USERA;212;USERA;11;DEPORTES, JUVENTUD  Y ESPARCIMIENTO;01;POLIDEPORTIVOS;;;;;;;20793;-20793;0;0;0;0;0;0;0;0;
;;001;212;34201;62599;2024/000182;2024/020182;EQUIPAMIENTO CENTRO DEPORTIVO ORCASUR;212;USERA;11;DEPORTES, JUVENTUD  Y ESPARCIMIENTO;01;POLIDEPORTIVOS;;;;;;;0;4706,34;4706,34;0;0;4706,34;4706,34;3137,26;0;3137,26;
;;001;212;34201;62599;2024/000182;2024/030182;EQUIPAMIENTO CENTRO DEPORTIVO ORCASITAS;212;USERA;11;DEPORTES, JUVENTUD  Y ESPARCIMIENTO;01;POLIDEPORTIVOS;;;;;;;0;9155,62;9155,62;0;0;9155,62;9155,62;9142,63;0;9142,63;
;;001;212;34201;62599;2025/000166;2025/000166;EQUIPAMIENTO CENTROS DEPORTIVOS DISTRITO USERA;212;USERA;11;DEPORTES, JUVENTUD  Y ESPARCIMIENTO;01;POLIDEPORTIVOS;;;;;;;26000;-25198,01;801,99;801,99;0;0;0;0;0;0;
;;001;212;34201;62599;2025/000166;2025/010166;EQUIPAMIENTO CENTRO DEPORTIVO ORCASITAS;212;USERA;11;DEPORTES, JUVENTUD  Y ESPARCIMIENTO;01;POLIDEPORTIVOS;;;;;;;0;6230,7;6230,7;0;0;6230,7;6230,7;3653,11;0;3653,11;
;;001;212;34201;62599;2025/000166;2025/020166;EQUIPAMIENTO CENTRO DEPORTIVO ORCASUR;212;USERA;11;DEPORTES, JUVENTUD  Y ESPARCIMIENTO;01;POLIDEPORTIVOS;;;;;;;0;7945,2;7945,2;0;0;7945,2;7945,2;4488,91;0;4488,91;
;;001;212;34201;62599;2025/000166;2025/030166;EQUIPAMIENTO CENTRO DEPORTIVO SAN FERMÍN;212;USERA;11;DEPORTES, JUVENTUD  Y ESPARCIMIENTO;01;POLIDEPORTIVOS;;;;;;;0;2953,15;2953,15;0;0;2953,15;2953,15;915,72;0;915,72;
;;001;212;34201;63200;2025/000274;2025/000274;OBRAS DE REFORMA Y ACONDICIONAMIENTO EN CENTROS DEPORTIVOS DEL DISTRITO DE USERA;212;USERA;11;DEPORTES, JUVENTUD  Y ESPARCIMIENTO;01;POLIDEPORTIVOS;;;;;;;370000;-200000;170000;170000;0;0;0;0;0;0;
;;001;212;34201;63200;2025/000274;2025/010274;CENTRO DEPORTIVO ORCASITAS. OBRAS DE MEJORA HABITABILIDAD EN EL PABELLÓN JESÚS ROLLÁN;212;USERA;11;DEPORTES, JUVENTUD  Y ESPARCIMIENTO;01;POLIDEPORTIVOS;;;;;;;0;11200,37;11200,37;0;0;11200,37;11200,37;0;0;0;
;;001;212;34201;63200;2025/000274;2025/020274;CENTRO DEPORTIVO ORCASITAS. INSTALACIÓN DE CALDERAS EN EL PABELLÓN JESÚS ROLLÁN;212;USERA;11;DEPORTES, JUVENTUD  Y ESPARCIMIENTO;01;POLIDEPORTIVOS;;;;;;;0;125527,97;125527,97;0;0;125527,97;125527,97;82005,75;0;82005,75;
;;001;212;34201;63200;2025/001331;2025/001331;CENTRO DEPORTIVO ORCASITAS. OBRAS CUBRICIÓN LUCERNARIO PISTA Y OTRAS MEJORAS PABELLÓN JESÚS ROLLÁN;212;USERA;11;DEPORTES, JUVENTUD  Y ESPARCIMIENTO;01;POLIDEPORTIVOS;;;;;;;0;176271,66;176271,66;113125,68;0;63145,98;63145,98;0;0;0;
5;FONDO DE REEQUILIBRIO TERRITORIAL;001;212;34201;63200;2024/001072;2024/001072;CENTRO DEPORTIVO ORCASITAS. OBRAS DE ADECUACIÓN DE LA CUBIERTA EN LAS GRADAS;212;USERA;11;DEPORTES, JUVENTUD  Y ESPARCIMIENTO;01;POLIDEPORTIVOS;;;17;FONDO REEQUILIBRIO TERRITORIAL;;;40000;0;40000;40000;0;0;0;0;0;0;
;;001;212;34201;63300;2025/000166;2025/000166;EQUIPAMIENTO CENTROS DEPORTIVOS DISTRITO USERA;212;USERA;11;DEPORTES, JUVENTUD  Y ESPARCIMIENTO;01;POLIDEPORTIVOS;;;;;;;6379;-6379;0;0;0;0;0;0;0;0;
;;001;212;34201;63301;2025/000171;2025/000171;CENTROS DEPORTIVOS DISTRITO USERA. INSTALACIONES TECNICAS;212;USERA;11;DEPORTES, JUVENTUD  Y ESPARCIMIENTO;01;POLIDEPORTIVOS;;;;;;;6300;-6300;0;0;0;0;0;0;0;0;
;;001;212;34201;63500;2025/000166;2025/000166;EQUIPAMIENTO CENTROS DEPORTIVOS DISTRITO USERA;212;USERA;11;DEPORTES, JUVENTUD  Y ESPARCIMIENTO;01;POLIDEPORTIVOS;;;;;;;8000;-8000;0;0;0;0;0;0;0;0;
;;001;212;34201;63599;2025/000166;2025/000166;EQUIPAMIENTO CENTROS DEPORTIVOS DISTRITO USERA;212;USERA;11;DEPORTES, JUVENTUD  Y ESPARCIMIENTO;01;POLIDEPORTIVOS;;;;;;;25000;-25000;0;0;0;0;0;0;0;0;
;;001;212;34201;63901;2025/000172;2025/000172;CENTROS DEPORTIVOS DEL DISTRITO USERA. SEÑALIZACION;212;USERA;11;DEPORTES, JUVENTUD  Y ESPARCIMIENTO;01;POLIDEPORTIVOS;;;;;;;7000;0;7000;7000;0;0;0;0;0;0;
;;001;212;34201;60999;2023/001500;2023/001500;DEPORTIVO BÁSICO ROMÁN VALERO. CONSTRUCCIÓN DE NUEVAS PISTAS DEPORTIVAS;212;USERA;11;DEPORTES, JUVENTUD  Y ESPARCIMIENTO;02;PISTAS DEPORTIVAS ELEMENTALES;;;17;FONDO REEQUILIBRIO TERRITORIAL;;;0;74457;74457;0,35;0;74456,65;74456,65;74456,65;0;74456,65;
5;FONDO DE REEQUILIBRIO TERRITORIAL;001;212;34201;60999;2023/003068;2023/003068;ZONA DEPORTIVA INFANTIL Y DE JUEGOS EN LA CALLE DE MATILDE GAYO. CONSTRUCCIÓN (ID 21: 18586);212;USERA;11;DEPORTES, JUVENTUD  Y ESPARCIMIENTO;02;PISTAS DEPORTIVAS ELEMENTALES;;;;;18;PRESUPUESTOS PARTICIPATIVOS;100000;0;100000;2779,19;0;97220,81;97220,81;87718,37;0;87718,37;
5;FONDO DE REEQUILIBRIO TERRITORIAL;001;212;34201;60999;2023/003072;2023/003072;DEPORTIVO BÁSICO PARKOUR EN EL BARRIO DE ORCASITAS. CONSTRUCCIÓN (ID 21: 18137);212;USERA;11;DEPORTES, JUVENTUD  Y ESPARCIMIENTO;02;PISTAS DEPORTIVAS ELEMENTALES;;;;;18;PRESUPUESTOS PARTICIPATIVOS;265000;0;265000;542,9;7283,7;257173,4;257173,4;0;0;0;
5;FONDO DE REEQUILIBRIO TERRITORIAL;001;212;34201;60999;2025/005003;2025/005003;CIRCUITO DEPORTIVO DE ORIENTACIÓN EN EL PARQUE DE PRADOLONGO. INSTALACIÓN (ID 19: 16655);212;USERA;11;DEPORTES, JUVENTUD  Y ESPARCIMIENTO;02;PISTAS DEPORTIVAS ELEMENTALES;;;;;18;PRESUPUESTOS PARTICIPATIVOS;30000;0;30000;30000;0;0;0;0;0;0;
;;001;212;34201;61999;2024/001575;2024/001575;DEPORTIVO BÁSICO EL TORERO. OBRAS DE VALLADO EN PISTA DE FRONTÓN;212;USERA;11;DEPORTES, JUVENTUD  Y ESPARCIMIENTO;02;PISTAS DEPORTIVAS ELEMENTALES;;;;;;;0;18575,69;18575,69;0;0;18575,69;18575,69;15441,81;0;15441,81;
;;001;212;34201;61999;2025/000276;2025/000276;DEPORTIVOS BÁSICOS DEL DISTRITO DE USERA. OBRAS DE REFORMA Y ACONDICIONAMIENTO;212;USERA;11;DEPORTES, JUVENTUD  Y ESPARCIMIENTO;02;PISTAS DEPORTIVAS ELEMENTALES;;;;;;;337000;-307941,48;29058,52;29058,52;0;0;0;0;0;0;
;;001;212;34201;61999;2025/000276;2025/010276;DEPORTIVO BÁSICO FRONTÓN SAN FERMÍN. OBRAS DE ACONDICIONAMIENTO EN GRADAS;212;USERA;11;DEPORTES, JUVENTUD  Y ESPARCIMIENTO;02;PISTAS DEPORTIVAS ELEMENTALES;;;;;;;0;25755,62;25755,62;0;0;25755,62;25755,62;7989,99;0;7989,99;
;;001;212;34201;61999;2025/000276;2025/020276;DEPORTIVO BÁSICO FRONTÓN SAN FERMÍN. OBRAS DE REFORMA Y ACONDICIONAMIENTO;212;USERA;11;DEPORTES, JUVENTUD  Y ESPARCIMIENTO;02;PISTAS DEPORTIVAS ELEMENTALES;;;;;;;0;52593,71;52593,71;0;0;52593,71;52593,71;0;0;0;
1;INCORPORACIONES REMANENTES OBLIGATORIAS;001;212;43277;62200;2023/001674;2023/001674;PUNTO DE INFORMACIÓN TURÍSTICA EN EL DISTRITO DE USERA. OBRAS DE CONSTRUCCIÓN;212;USERA;14;SECTORES PRODUCTIVOS;02;TURISMO;;;;;;;0;203813;203813;9137,93;0;194675,07;194675,07;0;0;0;
;;001;212;92001;62302;2025/000167;2025/000167;EQUIPAMIENTO SERVICIOS ADMINISTRATIVOS DEL DISTRITO DE USERA;212;USERA;00;INVERSIONES DE CARÁCTER GENERAL;02;SERVICIOS ADMINISTRATIVOS  TERRITORIALES;;;;;;;1000;0;1000;744,24;0;255,76;255,76;255,76;0;255,76;
;;001;212;92001;62500;2025/000167;2025/000167;EQUIPAMIENTO SERVICIOS ADMINISTRATIVOS DEL DISTRITO DE USERA;212;USERA;00;INVERSIONES DE CARÁCTER GENERAL;02;SERVICIOS ADMINISTRATIVOS  TERRITORIALES;;;;;;;5000;0;5000;1051,77;0;3948,23;3948,23;3948,23;0;3948,23;
;;001;212;92001;62599;2025/000167;2025/000167;EQUIPAMIENTO SERVICIOS ADMINISTRATIVOS DEL DISTRITO DE USERA;212;USERA;00;INVERSIONES DE CARÁCTER GENERAL;02;SERVICIOS ADMINISTRATIVOS  TERRITORIALES;;;;;;;2000;0;2000;1746,39;0;253,61;253,61;253,61;0;253,61;
;;001;212;92001;63599;2025/000167;2025/000167;EQUIPAMIENTO SERVICIOS ADMINISTRATIVOS DEL DISTRITO DE USERA;212;USERA;00;INVERSIONES DE CARÁCTER GENERAL;02;SERVICIOS ADMINISTRATIVOS  TERRITORIALES;;;;;;;4500;0;4500;990,6;0;3509,4;3509,4;0;0;0;
;;001;212;93302;63200;2024/001586;2024/001586;EDIFICIO SEDE DISTRITO USERA. OBRAS DE REFORMA DE DESPACHOS Y ASEOS;212;USERA;00;INVERSIONES DE CARÁCTER GENERAL;02;SERVICIOS ADMINISTRATIVOS  TERRITORIALES;;;;;;;0;54130,43;54130,43;0;0;54130,43;54130,43;54120,16;0;54120,16;
;;001;212;93302;63200;2024/009009;2024/009009;ESCUELA DE MÚSICA MAESTRO BARBIERI. OBRAS DE REFORMA PARCIAL EN CUBIERTA;212;USERA;05;EDUCACIÓN;03;ESCUELAS DE MÚSICA;;;;;;;0;112952,07;112952,07;0;0;112952,07;112952,07;95400,21;0;95400,21;
;;001;212;93302;63200;2025/000277;2025/000277;OBRAS DE ADECUACION ACONDICIONAMIENTO Y REFORMA EN EDIFICIOS MUNICIPALES DISTRITO USERA;212;USERA;00;INVERSIONES DE CARÁCTER GENERAL;03;EDIFICIOS PARA EL USO GENERAL;;;;;;;480000;-302280,21;177719,79;177719,79;0;0;0;0;0;0;
;;001;212;93302;63200;2025/000277;2025/020277;CENTRO CULTURAL USERA II. ADECUACIÓN RED SUMINISTRO AGUA E INSTALACIÓN SISTEMA ANTIINTRUSIÓN;212;USERA;10;CULTURA;03;CENTROS CULTURALES;;;;;;;0;16508,76;16508,76;0;0;16508,76;16508,76;14376,6;0;14376,6;
;;001;212;93302;63200;2025/000277;2025/030277;CENTRO CULTURAL ORCASUR. OBRAS DE REFORMA DE CUBIERTA, ADECUACIÓN DE ESPACIOS Y OTRAS;212;USERA;10;CULTURA;03;CENTROS CULTURALES;;;;;;;0;118688,95;118688,95;0;0;118688,95;118688,95;35022,82;0;35022,82;
;;001;212;93302;63200;2025/001241;2025/001241;CENTRO DE MAYORES JOSÉ MANUEL BRINGAS. OBRAS SUSTITUCIÓN CLIMATIZADORA Y OTRAS INSTALACIONES;212;USERA;03;PROTECCIÓN Y PROMOCIÓN SOCIAL;01;CENTROS DE MAYORES;;;;;;;0;140000;140000;260,57;0;139739,43;139739,43;0;0;0;
4;SC Y CE FINANC. CON RTG;001;213;15322;61904;2022/001222;2022/001222;VÍAS PÚBLICAS DEL DISTRITO DE PUENTE DE VALLECAS. OBRAS DE REMODELACIÓN, MEJORA Y ACCESIBILIDAD;213;PUENTE DE VALLECAS;06;URBANISMO;01;URBANIZACIÓN SUELO A CARGO DEL AYUNTAMIENTO;;;;;;;0;1331,04;1331,04;0;0;1331,04;1331,04;1331,04;0;1331,04;
;;001;213;17102;61921;2024/001093;2024/001093;ZONA VERDE PLAZA SIERRA BERMEJA, DISTRITO PUENTE DE VALLECAS. REFORMA Y MODERNIZACIÓN;213;PUENTE DE VALLECAS;09;MEDIO AMBIENTE;01;ZONAS AJARDINADAS;;;17;FONDO REEQUILIBRIO TERRITORIAL;;;0;3965,16;3965,16;0;0;3965,16;3965,16;3965,16;0;3965,16;
;;001;213;17102;61921;2025/000285;2025/000285;ZONAS VERDES DEL DISTRITO PUENTE DE VALLECAS. OBRAS DE ACONDICIONAMIENTO;213;PUENTE DE VALLECAS;09;MEDIO AMBIENTE;01;ZONAS AJARDINADAS;;;;;;;300000;-299891,99;108,01;108,01;0;0;0;0;0;0;
;;001;213;17102;61921;2025/000285;2025/010285;ZONA VERDE  EN PUERTO DE TARANCON C/V HERMANOS CAPRI, 21. OBRAS DE RENOVACIÓN;213;PUENTE DE VALLECAS;09;MEDIO AMBIENTE;01;ZONAS AJARDINADAS;;;;;;;0;298816,64;298816,64;0;0;298816,64;298816,64;0;0;0;
5;FONDO DE REEQUILIBRIO TERRITORIAL;001;213;17102;61921;2025/000072;2025/000072;ZONAS VERDES C/ IMAGEN,PUENTE DE VALLECAS. REHABILITACIÓN Y ADECUACIÓN ZONAS INFANTIL Y MAYORES;213;PUENTE DE VALLECAS;09;MEDIO AMBIENTE;01;ZONAS AJARDINADAS;;;17;FONDO REEQUILIBRIO TERRITORIAL;;;300000;-250000;50000;50000;0;0;0;0;0;0;
5;FONDO DE REEQUILIBRIO TERRITORIAL;001;213;17102;61921;2025/001404;2025/001404;ZONA VERDE EN AVENIDA MONTE IGUELDO, 71, PUENTE DE VALLECAS. OBRAS DE REHABILITACIÓN;213;PUENTE DE VALLECAS;09;MEDIO AMBIENTE;01;ZONAS AJARDINADAS;;;17;FONDO REEQUILIBRIO TERRITORIAL;;;0;250000;250000;1697,26;0;248302,74;248302,74;0;0;0;
;;001;213;23102;62302;2025/000160;2025/000160;EQUIPAMIENTO CENTROS DE FAMILIA E INFANCIA DEL DISTRITO PUENTE DE VALLECAS;213;PUENTE DE VALLECAS;03;PROTECCIÓN Y PROMOCIÓN SOCIAL;03;INFANCIA Y FAMILIA;;;;;;;89;-88,48;0,52;0,52;0;0;0;0;0;0;
;;001;213;23102;62302;2025/000160;2025/010160;EQUIPAMIENTO CENTRO INTERGENERACIONAL RÍO ESMERALDA;213;PUENTE DE VALLECAS;03;PROTECCIÓN Y PROMOCIÓN SOCIAL;03;INFANCIA Y FAMILIA;;;;;;;0;88,48;88,48;0;0,88;87,6;87,6;87,6;0;0;
;;001;213;23102;62500;2024/001271;2024/001271;EQUIPAMIENTO CENTRO JUVENIL POLIVALENTE RÍO ESMERALDA;213;PUENTE DE VALLECAS;11;DEPORTES, JUVENTUD  Y ESPARCIMIENTO;03;CENTROS JUVENILES;;;;;;;0;15969,07;15969,07;0;0;15969,07;15969,07;15969,07;0;15969,07;
;;001;213;23102;62500;2025/000160;2025/000160;EQUIPAMIENTO CENTROS DE FAMILIA E INFANCIA DEL DISTRITO PUENTE DE VALLECAS;213;PUENTE DE VALLECAS;03;PROTECCIÓN Y PROMOCIÓN SOCIAL;03;INFANCIA Y FAMILIA;;;;;;;184;-183,34;0,66;0,66;0;0;0;0;0;0;
;;001;213;23102;62500;2025/000160;2025/010160;EQUIPAMIENTO CENTRO INTERGENERACIONAL RÍO ESMERALDA;213;PUENTE DE VALLECAS;03;PROTECCIÓN Y PROMOCIÓN SOCIAL;03;INFANCIA Y FAMILIA;;;;;;;0;183,34;183,34;0;1,84;181,5;181,5;181,5;0;0;
;;001;213;23102;62599;2025/000160;2025/000160;EQUIPAMIENTO CENTROS DE FAMILIA E INFANCIA DEL DISTRITO PUENTE DE VALLECAS;213;PUENTE DE VALLECAS;03;PROTECCIÓN Y PROMOCIÓN SOCIAL;03;INFANCIA Y FAMILIA;;;;;;;13670;-13624,82;45,18;45,18;0;0;0;0;0;0;
;;001;213;23102;62599;2025/000160;2025/010160;EQUIPAMIENTO CENTRO INTERGENERACIONAL RÍO ESMERALDA;213;PUENTE DE VALLECAS;03;PROTECCIÓN Y PROMOCIÓN SOCIAL;03;INFANCIA Y FAMILIA;;;;;;;0;13624,82;13624,82;0;1546,61;12078,21;12078,21;7884,46;0;0;
;;001;213;23102;62600;2025/000160;2025/000160;EQUIPAMIENTO CENTROS DE FAMILIA E INFANCIA DEL DISTRITO PUENTE DE VALLECAS;213;PUENTE DE VALLECAS;03;PROTECCIÓN Y PROMOCIÓN SOCIAL;03;INFANCIA Y FAMILIA;;;;;;;3046;-3045,88;0,12;0,12;0;0;0;0;0;0;
;;001;213;23102;62600;2025/000160;2025/010160;EQUIPAMIENTO CENTRO INTERGENERACIONAL RÍO ESMERALDA;213;PUENTE DE VALLECAS;03;PROTECCIÓN Y PROMOCIÓN SOCIAL;03;INFANCIA Y FAMILIA;;;;;;;0;3045,88;3045,88;0;730,69;2315,19;2315,19;0;0;0;
;;001;213;23103;62500;2025/000104;2025/000104;EQUIPAMIENTO CENTROS DE MAYORES DEL DISTRITO PUENTE DE VALLECAS;213;PUENTE DE VALLECAS;03;PROTECCIÓN Y PROMOCIÓN SOCIAL;01;CENTROS DE MAYORES;;;;;;;30000;-24762,41;5237,59;5237,59;0;0;0;0;0;0;
;;001;213;23103;62500;2025/000104;2025/010104;EQUIPAMIENTO CENTRO DE MAYORES SAN DIEGO;213;PUENTE DE VALLECAS;03;PROTECCIÓN Y PROMOCIÓN SOCIAL;01;CENTROS DE MAYORES;;;;;;;0;4154,03;4154,03;0;1039,33;3114,7;3114,7;3114,7;0;3114,7;
;;001;213;23103;62500;2025/000104;2025/020104;EQUIPAMIENTO CENTRO DE MAYORES ENTREVÍAS;213;PUENTE DE VALLECAS;03;PROTECCIÓN Y PROMOCIÓN SOCIAL;01;CENTROS DE MAYORES;;;;;;;0;4755,78;4755,78;0;17,23;4738,55;4738,55;4738,55;0;4738,55;
;;001;213;23103;62500;2025/000104;2025/030104;EQUIPAMIENTO CENTRO DE MAYORES PABLO NERUDA;213;PUENTE DE VALLECAS;03;PROTECCIÓN Y PROMOCIÓN SOCIAL;01;CENTROS DE MAYORES;;;;;;;0;7845,33;7845,33;0;15,25;7830,08;7830,08;7830,08;0;6321,43;
;;001;213;23103;62500;2025/000104;2025/060104;EQUIPAMIENTO CENTRO DE MAYORES ALTO ARENAL;213;PUENTE DE VALLECAS;03;PROTECCIÓN Y PROMOCIÓN SOCIAL;01;CENTROS DE MAYORES;;;;;;;0;1827,05;1827,05;0;233,41;1593,64;1593,64;1593,64;0;1593,64;
;;001;213;23103;62500;2025/000104;2025/070104;EQUIPAMIENTO CENTRO DE MAYORES EL POZO;213;PUENTE DE VALLECAS;03;PROTECCIÓN Y PROMOCIÓN SOCIAL;01;CENTROS DE MAYORES;;;;;;;0;2433,81;2433,81;0;272,47;2161,34;2161,34;2161,34;0;2161,34;
;;001;213;23103;62500;2025/000104;2025/080104;EQUIPAMIENTO CENTRO DE MAYORES NAVACERRADA;213;PUENTE DE VALLECAS;03;PROTECCIÓN Y PROMOCIÓN SOCIAL;01;CENTROS DE MAYORES;;;;;;;0;1919,36;1919,36;0;0;1919,36;1919,36;1919,36;0;1919,36;
;;001;213;23103;62500;2025/000104;2025/090104;EQUIPAMIENTO CENTRO DE MAYORES CASA DEL BULEVAR;213;PUENTE DE VALLECAS;03;PROTECCIÓN Y PROMOCIÓN SOCIAL;01;CENTROS DE MAYORES;;;;;;;0;1827,05;1827,05;0;233,41;1593,64;1593,64;1593,64;0;1593,64;
;;001;213;23103;62599;2025/000104;2025/000104;EQUIPAMIENTO CENTROS DE MAYORES DEL DISTRITO PUENTE DE VALLECAS;213;PUENTE DE VALLECAS;03;PROTECCIÓN Y PROMOCIÓN SOCIAL;01;CENTROS DE MAYORES;;;;;;;21164;-21163,61;0,39;0,39;0;0;0;0;0;0;
;;001;213;23103;62599;2025/000104;2025/010104;EQUIPAMIENTO CENTRO DE MAYORES SAN DIEGO;213;PUENTE DE VALLECAS;03;PROTECCIÓN Y PROMOCIÓN SOCIAL;01;CENTROS DE MAYORES;;;;;;;0;9756,43;9756,43;0;553,43;9203;9203;7862,88;0;0;
;;001;213;23103;62599;2025/000104;2025/020104;EQUIPAMIENTO CENTRO DE MAYORES ENTREVÍAS;213;PUENTE DE VALLECAS;03;PROTECCIÓN Y PROMOCIÓN SOCIAL;01;CENTROS DE MAYORES;;;;;;;0;3875,19;3875,19;0;871,87;3003,32;3003,32;553,93;0;0;
;;001;213;23103;62599;2025/000104;2025/030104;EQUIPAMIENTO CENTRO DE MAYORES PABLO NERUDA;213;PUENTE DE VALLECAS;03;PROTECCIÓN Y PROMOCIÓN SOCIAL;01;CENTROS DE MAYORES;;;;;;;0;7531,99;7531,99;0;75,35;7456,64;7456,64;7456,64;0;0;
;;001;213;23103;63300;2025/001174;2025/001174;CENTRO DE MAYORES NAVACERRADA. MAQUINARIA PARA COMEDOR Y CAFETERÍA;213;PUENTE DE VALLECAS;03;PROTECCIÓN Y PROMOCIÓN SOCIAL;01;CENTROS DE MAYORES;;;;;;;0;8470;8470;0;0;8470;8470;8470;0;8470;
;;001;213;23106;63599;2025/000114;2025/000114;EQUIPAMIENTO CENTROS DE SERVICIOS SOCIALES DEL DISTRITO PUENTE DE VALLECAS;213;PUENTE DE VALLECAS;03;PROTECCIÓN Y PROMOCIÓN SOCIAL;02;CENTROS DE SERVICIOS SOCIALES;;;;;;;7000;-5559,5;1440,5;1440,5;0;0;0;0;0;0;
;;001;213;23106;63599;2025/000114;2025/030114;EQUIPAMIENTO CENTRO DE SERVICIOS SOCIALES PABLO NERUDA;213;PUENTE DE VALLECAS;03;PROTECCIÓN Y PROMOCIÓN SOCIAL;02;CENTROS DE SERVICIOS SOCIALES;;;;;;;0;5559,5;5559,5;0;1387,44;4172,06;4172,06;4172,06;0;4172,06;
;;001;213;31101;62302;2025/000168;2025/000168;SERVICIOS SALUBRIDAD DEL DISTRITO PUENTE DE VALLECAS. ÚTILES Y HERRAMIENTAS;213;PUENTE DE VALLECAS;04;SALUD PÚBLICA;00;PROMOCIÓN DE LA SALUD Y AT. SANITARIA;;;;;;;1000;0;1000;1000;0;0;0;0;0;0;
;;001;213;32301;63200;2022/000593;2022/070593;COLEGIO PÚBLICO GINER DE LOS RÍOS. OBRAS CLIMATIZACIÓN PLANTA ÚLTIMA Y PATIO CENTRAL Y OTRAS MEJORAS;213;PUENTE DE VALLECAS;05;EDUCACIÓN;00;COLEGIOS;;;;;;;0;7273,21;7273,21;0;0;7273,21;7273,21;7273,21;0;7273,21;
;;001;213;32301;63200;2024/000170;2024/020170;COLEGIO PÚBLICO FRANCISCO RUANO. OBRAS DE ACONDICIONAMIENTO Y MEJORA VALLADO;213;PUENTE DE VALLECAS;05;EDUCACIÓN;00;COLEGIOS;;;;;;;0;515,77;515,77;0;0;515,77;515,77;515,77;0;515,77;
;;001;213;32301;63200;2025/000197;2025/000197;OBRAS DE ACONDICIONAMIENTO CENTROS DOCENTES DE ENSEÑANZA DEL DISTRITO PUENTE DE VALLECAS;213;PUENTE DE VALLECAS;05;EDUCACIÓN;00;COLEGIOS;;;;;;;920959;-912065,66;8893,34;8893,34;0;0;0;0;0;0;
;;001;213;32301;63200;2025/000197;2025/010197;COLEGIO PÚBLICO AGUSTINA DÍEZ. OBRAS DE ACONDICIONAMIENTO;213;PUENTE DE VALLECAS;05;EDUCACIÓN;00;COLEGIOS;;;;;;;0;9435,57;9435,57;0;0;9435,57;9435,57;0;0;0;
;;001;213;32301;63200;2025/000197;2025/020197;COLEGIO PÚBLICO AMÓS ACERO. OBRAS DE ACONDICIONAMIENTO;213;PUENTE DE VALLECAS;05;EDUCACIÓN;00;COLEGIOS;;;;;;;0;9013,43;9013,43;0;0;9013,43;9013,43;0;0;0;
;;001;213;32301;63200;2025/000197;2025/030197;COLEGIO PÚBLICO ASTURIAS. OBRAS DE ACONDICIONAMIENTO;213;PUENTE DE VALLECAS;05;EDUCACIÓN;00;COLEGIOS;;;;;;;0;16210,83;16210,83;0;0;16210,83;16210,83;0;0;0;
;;001;213;32301;63200;2025/000197;2025/040197;COLEGIO PÚBLICO EDUARDO ROJO. OBRAS DE ACONDICIONAMIENTO;213;PUENTE DE VALLECAS;05;EDUCACIÓN;00;COLEGIOS;;;;;;;0;9623,22;9623,22;0;0;9623,22;9623,22;0;0;0;
;;001;213;32301;63200;2025/000197;2025/050197;COLEGIO PÚBLICO EL MADROÑO. OBRAS DE ACONDICIONAMIENTO;213;PUENTE DE VALLECAS;05;EDUCACIÓN;00;COLEGIOS;;;;;;;0;10109,38;10109,38;0;0;10109,38;10109,38;0;0;0;
;;001;213;32301;63200;2025/000197;2025/060197;COLEGIO PÚBLICO FRANCISCO RUANO. OBRAS DE ACONDICIONAMIENTO;213;PUENTE DE VALLECAS;05;EDUCACIÓN;00;COLEGIOS;;;;;;;0;144949,26;144949,26;0;0;144949,26;144949,26;0;0;0;
;;001;213;32301;63200;2025/000197;2025/090197;COLEGIO PÚBLICO LA RIOJA. OBRAS DE ACONDICIONAMIENTO;213;PUENTE DE VALLECAS;05;EDUCACIÓN;00;COLEGIOS;;;;;;;0;18639,61;18639,61;0;0;18639,61;18639,61;0;0;0;
;;001;213;32301;63200;2025/000197;2025/100197;COLEGIO PÚBLICO MADRID SUR. OBRAS DE ACONDICIONAMIENTO;213;PUENTE DE VALLECAS;05;EDUCACIÓN;00;COLEGIOS;;;;;;;0;18585,55;18585,55;0;0;18585,55;18585,55;0;0;0;
;;001;213;32301;63200;2025/000197;2025/110197;COLEGIO PÚBLICO MANUEL NÚÑEZ DE ARENAS. OBRAS DE ACONDICIONAMIENTO;213;PUENTE DE VALLECAS;05;EDUCACIÓN;00;COLEGIOS;;;;;;;0;22338,68;22338,68;0;0;22338,68;22338,68;0;0;0;
;;001;213;32301;63200;2025/000197;2025/120197;COLEGIO PÚBLICO MESONERO ROMANOS. OBRAS DE ACONDICIONAMIENTO;213;PUENTE DE VALLECAS;05;EDUCACIÓN;00;COLEGIOS;;;;;;;0;144898,96;144898,96;0;0;144898,96;144898,96;0;0;0;
;;001;213;32301;63200;2025/000197;2025/140197;COLEGIO PÚBLICO PALOMERAS BAJAS. OBRAS DE ACONDICIONAMIENTO;213;PUENTE DE VALLECAS;05;EDUCACIÓN;00;COLEGIOS;;;;;;;0;19899,15;19899,15;0;0;19899,15;19899,15;0;0;0;
;;001;213;32301;63200;2025/000197;2025/150197;COLEGIO PÚBLICO SAN PABLO. OBRAS DE ACONDICIONAMIENTO;213;PUENTE DE VALLECAS;05;EDUCACIÓN;00;COLEGIOS;;;;;;;0;63869,68;63869,68;0;0;63869,68;63869,68;0;0;0;
;;001;213;32301;63200;2025/000197;2025/180197;COLEGIO PÚBLICO SANTO DOMINGO. OBRAS ACONDICIONAMIENTO DE ACCESO AL CENTRO;213;PUENTE DE VALLECAS;05;EDUCACIÓN;00;COLEGIOS;;;;;;;0;14715,9;14715,9;0;0;14715,9;14715,9;14707;0;14707;
;;001;213;32301;63200;2025/000197;2025/190197;COLEGIO PÚBLICO MADRID SUR. OBRAS ACONDICIONAMIENTO DE BAÑOS Y OTRAS;213;PUENTE DE VALLECAS;05;EDUCACIÓN;00;COLEGIOS;;;;;;;0;129137,99;129137,99;0;0;129137,99;129137,99;129128,81;0;128232,04;
;;001;213;32301;63200;2025/000197;2025/200197;COLEGIO PÚBLICO PADRE MARIANA. OBRAS RENOVACIÓN ACOMETIDA DE SANEAMIENTO;213;PUENTE DE VALLECAS;05;EDUCACIÓN;00;COLEGIOS;;;;;;;0;86409,67;86409,67;0;0;86409,67;86409,67;86387,86;0;69092,06;
;;001;213;32301;63200;2025/000197;2025/210197;COLEGIO PÚBLICO LA RIOJA. OBRAS ADECUACIÓN DE ACCESO AL CENTRO Y CONSERJERÍA;213;PUENTE DE VALLECAS;05;EDUCACIÓN;00;COLEGIOS;;;;;;;0;26110,17;26110,17;0;0;26110,17;26110,17;26049,22;0;25017,67;
;;001;213;32301;63200;2025/000197;2025/220197;COLEGIO PÚBLICO JOSÉ MARÍA PEREDA. OBRAS DE ACONDICIONAMIENTO;213;PUENTE DE VALLECAS;05;EDUCACIÓN;00;COLEGIOS;;;;;;;0;148718,75;148718,75;0;0;148718,75;148718,75;0;0;0;
;;001;213;32301;63200;2025/000197;2025/230197;COLEGIO PÚBLICO JAIME BALMES. OBRAS DE ACONDICIONAMIENTO;213;PUENTE DE VALLECAS;05;EDUCACIÓN;00;COLEGIOS;;;;;;;0;13010,88;13010,88;0;0;13010,88;13010,88;0;0;0;
4;SC Y CE FINANC. CON RTG;001;213;32301;63200;2025/008060;2025/008060;COLEGIO PÚBLICO ARAGÓN. OBRAS REPARACIÓN PAVIMENTOS, FACHADAS Y OTRAS INSPECCIÓN TÉCNICA EDIFICIOS;213;PUENTE DE VALLECAS;05;EDUCACIÓN;00;COLEGIOS;;;;;;;0;400000;400000;1157,52;0;398842,48;398842,48;0;0;0;
4;SC Y CE FINANC. CON RTG;001;213;32301;63200;2025/008061;2025/008061;COLEGIO PÚBLICO MANUEL NÚÑEZ DE ARENAS. REPARACIÓN CIMENTACIÓN Y OTRAS INSPECCIÓN TÉCNICA EDIFICIOS;213;PUENTE DE VALLECAS;05;EDUCACIÓN;00;COLEGIOS;;;;;;;0;430000;430000;720,02;0;429279,98;429279,98;0;0;0;
4;SC Y CE FINANC. CON RTG;001;213;32301;63200;2025/008062;2025/008062;COLEGIO PÚBLICO JAVIER DE MIGUEL. REPARACIÓN IMPERMEABILIZACIÓN Y OTRAS INSPECCIÓN TÉCNICA EDIFICIOS;213;PUENTE DE VALLECAS;05;EDUCACIÓN;00;COLEGIOS;;;;;;;0;150000;150000;841,51;0;149158,49;149158,49;0;0;0;
4;SC Y CE FINANC. CON RTG;001;213;32301;63200;2025/008087;2025/008087;COLEGIO PÚBLICO FRANCISCO RUANO.REPARACIÓN RED SANEAMIENTO Y OTRAS INSPECCIÓN TÉCNICA EDIFICIOS;213;PUENTE DE VALLECAS;05;EDUCACIÓN;00;COLEGIOS;;;;;;;0;180000;180000;1595,86;0;178404,14;178404,14;0;0;0;
4;SC Y CE FINANC. CON RTG;001;213;32301;63200;2025/008088;2025/008088;COLEGIO PÚBLICO SAN PABLO. MEJORA CUBIERTAS, SANEAMIENTO Y OTRAS INSPECCIÓN TÉCNICA EDIFICIOS;213;PUENTE DE VALLECAS;05;EDUCACIÓN;00;COLEGIOS;;;;;;;0;250000;250000;4909,72;0;245090,28;245090,28;0;0;0;
4;SC Y CE FINANC. CON RTG;001;213;32301;63200;2025/008124;2025/008124;COLEGIO PÚBLICO JOSÉ MARÍA DE PEREDA. REPARACIÓN VALLADO Y OTRAS INSPECCIÓN TÉCNICA EDIFICIOS;213;PUENTE DE VALLECAS;05;EDUCACIÓN;00;COLEGIOS;;;;;;;0;130000;130000;1331,38;0;128668,62;128668,62;0;0;0;
4;SC Y CE FINANC. CON RTG;001;213;32301;63200;2025/008125;2025/008125;COLEGIO PÚBLICO MESONEROS ROMANOS. MEJORA PARAMENTOS Y OTRAS INSPECCIÓN TÉCNICA EDIFICIOS;213;PUENTE DE VALLECAS;05;EDUCACIÓN;00;COLEGIOS;;;;;;;0;100000;100000;224,05;0;99775,95;99775,95;0;0;0;
4;SC Y CE FINANC. CON RTG;001;213;32301;63200;2025/008126;2025/008126;CENTRO DE EDUCACIÓN ESPECIAL VALLECAS. REPARACIÓN CUBIERTAS Y OTRAS INSPECCIÓN TÉCNICA EDIFICIOS;213;PUENTE DE VALLECAS;05;EDUCACIÓN;02;CENTROS DE EDUCACIÓN ESPECIAL;;;;;;;0;150000;150000;827,29;0;149172,71;149172,71;0;0;0;
5;FONDO DE REEQUILIBRIO TERRITORIAL;001;213;33401;60999;2025/005011;2025/005011;PANELES INFORMATIVOS PUNTOS EMBLEMÁTICOS PUENTE DE VALLECAS. HISTORIA, ARTE Y CULTURA (ID 17: 2420);213;PUENTE DE VALLECAS;10;CULTURA;05;PROMOCIÓN DE LA CULTURA;;;;;18;PRESUPUESTOS PARTICIPATIVOS;0;18150;18150;605;0;17545;17545;0;0;0;
;;001;213;33401;62599;2025/000170;2025/000170;EQUIPAMIENTO CENTROS CULTURALES DEL DISTRITO PUENTE DE VALLECAS;213;PUENTE DE VALLECAS;10;CULTURA;03;CENTROS CULTURALES;;;;;;;20000;-20000;0;0;0;0;0;0;0;0;
;;001;213;33401;63599;2025/000170;2025/000170;EQUIPAMIENTO CENTROS CULTURALES DEL DISTRITO PUENTE DE VALLECAS;213;PUENTE DE VALLECAS;10;CULTURA;03;CENTROS CULTURALES;;;;;;;10000;-10000;0;0;0;0;0;0;0;0;
1;INCORPORACIONES REMANENTES OBLIGATORIAS;001;213;33401;63599;2024/000167;2024/000167;CENTROS CULTURALES DISTRITO PUENTE DE VALLECAS. MOBILIARIO Y ENSERES;213;PUENTE DE VALLECAS;10;CULTURA;03;CENTROS CULTURALES;;;;;;;0;1000;1000;1000;0;0;0;0;0;0;
;;001;213;34201;62302;2025/000174;2025/000174;EQUIPAMIENTO CENTROS DEPORTIVOS DEL DISTRITO PUENTE DE VALLECAS;213;PUENTE DE VALLECAS;11;DEPORTES, JUVENTUD  Y ESPARCIMIENTO;01;POLIDEPORTIVOS;;;;;;;567;-566,12;0,88;0,88;0;0;0;0;0;0;
;;001;213;34201;62302;2025/000174;2025/020174;EQUIPAMIENTO CENTRO DEPORTIVO ENTREVÍAS;213;PUENTE DE VALLECAS;11;DEPORTES, JUVENTUD  Y ESPARCIMIENTO;01;POLIDEPORTIVOS;;;;;;;0;181,92;181,92;0;0;181,92;181,92;0;0;0;
;;001;213;34201;62302;2025/000174;2025/030174;EQUIPAMIENTO CENTRO DEPORTIVO PALOMERAS;213;PUENTE DE VALLECAS;11;DEPORTES, JUVENTUD  Y ESPARCIMIENTO;01;POLIDEPORTIVOS;;;;;;;0;384,2;384,2;0;0;384,2;384,2;0;0;0;
;;001;213;34201;62500;2025/000174;2025/000174;EQUIPAMIENTO CENTROS DEPORTIVOS DEL DISTRITO PUENTE DE VALLECAS;213;PUENTE DE VALLECAS;11;DEPORTES, JUVENTUD  Y ESPARCIMIENTO;01;POLIDEPORTIVOS;;;;;;;13738;-10400,64;3337,36;3337,36;0;0;0;0;0;0;
;;001;213;34201;62500;2025/000174;2025/010174;EQUIPAMIENTO CENTRO DEPORTIVO ÁNGEL NIETO;213;PUENTE DE VALLECAS;11;DEPORTES, JUVENTUD  Y ESPARCIMIENTO;01;POLIDEPORTIVOS;;;;;;;0;4480,55;4480,55;0;0;4480,55;4480,55;4480,55;0;4480,55;
;;001;213;34201;62500;2025/000174;2025/040174;EQUIPAMIENTO CENTRO DEPORTIVO VALLECAS VERANO;213;PUENTE DE VALLECAS;11;DEPORTES, JUVENTUD  Y ESPARCIMIENTO;01;POLIDEPORTIVOS;;;;;;;0;2898,61;2898,61;0;1025,81;1872,8;1872,8;1872,8;0;1872,8;
;;001;213;34201;62500;2025/000174;2025/050174;EQUIPAMIENTO CENTRO DEPORTIVO WILFRED AGBONAVBARE;213;PUENTE DE VALLECAS;11;DEPORTES, JUVENTUD  Y ESPARCIMIENTO;01;POLIDEPORTIVOS;;;;;;;0;3021,48;3021,48;0;924,59;2096,89;2096,89;2096,89;0;2096,89;
;;001;213;34201;62599;2025/000174;2025/000174;EQUIPAMIENTO CENTROS DEPORTIVOS DEL DISTRITO PUENTE DE VALLECAS;213;PUENTE DE VALLECAS;11;DEPORTES, JUVENTUD  Y ESPARCIMIENTO;01;POLIDEPORTIVOS;;;;;;;32447;-32447;0;0;0;0;0;0;0;0;
;;001;213;34201;62599;2025/000174;2025/010174;EQUIPAMIENTO CENTRO DEPORTIVO ÁNGEL NIETO;213;PUENTE DE VALLECAS;11;DEPORTES, JUVENTUD  Y ESPARCIMIENTO;01;POLIDEPORTIVOS;;;;;;;0;8883,56;8883,56;0;0;8883,56;0;0;0;0;
;;001;213;34201;62599;2025/000174;2025/020174;EQUIPAMIENTO CENTRO DEPORTIVO ENTREVÍAS;213;PUENTE DE VALLECAS;11;DEPORTES, JUVENTUD  Y ESPARCIMIENTO;01;POLIDEPORTIVOS;;;;;;;0;5544,42;5544,42;0;0;5544,42;5544,42;5544,42;0;5544,42;
;;001;213;34201;62599;2025/000174;2025/030174;EQUIPAMIENTO CENTRO DEPORTIVO PALOMERAS;213;PUENTE DE VALLECAS;11;DEPORTES, JUVENTUD  Y ESPARCIMIENTO;01;POLIDEPORTIVOS;;;;;;;0;5750,29;5750,29;0;0;5750,29;5750,29;5750,29;0;5750,29;
;;001;213;34201;62599;2025/000174;2025/040174;EQUIPAMIENTO CENTRO DEPORTIVO VALLECAS VERANO;213;PUENTE DE VALLECAS;11;DEPORTES, JUVENTUD  Y ESPARCIMIENTO;01;POLIDEPORTIVOS;;;;;;;0;5562,57;5562,57;0;0;5562,57;5562,57;5562,57;0;5562,57;
;;001;213;34201;63200;2022/000594;2022/000594;OBRAS DE ACONDICIONAMIENTO Y MEJORA INSTALACIONES DEPORTIVAS DEL DISTRITO DE PUENTE DE VALLECAS;213;PUENTE DE VALLECAS;11;DEPORTES, JUVENTUD  Y ESPARCIMIENTO;01;POLIDEPORTIVOS;;;;;;;0;97012,23;97012,23;97012,23;0;0;0;0;0;0;
;;001;213;34201;63200;2024/000372;2024/020372;CENTRO DEPORTIVO VALLECAS. ACONDICIONAMIENTO DE EDIFICIOS, PLAYAS Y DEPURADORA PISCINA OLÍMPICA;213;PUENTE DE VALLECAS;11;DEPORTES, JUVENTUD  Y ESPARCIMIENTO;01;POLIDEPORTIVOS;;;;;;;0;1457,66;1457,66;0;0;1457,66;1457,66;1457,66;0;1457,66;
;;001;213;34201;63200;2025/000284;2025/000284;OBRAS DE ACONDICIONAMIENTO EN CENTROS DEPORTIVOS DEL DISTRITO DE PUENTE DE VALLECAS;213;PUENTE DE VALLECAS;11;DEPORTES, JUVENTUD  Y ESPARCIMIENTO;01;POLIDEPORTIVOS;;;;;;;500000;-1457,66;498542,34;498542,34;0;0;0;0;0;0;
5;FONDO DE REEQUILIBRIO TERRITORIAL;001;213;34201;63200;2025/001030;2025/001030;CENTRO DEPORTIVO WILFRED AGBONAVBARE. OBRAS DE REHABILITACIÓN;213;PUENTE DE VALLECAS;11;DEPORTES, JUVENTUD  Y ESPARCIMIENTO;01;POLIDEPORTIVOS;;;17;FONDO REEQUILIBRIO TERRITORIAL;;;0;900000;900000;13914,1;0;886085,9;886085,9;635809,72;0;635809,72;
;;001;213;34201;63300;2025/000174;2025/000174;EQUIPAMIENTO CENTROS DEPORTIVOS DEL DISTRITO PUENTE DE VALLECAS;213;PUENTE DE VALLECAS;11;DEPORTES, JUVENTUD  Y ESPARCIMIENTO;01;POLIDEPORTIVOS;;;;;;;7500;-6797,17;702,83;702,83;0;0;0;0;0;0;
;;001;213;34201;63300;2025/000174;2025/050174;EQUIPAMIENTO CENTRO DEPORTIVO WILFRED AGBONAVBARE;213;PUENTE DE VALLECAS;11;DEPORTES, JUVENTUD  Y ESPARCIMIENTO;01;POLIDEPORTIVOS;;;;;;;0;6797,18;6797,18;0;0;6797,18;6797,18;6797,18;0;0;
;;001;213;34201;63300;2025/000174;2025/060174;CENTRO DEPORTIVO PALOMERAS. EQUIPAMIENTO SERVICIO DE MEDICINA DEPORTIVA;213;PUENTE DE VALLECAS;01;PROTECCIÓN CIVIL Y SEGURIDAD CIUDADANA;00;POLICIA MUNICIPAL;;;;;;;0;18112,31;18112,31;0;0;18112,31;18112,31;18112,31;0;18112,31;
;;001;213;34201;63500;2025/000174;2025/000174;EQUIPAMIENTO CENTROS DEPORTIVOS DEL DISTRITO PUENTE DE VALLECAS;213;PUENTE DE VALLECAS;11;DEPORTES, JUVENTUD  Y ESPARCIMIENTO;01;POLIDEPORTIVOS;;;;;;;914;-913,25;0,75;0,75;0;0;0;0;0;0;
;;001;213;34201;63500;2025/000174;2025/050174;EQUIPAMIENTO CENTRO DEPORTIVO WILFRED AGBONAVBARE;213;PUENTE DE VALLECAS;11;DEPORTES, JUVENTUD  Y ESPARCIMIENTO;01;POLIDEPORTIVOS;;;;;;;0;913,25;913,25;0;288,04;625,21;625,21;625,21;0;625,21;
;;001;213;34201;63599;2025/000174;2025/000174;EQUIPAMIENTO CENTROS DEPORTIVOS DEL DISTRITO PUENTE DE VALLECAS;213;PUENTE DE VALLECAS;11;DEPORTES, JUVENTUD  Y ESPARCIMIENTO;01;POLIDEPORTIVOS;;;;;;;152055;-152055;0;0;0;0;0;0;0;0;
;;001;213;34201;63599;2025/000174;2025/010174;EQUIPAMIENTO CENTRO DEPORTIVO ÁNGEL NIETO;213;PUENTE DE VALLECAS;11;DEPORTES, JUVENTUD  Y ESPARCIMIENTO;01;POLIDEPORTIVOS;;;;;;;0;59678,22;59678,22;0;6956,41;52721,81;22214,15;12101,09;0;12101,09;
;;001;213;34201;63599;2025/000174;2025/020174;EQUIPAMIENTO CENTRO DEPORTIVO ENTREVÍAS;213;PUENTE DE VALLECAS;11;DEPORTES, JUVENTUD  Y ESPARCIMIENTO;01;POLIDEPORTIVOS;;;;;;;0;96238,21;96238,21;0;41825,15;54413,06;54413,06;54413,06;0;54413,06;
;;001;213;34201;63599;2025/000174;2025/030174;EQUIPAMIENTO CENTRO DEPORTIVO PALOMERAS;213;PUENTE DE VALLECAS;11;DEPORTES, JUVENTUD  Y ESPARCIMIENTO;01;POLIDEPORTIVOS;;;;;;;0;171,93;171,93;0;0;171,93;171,93;171,93;0;171,93;
;;001;213;34201;63599;2025/000174;2025/040174;EQUIPAMIENTO CENTRO DEPORTIVO VALLECAS VERANO;213;PUENTE DE VALLECAS;11;DEPORTES, JUVENTUD  Y ESPARCIMIENTO;01;POLIDEPORTIVOS;;;;;;;0;263,45;263,45;0;0;263,45;263,45;263,45;0;263,45;
;;001;213;34201;63599;2025/000174;2025/050174;EQUIPAMIENTO CENTRO DEPORTIVO WILFRED AGBONAVBARE;213;PUENTE DE VALLECAS;11;DEPORTES, JUVENTUD  Y ESPARCIMIENTO;01;POLIDEPORTIVOS;;;;;;;0;2863,79;2863,79;0;0;2863,79;2863,79;2863,79;0;2863,79;
;;001;213;34201;62300;2025/000174;2025/000174;EQUIPAMIENTO CENTROS DEPORTIVOS DEL DISTRITO PUENTE DE VALLECAS;213;PUENTE DE VALLECAS;11;DEPORTES, JUVENTUD  Y ESPARCIMIENTO;01;POLIDEPORTIVOS;;;;;;;7840;-7268,63;571,37;571,37;0;0;0;0;0;0;
;;001;213;34201;62300;2025/000174;2025/020174;EQUIPAMIENTO CENTRO DEPORTIVO ENTREVÍAS;213;PUENTE DE VALLECAS;11;DEPORTES, JUVENTUD  Y ESPARCIMIENTO;01;POLIDEPORTIVOS;;;;;;;0;3257,09;3257,09;0;0;3257,09;3257,09;0;0;0;
;;001;213;34201;62300;2025/000174;2025/030174;EQUIPAMIENTO CENTRO DEPORTIVO PALOMERAS;213;PUENTE DE VALLECAS;11;DEPORTES, JUVENTUD  Y ESPARCIMIENTO;01;POLIDEPORTIVOS;;;;;;;0;2855,66;2855,66;0;0;2855,66;2855,66;0;0;0;
;;001;213;34201;62300;2025/000174;2025/050174;EQUIPAMIENTO CENTRO DEPORTIVO WILFRED AGBONAVBARE;213;PUENTE DE VALLECAS;11;DEPORTES, JUVENTUD  Y ESPARCIMIENTO;01;POLIDEPORTIVOS;;;;;;;0;1155,88;1155,88;0;0;1155,88;1155,88;0;0;0;
;;001;213;92001;62500;2025/000177;2025/000177;SERVICIOS ADMINISTRATIVOS DEL DISTRITO PUENTE DE VALLECAS. MOBILIARIO Y EQUIPOS DE OFICINA;213;PUENTE DE VALLECAS;00;INVERSIONES DE CARÁCTER GENERAL;02;SERVICIOS ADMINISTRATIVOS  TERRITORIALES;;;;;;;15000;0;15000;15000;0;0;0;0;0;0;
;;001;213;92001;63599;2025/001146;2025/001146;EQUIPAMIENTO SERVICIOS ADMINISTRATIVOS DEL DISTRITO PUENTE DE VALLECAS;213;PUENTE DE VALLECAS;00;INVERSIONES DE CARÁCTER GENERAL;02;SERVICIOS ADMINISTRATIVOS  TERRITORIALES;;;;;;;0;1470,15;1470,15;1470,15;0;0;0;0;0;0;
;;001;213;93302;63200;2025/000283;2025/000283;OBRAS DE ACONDICIONAMIENTO EN EDIFICIOS DEL DISTRITO DE PUENTE DE VALLECAS;213;PUENTE DE VALLECAS;00;INVERSIONES DE CARÁCTER GENERAL;03;EDIFICIOS PARA EL USO GENERAL;;;;;;;300000;-190569,15;109430,85;109430,85;0;0;0;0;0;0;
;;001;213;93302;63200;2025/000283;2025/010283;BIBLIOTECA MUNICIPAL VALLECAS. CONSERVACIÓN, MEJORAS Y SISTEMA ALARMA;213;PUENTE DE VALLECAS;10;CULTURA;00;BIBLIOTECAS Y PATRIMONIO BIBLIOGRÁFICO;;;;;;;0;7742,28;7742,28;0;0;7742,28;7742,28;7643,24;0;7643,24;
;;001;213;93302;63200;2025/000283;2025/020283;EDIFICIO PLAZA SIERRA MINISTRA, 3. CONSERVACIÓN, MEJORAS Y SISTEMA ALARMA;213;PUENTE DE VALLECAS;00;INVERSIONES DE CARÁCTER GENERAL;03;EDIFICIOS PARA EL USO GENERAL;;;;;;;0;5431,32;5431,32;0;0;5431,32;5431,32;5332,28;0;5332,28;
;;001;213;93302;63200;2025/000283;2025/030283;CENTRO CULTURAL LOPE DE VEGA. CONSERVACIÓN, MEJORAS Y SISTEMA ALARMA;213;PUENTE DE VALLECAS;10;CULTURA;03;CENTROS CULTURALES;;;;;;;0;3536,07;3536,07;0;0;3536,07;3536,07;912,13;0;912,13;
;;001;213;93302;63200;2025/000283;2025/040283;CENTRO CULTURAL POZO DEL TÍO RAIMUNDO. CONSERVACIÓN, MEJORAS Y SISTEMA ALARMA;213;PUENTE DE VALLECAS;10;CULTURA;03;CENTROS CULTURALES;;;;;;;0;6500,8;6500,8;0;0;6500,8;6500,8;6401,76;0;6401,76;
;;001;213;93302;63200;2025/000283;2025/050283;CENTRO DE DÍA DE MAYORES FÁTIMA DE MADRID. CONSERVACIÓN, MEJORAS Y SISTEMA ALARMA;213;PUENTE DE VALLECAS;03;PROTECCIÓN Y PROMOCIÓN SOCIAL;00;CENTROS DE DÍA Y RESIDENCIAS DE MAYORES;;;;;;;0;1742,53;1742,53;0;0;1742,53;1742,53;1643,48;0;1643,48;
;;001;213;93302;63200;2025/000283;2025/060283;CENTRO JUVENIL RÍO ESMERALDA. CONSERVACIÓN, MEJORAS Y SISTEMA ALARMA;213;PUENTE DE VALLECAS;11;DEPORTES, JUVENTUD  Y ESPARCIMIENTO;03;CENTROS JUVENILES;;;;;;;0;1742,53;1742,53;0;0;1742,53;1742,53;1643,48;0;1643,48;
;;001;213;93302;63200;2025/000283;2025/070283;CENTRO DE MAYORES ALTO ARENAL. CONSERVACIÓN, MEJORAS Y SISTEMA ALARMA;213;PUENTE DE VALLECAS;03;PROTECCIÓN Y PROMOCIÓN SOCIAL;01;CENTROS DE MAYORES;;;;;;;0;6356,92;6356,92;0;0;6356,92;6356,92;6257,88;0;6257,88;
;;001;213;93302;63200;2025/000283;2025/080283;CENTRO DE MAYORES NAVACERRADA. CONSERVACIÓN, MEJORAS Y SISTEMA ALARMA;213;PUENTE DE VALLECAS;03;PROTECCIÓN Y PROMOCIÓN SOCIAL;01;CENTROS DE MAYORES;;;;;;;0;7347,24;7347,24;0;0;7347,24;7347,24;7248,2;0;7248,2;
;;001;213;93302;63200;2025/000283;2025/090283;CENTRO SOCIOCULTURAL ALBERTO SÁNCHEZ. CONSERVACIÓN, MEJORAS Y SISTEMA ALARMA;213;PUENTE DE VALLECAS;10;CULTURA;03;CENTROS CULTURALES;;;;;;;0;10159,76;10159,76;0;0;10159,76;10159,76;7248,2;0;7248,2;
;;001;213;93302;63200;2025/000283;2025/100283;CENTRO SOCIOCULTURAL TALLERES CREATIVIDAD Y AULA AIRE LIBRE. CONSERVACIÓN, MEJORAS Y SISTEMA ALARMA;213;PUENTE DE VALLECAS;10;CULTURA;03;CENTROS CULTURALES;;;;;;;0;5762,68;5762,68;0;0;5762,68;5762,68;5663,64;0;5663,64;
;;001;213;93302;63200;2025/000283;2025/110283;CENTRO SOCIOCULTURAL ENTREVÍAS. CONSERVACIÓN, MEJORAS Y SISTEMA ALARMA;213;PUENTE DE VALLECAS;10;CULTURA;03;CENTROS CULTURALES;;;;;;;0;3437,83;3437,83;0;0;3437,83;3437,83;178,44;0;178,44;
;;001;213;93302;63200;2025/000283;2025/120283;CENTRO DE SERVICIOS SOCIALES RAMÓN PÉREZ DE AYALA. CONSERVACIÓN, MEJORAS Y SISTEMA ALARMA;213;PUENTE DE VALLECAS;03;PROTECCIÓN Y PROMOCIÓN SOCIAL;02;CENTROS DE SERVICIOS SOCIALES;;;;;;;0;8661,68;8661,68;0;0;8661,68;8661,68;8562,64;0;8562,64;
;;001;213;93302;63200;2025/000283;2025/130283;CENTRO DE SERVICIOS SOCIALES Y MAYORES SAN DIEGO. CONSERVACIÓN, MEJORAS Y SISTEMA ALARMA;213;PUENTE DE VALLECAS;03;PROTECCIÓN Y PROMOCIÓN SOCIAL;02;CENTROS DE SERVICIOS SOCIALES;;;;;;;0;5431,32;5431,32;0;0;5431,32;5431,32;5332,28;0;5332,28;
;;001;213;93302;63200;2025/000283;2025/140283;CENTRO DE SERVICIOS SOCIALES Y MAYORES ENTREVÍAS. CONSERVACIÓN, MEJORAS Y SISTEMA ALARMA;213;PUENTE DE VALLECAS;03;PROTECCIÓN Y PROMOCIÓN SOCIAL;02;CENTROS DE SERVICIOS SOCIALES;;;;;;;0;13594,27;13594,27;0;0;13594,27;13594,27;13495,22;0;13495,22;
;;001;213;93302;63200;2025/000283;2025/150283;CENTRO DE SERVICIOS SOCIALES Y MAYORES PABLO NERUDA. CONSERVACIÓN, MEJORAS Y SISTEMA ALARMA;213;PUENTE DE VALLECAS;03;PROTECCIÓN Y PROMOCIÓN SOCIAL;02;CENTROS DE SERVICIOS SOCIALES;;;;;;;0;9529,52;9529,52;0;0;9529,52;9529,52;9430,47;0;9430,47;
;;001;213;93302;63200;2025/000283;2025/160283;LOCALES CALLE MONTES PIRINEOS, 17 AL 23. CONSERVACIÓN, MEJORAS Y SISTEMA ALARMA;213;PUENTE DE VALLECAS;00;INVERSIONES DE CARÁCTER GENERAL;03;EDIFICIOS PARA EL USO GENERAL;;;;;;;0;7606,7;7606,7;0;0;7606,7;7606,7;7507,65;0;7507,65;
;;001;213;93302;63200;2025/000283;2025/170283;OFICINA DE ATENCIÓN AL CIUDADANO LÍNEA MADRID DE NUMANCIA. CONSERVACIÓN, MEJORAS Y SISTEMA ALARMA;213;PUENTE DE VALLECAS;12;OTROS BIENES PÚBLICOS DE CARÁCTER SOCIAL;00;ATENCIÓN AL CIUDADANO;;;;;;;0;3437,84;3437,84;0;0;3437,84;3437,84;3338,79;0;3338,79;
;;001;213;93302;63200;2025/000283;2025/180283;CENTRO SOCIOCULTURAL ALBERTO SÁNCHEZ. CONSERVACIÓN, MEJORAS Y PROTECCIÓN CONTRA INCENDIOS;213;PUENTE DE VALLECAS;10;CULTURA;03;CENTROS CULTURALES;;;;;;;0;82547,86;82547,86;0;0;82547,86;82547,86;37427,69;0;37427,69;
4;SC Y CE FINANC. CON RTG;001;213;93302;63200;2018/005647;2018/005647;CENTRO CULTURAL LOPE DE VEGA. ADECUACIÓN ESPACIOS PARA CULTIVOS URBANOS Y CENTRO DE TALLERES;213;PUENTE DE VALLECAS;10;CULTURA;03;CENTROS CULTURALES;;;;;;;0;3040,2;3040,2;3040,2;0;0;0;0;0;0;
5;FONDO DE REEQUILIBRIO TERRITORIAL;001;213;93302;63200;2025/001029;2025/001029;AUDITORIO AL AIRE LIBRE ENTREVÍAS. OBRAS DE REHABILITACIÓN;213;PUENTE DE VALLECAS;10;CULTURA;04;OTROS CENTROS PARA MANIFESTACIONES CULTURALES;;;17;FONDO REEQUILIBRIO TERRITORIAL;;;0;300000;300000;304,23;0;299695,77;299695,77;244549,74;0;244549,74;
5;FONDO DE REEQUILIBRIO TERRITORIAL;001;213;93302;63200;2025/001163;2025/001163;CENTRO DE MAYORES CASA DEL BULEVAR. MEJORAS ACCESIBILIDAD UNIVERSAL, EVACUACIÓN Y OTRAS;213;PUENTE DE VALLECAS;03;PROTECCIÓN Y PROMOCIÓN SOCIAL;01;CENTROS DE MAYORES;;;17;FONDO REEQUILIBRIO TERRITORIAL;;;0;160000;160000;160000;0;0;0;0;0;0;
;;001;214;15322;61904;2024/000073;2024/000073;DIVERSOS ÁMBITOS DEL DISTRITO DE MORATALAZ. OBRAS DE MEJORA URBANIZACIÓN;214;MORATALAZ;06;URBANISMO;01;URBANIZACIÓN SUELO A CARGO DEL AYUNTAMIENTO;;;17;FONDO REEQUILIBRIO TERRITORIAL;;;0;1200;1200;78,9;0;1121,1;1121,1;0;0;0;
5;FONDO DE REEQUILIBRIO TERRITORIAL;001;214;15322;61904;2024/000073;2024/000073;DIVERSOS ÁMBITOS DEL DISTRITO DE MORATALAZ. OBRAS DE MEJORA URBANIZACIÓN;214;MORATALAZ;06;URBANISMO;01;URBANIZACIÓN SUELO A CARGO DEL AYUNTAMIENTO;;;17;FONDO REEQUILIBRIO TERRITORIAL;;;81000;0;81000;1048,28;0;79951,72;79951,72;528,58;0;528,58;
;;001;214;15322;61910;2025/000142;2025/000142;VIAS PÚBLICAS DEL DISTRITO DE MORATALAZ. REMODELACIÓN;214;MORATALAZ;08;MANTENIMIENTO URBANO;02;VÍAS PÚBLICAS;;;;;;;10000;-10000;0;0;0;0;0;0;0;0;
5;FONDO DE REEQUILIBRIO TERRITORIAL;001;214;17102;60999;2025/000073;2025/000073;PARCELA C/ENCOMIENDA PALACIOS,231. ADECUACIÓN ESPACIO PARA RECINTO FERIAL Y EVENTOS;214;MORATALAZ;10;CULTURA;04;OTROS CENTROS PARA MANIFESTACIONES CULTURALES;;;17;FONDO REEQUILIBRIO TERRITORIAL;;;100000;0;100000;24,19;0;99975,81;99975,81;27743,81;0;27743,81;
5;FONDO DE REEQUILIBRIO TERRITORIAL;001;214;17102;60999;2025/005008;2025/005008;QUIOSCO-BAR EN EL PARQUE DE LA CUÑA VERDE DE MORATALAZ. CONSTRUCCIÓN (ID 21: 17755);214;MORATALAZ;00;INVERSIONES DE CARÁCTER GENERAL;03;EDIFICIOS PARA EL USO GENERAL;;;;;18;PRESUPUESTOS PARTICIPATIVOS;268000;0;268000;1571,3;0;266428,7;266428,7;28336,55;0;28336,55;
;;001;214;23103;62599;2025/000406;2025/000406;EQUIPAMIENTO CENTROS DE MAYORES DEL DISTRITO DE MORATALAZ;214;MORATALAZ;03;PROTECCIÓN Y PROMOCIÓN SOCIAL;01;CENTROS DE MAYORES;;;;;;;0;46,11;46,11;46,11;0;0;0;0;0;0;
;;001;214;23103;62599;2025/000406;2025/010406;EQUIPAMIENTO CENTRO DE MAYORES MORATALAZ;214;MORATALAZ;03;PROTECCIÓN Y PROMOCIÓN SOCIAL;01;CENTROS DE MAYORES;;;;;;;0;8105,79;8105,79;0;0;8105,79;8105,79;0;0;0;
;;001;214;23103;62599;2025/000406;2025/020406;EQUIPAMIENTO CENTRO DE MAYORES ISAAC RABIN;214;MORATALAZ;03;PROTECCIÓN Y PROMOCIÓN SOCIAL;01;CENTROS DE MAYORES;;;;;;;0;1948,1;1948,1;0;0;1948,1;1948,1;0;0;0;
;;001;214;32301;63200;2025/000153;2025/000153;OBRAS DE CONSERVACIÓN CENTROS DOCENTES DE ENSEÑANZA DEL DISTRITO DE MORATALAZ;214;MORATALAZ;05;EDUCACIÓN;00;COLEGIOS;;;;;;;200000;-187000;13000;13000;0;0;0;0;0;0;
;;001;214;32301;63200;2025/001044;2025/001044;COLEGIO PÚBLICO FONTARRÓN. OBRAS CONSERVACIÓN Y REPARACIÓN ANTIGUA DEPENDENCIA CONSERJERÍA;214;MORATALAZ;05;EDUCACIÓN;00;COLEGIOS;;;;;;;0;187659,99;187659,99;0;0;187659,99;187659,99;167908,32;0;167908,32;
;;001;214;32301;63200;2025/001045;2025/001045;COLEGIO PÚBLICO MARTÍNEZ MONTAÑÉS. OBRAS CONSERVACIÓN Y REPARACIÓN ANTIGUA DEPENDENCIA CONSERJERÍA;214;MORATALAZ;05;EDUCACIÓN;00;COLEGIOS;;;;;;;0;12340,01;12340,01;12340,01;0;0;0;0;0;0;
;;001;214;32301;63200;2025/001058;2025/001058;ESCUELA INFANTIL SABINA. OBRAS DE REFUERZO DE LA INSTALACIÓN DE CLIMATIZACIÓN;214;MORATALAZ;05;EDUCACIÓN;01;ESCUELAS INFANTILES;;;;;;;0;122000;122000;2174,8;0;119825,2;119825,2;119277;0;119277;
4;SC Y CE FINANC. CON RTG;001;214;32301;63200;2025/008000;2025/008000;COLEGIO PÚBLICO FONTARRÓN. ADECUACIÓN MEDIDAS EVACUACIÓN Y OTRAS INSPECCIÓN TÉCNICA EDIFICIOS;214;MORATALAZ;05;EDUCACIÓN;00;COLEGIOS;;;;;;;0;101272,95;101272,95;1000;0;100272,95;100272,95;24178,28;0;24178,28;
4;SC Y CE FINANC. CON RTG;001;214;32301;63200;2025/008100;2025/008100;COLEGIO PÚBLICO PÍO BAROJA. REPARACIÓN CUBIERTA Y OTRAS INSPECCIÓN TÉCNICA EDIFICIOS;214;MORATALAZ;05;EDUCACIÓN;00;COLEGIOS;;;;;;;0;94351,65;94351,65;3900;0;90451,65;90451,65;72029,02;0;72029,02;
4;SC Y CE FINANC. CON RTG;001;214;32301;63200;2025/008101;2025/008101;COLEGIO PÚBLICO SAINZ DE VICUÑA. ADECUACIÓN CERRAJERÍAS Y OTRAS MEJORAS INSPECCIÓN TÉCNICA EDIFICIOS;214;MORATALAZ;05;EDUCACIÓN;00;COLEGIOS;;;;;;;0;160497,7;160497,7;14500;0;145997,7;145997,7;130857,39;0;130857,39;
4;SC Y CE FINANC. CON RTG;001;214;32301;63200;2025/008102;2025/008102;COLEGIO PÚBLICO JOSÉ DE PASAMONTE. REPARACIÓN SANEAMIENTO Y OTRAS INSPECCIÓN TÉCNICA DE EDIFICIOS;214;MORATALAZ;05;EDUCACIÓN;00;COLEGIOS;;;;;;;0;237586,85;237586,85;6000;0;231586,85;231586,85;204931,55;0;204931,55;
4;SC Y CE FINANC. CON RTG;001;214;32301;63200;2025/008104;2025/008104;COLEGIO PÚBLICO FRANCISCO DE LUIS. OBRAS REPARACIÓN FACHADAS Y OTRAS INSPECCIÓN TÉCNICA EDIFICIOS;214;MORATALAZ;05;EDUCACIÓN;00;COLEGIOS;;;;;;;0;197605,64;197605,64;3000;0;194605,64;194605,64;149837,96;0;149837,96;
4;SC Y CE FINANC. CON RTG;001;214;32301;63200;2025/008105;2025/008105;COLEGIO PÚBLICO REGIMIENTO INMEMORIAL DEL REY. REPARACIÓN FACHADAS Y OTRAS INSPECCIÓN EDIFICIOS;214;MORATALAZ;05;EDUCACIÓN;00;COLEGIOS;;;;;;;0;102328,59;102328,59;2496,12;0;99832,47;99832,47;70334,63;0;70334,63;
4;SC Y CE FINANC. CON RTG;001;214;32301;63200;2025/008106;2025/008106;COLEGIO PÚBLICO MARTÍNEZ MONTAÑÉS. REPARACIÓN ESCALERAS EVACUACIÓN Y OTRAS INSPECCIÓN EDIFICIOS;214;MORATALAZ;05;EDUCACIÓN;00;COLEGIOS;;;;;;;0;165581,46;165581,46;2000;0;163581,46;163581,46;27987,28;0;27987,28;
4;SC Y CE FINANC. CON RTG;001;214;32301;63200;2025/008107;2025/008107;COLEGIO PÚBLICO REAL ARMADA. REPARACIÓN CUBIERTA, FACHADAS Y OTRAS INSPECCIÓN EDIFICIOS;214;MORATALAZ;05;EDUCACIÓN;00;COLEGIOS;;;;;;;0;208786,87;208786,87;4000;0;204786,87;204786,87;27913,54;0;27913,54;
4;SC Y CE FINANC. CON RTG;001;214;32301;63200;2025/008108;2025/008108;COLEGIO PÚBLICO CONDE ARRUGA. SUSTITUCIÓN CUBIERTA Y OTRAS MEJORAS INSPECCIÓN TÉCNICA EDIFICIOS;214;MORATALAZ;05;EDUCACIÓN;00;COLEGIOS;;;;;;;0;196793,35;196793,35;34306,85;0;162486,5;162486,5;78812,34;0;78812,34;
4;SC Y CE FINANC. CON RTG;001;214;32301;63200;2025/008109;2025/008109;COLEGIO PÚBLICO MENÉNDEZ PIDAL. SUSTITUCIÓN PAVIMENTO PATIO Y OTRAS INSPECCIÓN EDIFICIOS;214;MORATALAZ;05;EDUCACIÓN;00;COLEGIOS;;;;;;;0;68107,7;68107,7;1000;0;67107,7;67107,7;60953,39;0;60953,39;
;;001;214;33401;62300;2025/001102;2025/001102;CENTROS CULTURALES DEL DISTRITO DE MORATALAZ. DESFIBRILADORES;214;MORATALAZ;10;CULTURA;03;CENTROS CULTURALES;;;;;;;0;5700;5700;563,55;0;5136,45;5136,45;5136,45;0;5136,45;
;;001;214;33401;62599;2025/000411;2025/000411;EQUIPAMIENTO CENTROS CULTURALES DEL DISTRITO DE MORATALAZ;214;MORATALAZ;10;CULTURA;03;CENTROS CULTURALES;;;;;;;0;1900,03;1900,03;1900,03;0;0;0;0;0;0;
;;001;214;33401;62599;2025/000411;2025/010411;EQUIPAMIENTO CENTRO CULTURAL EL TORITO;214;MORATALAZ;10;CULTURA;03;CENTROS CULTURALES;;;;;;;0;1399,97;1399,97;0;0;1399,97;1399,97;0;0;0;
;;001;214;34201;60913;2025/001075;2025/001075;DEPORTIVO BÁSICO BRUJAS. SUMINISTRO E INSTALACIÓN DE PAPELERAS;214;MORATALAZ;11;DEPORTES, JUVENTUD  Y ESPARCIMIENTO;02;PISTAS DEPORTIVAS ELEMENTALES;;;;;;;0;2560;2560;6,38;0;2553,62;2553,62;2553,62;0;2553,62;
5;FONDO DE REEQUILIBRIO TERRITORIAL;001;214;34201;62200;2022/001256;2022/001256;CAMPO DE RUGBY EN C/FUENTE CARRANTONA S/N, DISTRITO DE MORATALAZ. CONSTRUCCIÓN (ID 19: 11015);214;MORATALAZ;11;DEPORTES, JUVENTUD  Y ESPARCIMIENTO;02;PISTAS DEPORTIVAS ELEMENTALES;;;17;FONDO REEQUILIBRIO TERRITORIAL;18;PRESUPUESTOS PARTICIPATIVOS;1014794;-775349,17;239444,83;0;0;239444,83;239444,83;7600,34;0;7600,34;
;;001;214;34201;62300;2025/000413;2025/000413;EQUIPAMIENTO CENTROS DEPORTIVOS DEL DISTRITO DE MORATALAZ;214;MORATALAZ;11;DEPORTES, JUVENTUD  Y ESPARCIMIENTO;01;POLIDEPORTIVOS;;;;;;;0;10760;10760;10760;0;0;0;0;0;0;
;;001;214;34201;62599;2025/000413;2025/000413;EQUIPAMIENTO CENTROS DEPORTIVOS DEL DISTRITO DE MORATALAZ;214;MORATALAZ;11;DEPORTES, JUVENTUD  Y ESPARCIMIENTO;01;POLIDEPORTIVOS;;;;;;;0;8000;8000;8000;0;0;0;0;0;0;
;;001;214;34201;62999;2025/000413;2025/000413;EQUIPAMIENTO CENTROS DEPORTIVOS DEL DISTRITO DE MORATALAZ;214;MORATALAZ;11;DEPORTES, JUVENTUD  Y ESPARCIMIENTO;01;POLIDEPORTIVOS;;;;;;;0;2099,78;2099,78;2099,78;0;0;0;0;0;0;
;;001;214;34201;62999;2025/000413;2025/030413;CENTRO DEPORTIVO LA ELIPA. ADQUISICIÓN DE CASETA DE CONTROL DE ACCESO;214;MORATALAZ;11;DEPORTES, JUVENTUD  Y ESPARCIMIENTO;01;POLIDEPORTIVOS;;;;;;;0;9900,22;9900,22;0;0;9900,22;9900,22;0;0;0;
;;001;214;34201;63200;2025/000183;2025/000183;OBRAS DE REFORMA Y CONSERVACIÓN DE INSTALACIONES DEPORTIVAS DEL DISTRITO DE MORATALAZ;214;MORATALAZ;11;DEPORTES, JUVENTUD  Y ESPARCIMIENTO;01;POLIDEPORTIVOS;;;;;;;50000;-19806,71;30193,29;30193,29;0;0;0;0;0;0;
;;001;214;34201;63200;2025/000183;2025/010183;CENTRO DEPORTIVO MORATALAZ. OBRAS DE REPARACIÓN Y REFUERZO DEL CABLEADO;214;MORATALAZ;11;DEPORTES, JUVENTUD  Y ESPARCIMIENTO;01;POLIDEPORTIVOS;;;;;;;0;46508,47;46508,47;0;0;46508,47;46508,47;13681,05;0;13681,05;
;;001;214;34201;63200;2025/000183;2025/020183;CENTRO DEPORTIVO LA ELIPA. OBRAS DE REPARACIÓN Y REFUERZO DEL CABLEADO;214;MORATALAZ;11;DEPORTES, JUVENTUD  Y ESPARCIMIENTO;01;POLIDEPORTIVOS;;;;;;;0;16831,94;16831,94;0;0;16831,94;16831,94;16137,77;0;16137,77;
;;001;214;34201;63200;2025/000183;2025/030183;CENTRO DEPORTIVO LA ELIPA. OBRAS DE REFORMA DE GRADAS EN CAMPO DE FÚTBOL;214;MORATALAZ;11;DEPORTES, JUVENTUD  Y ESPARCIMIENTO;01;POLIDEPORTIVOS;;;;;;;0;41428,88;41428,88;0;0;41428,88;41428,88;0;0;0;
;;001;214;34201;63200;2025/001460;2025/001460;CENTRO DEPORTIVO LA ELIPA. OBRAS DE INSTALACIÓN DE REDES PARABALONES;214;MORATALAZ;11;DEPORTES, JUVENTUD  Y ESPARCIMIENTO;01;POLIDEPORTIVOS;;;;;;;0;15000;15000;15000;0;0;0;0;0;0;
5;FONDO DE REEQUILIBRIO TERRITORIAL;001;214;34201;63200;2025/001027;2025/001027;CENTRO DEPORTIVO MORATALAZ. OBRAS DE RENOVACIÓN Y MEJORA PISTA DE ATLETISMO;214;MORATALAZ;11;DEPORTES, JUVENTUD  Y ESPARCIMIENTO;01;POLIDEPORTIVOS;;;17;FONDO REEQUILIBRIO TERRITORIAL;;;0;280320;280320;277366,52;0;2953,48;2953,48;2953,48;0;2953,48;
;;001;214;92001;62500;2025/001211;2025/001211;SERVICIOS ADMINISTRATIVOS DEL DISTRITO DE MORATALAZ. MOBILIARIO Y EQUIPOS DE OFICINA;214;MORATALAZ;00;INVERSIONES DE CARÁCTER GENERAL;02;SERVICIOS ADMINISTRATIVOS  TERRITORIALES;;;;;;;0;4800;4800;269,76;0;4530,24;4530,24;4530,24;0;4530,24;
;;001;214;93302;63200;2025/000185;2025/000185;OBRAS DE REFORMA Y CONSERVACIÓN DE EDIFICIOS DEL DISTRITO DE MORATALAZ;214;MORATALAZ;00;INVERSIONES DE CARÁCTER GENERAL;03;EDIFICIOS PARA EL USO GENERAL;;;;;;;40000;-33048;6952;6952;0;0;0;0;0;0;
;;001;214;93302;63200;2025/000185;2025/010185;CENTRO CULTURAL EL TORITO. OBRAS DE CONSERVACION EN AULA DE MUSICA Y EN SOTANO;214;MORATALAZ;10;CULTURA;03;CENTROS CULTURALES;;;;;;;0;34223,1;34223,1;0;0;34223,1;34223,1;10841,98;0;10841,98;
;;001;214;93302;63200;2025/000185;2025/020185;ESCUELA DE MÚSICA MORATALAZ. OBRAS DE INSTALACIÓN DE PASAMANOS;214;MORATALAZ;05;EDUCACIÓN;03;ESCUELAS DE MÚSICA;;;;;;;0;5415,65;5415,65;0;0;5415,65;5415,65;0;0;0;
;;001;214;93302;63200;2025/000185;2025/030185;EDIFICIO SEDE DEL DISTRITRO DE MORATALAZ. OBRAS REPARACIÓN MÁSTILES BANDERAS;214;MORATALAZ;00;INVERSIONES DE CARÁCTER GENERAL;02;SERVICIOS ADMINISTRATIVOS  TERRITORIALES;;;;;;;0;18059,25;18059,25;0;0;18059,25;18059,25;0;0;0;
;;001;214;93302;63200;2025/001392;2025/001392;CENTRO DE MAYORES NICANOR BARROSO. OBRAS DE INSTALACIÓN DE TELEFONILLO;214;MORATALAZ;03;PROTECCIÓN Y PROMOCIÓN SOCIAL;01;CENTROS DE MAYORES;;;;;;;0;980,1;980,1;0;0;980,1;980,1;0;0;0;
;;001;215;15322;61910;2025/000158;2025/000158;OBRAS DE REMODELACION DE VIALES EN EL DISTRITO DE CIUDAD LINEAL;215;CIUDAD LINEAL;08;MANTENIMIENTO URBANO;02;VÍAS PÚBLICAS;;;;;;;10000;68500;78500;5740,1;0;72759,9;72759,9;0;0;0;
;;001;215;17102;61921;2025/000159;2025/000159;ZONAS VERDES DEL DISTRITO DE CIUDAD LINEAL. OBRAS DE REMODELACIÓN;215;CIUDAD LINEAL;09;MEDIO AMBIENTE;01;ZONAS AJARDINADAS;;;;;;;10000;0;10000;10000;0;0;0;0;0;0;
5;FONDO DE REEQUILIBRIO TERRITORIAL;001;215;17102;61921;2025/005002;2025/005002;ESPACIO BAJO PUENTE DE AV.DAROCA. AJARDINAMIENTO, REPARACIÓN Y ZONA DE OCIO INFANTIL (ID 16: 5155);215;CIUDAD LINEAL;09;MEDIO AMBIENTE;01;ZONAS AJARDINADAS;;;;;18;PRESUPUESTOS PARTICIPATIVOS;200000;240100;440100;6,4;0;440093,6;440093,6;0;0;0;
;;001;215;23103;62300;2025/000135;2025/000135;CENTROS DE MAYORES DEL DISTRITO DE CIUDAD LINEAL. ADQUISICIÓN DE ELECTRODOMÉSTICOS;215;CIUDAD LINEAL;03;PROTECCIÓN Y PROMOCIÓN SOCIAL;01;CENTROS DE MAYORES;;;;;;;3000;-3000;0;0;0;0;0;0;0;0;
;;001;215;23103;62599;2025/000136;2025/000136;EQUIPAMIENTO CENTROS DE DÍA Y DE MAYORES DEL DISTRITO DE CIUDAD LINEAL;215;CIUDAD LINEAL;03;PROTECCIÓN Y PROMOCIÓN SOCIAL;00;CENTROS DE DÍA Y RESIDENCIAS DE MAYORES;;;;;;;30000;-14661,05;15338,95;15338,95;0;0;0;0;0;0;
5;FONDO DE REEQUILIBRIO TERRITORIAL;001;215;23103;62599;2025/005021;2025/005021;PUNTO DE INTERCAMBIO DE LIBROS CENTROS DE MAYORES CIUDAD LINEAL. MOBILIARIO Y ENSERES (ID 24:20046);215;CIUDAD LINEAL;03;PROTECCIÓN Y PROMOCIÓN SOCIAL;01;CENTROS DE MAYORES;;;;;18;PRESUPUESTOS PARTICIPATIVOS;0;10000;10000;10000;0;0;0;0;0;0;
;;001;215;23103;63300;2025/001042;2025/001042;CENTRO DE MAYORES ASCAO. REPOSICIÓN DE ELECTRODOMÉSTICOS;215;CIUDAD LINEAL;03;PROTECCIÓN Y PROMOCIÓN SOCIAL;01;CENTROS DE MAYORES;;;;;;;0;28082;28082;19000,95;0;9081,05;9081,05;9081,05;0;9081,05;
;;001;215;23106;62500;2025/000137;2025/000137;CENTROS DE SERVICIOS SOCIALES DISTRITO CIUDAD LINEAL. MOBILIARIO Y EQUIPOS DE OFICINA;215;CIUDAD LINEAL;03;PROTECCIÓN Y PROMOCIÓN SOCIAL;02;CENTROS DE SERVICIOS SOCIALES;;;;;;;3000;0;3000;3000;0;0;0;0;0;0;
;;001;215;31101;62500;2025/000118;2025/000118;EQUIPAMIENTO SERVICIOS SALUBRIDAD PÚBLICA DISTRITO DE CIUDAD LINEAL;215;CIUDAD LINEAL;00;INVERSIONES DE CARÁCTER GENERAL;02;SERVICIOS ADMINISTRATIVOS  TERRITORIALES;;;;;;;3000;0;3000;218,21;0;2781,79;2781,79;2781,79;0;2781,79;
;;001;215;32301;62599;2025/001494;2025/001494;ESCUELA INFANTIL GIGANTES Y CABEZUDOS. OTRO MOBILIARIO Y ENSERES;215;CIUDAD LINEAL;05;EDUCACIÓN;01;ESCUELAS INFANTILES;;;;;;;0;200;200;200;0;0;0;0;0;0;
;;001;215;32301;63200;2025/000156;2025/000156;OBRAS DE CONSERVACIÓN EN CENTROS DOCENTES DE ENSEÑANZA DEL DISTRITO DE CIUDAD LINEAL;215;CIUDAD LINEAL;05;EDUCACIÓN;00;COLEGIOS;;;;;;;110000;-109032,1;967,9;967,9;0;0;0;0;0;0;
;;001;215;32301;63200;2025/000156;2025/010156;COLEGIO PÚBLICO LEOPOLDO ALAS. OBRAS REPARACIÓN DE RED DE SANEAMIENTO, RENOVACIÓN PAVIMENTO Y OTRAS;215;CIUDAD LINEAL;05;EDUCACIÓN;00;COLEGIOS;;;;;;;0;80778,22;80778,22;0;0;80778,22;80778,22;29379,65;0;29379,65;
;;001;215;32301;63200;2025/000156;2025/020156;ESCUELA INFANTIL VEO VEO. OBRAS DE REPARACIONES EN INSTALACIÓN DE FONTANERÍA;215;CIUDAD LINEAL;05;EDUCACIÓN;01;ESCUELAS INFANTILES;;;;;;;0;4175,66;4175,66;0;0;4175,66;4175,66;0;0;0;
;;001;215;32301;63200;2025/000156;2025/030156;ESCUELA INFANTIL TARABILLA. OBRAS DE REPARACIONES EN INSTALACIÓN DE FONTANERÍA;215;CIUDAD LINEAL;05;EDUCACIÓN;01;ESCUELAS INFANTILES;;;;;;;0;7418,06;7418,06;0;0;7418,06;7418,06;0;0;0;
;;001;215;32301;63200;2025/000156;2025/040156;ESCUELA INFANTIL GIGANTES Y CABEZUDOS. OBRAS DE REPARACIONES EN INSTALACIÓN DE FONTANERÍA;215;CIUDAD LINEAL;05;EDUCACIÓN;01;ESCUELAS INFANTILES;;;;;;;0;4748,98;4748,98;0;0;4748,98;4748,98;0;0;0;
;;001;215;32301;63200;2025/000156;2025/050156;ESCUELA INFANTIL LAS AZALEAS. OBRAS DE REPARACIONES EN INSTALACIÓN DE FONTANERÍA;215;CIUDAD LINEAL;05;EDUCACIÓN;01;ESCUELAS INFANTILES;;;;;;;0;11911,18;11911,18;0;0;11911,18;11911,18;0;0;0;
4;SC Y CE FINANC. CON RTG;001;215;32301;63200;2025/008033;2025/008033;CENTROS DOCENTES ENSEÑANZA DISTRITO CIUDAD LINEAL. OBRAS REPARACIÓN Y ADECUACIÓN INSTALACIONES;215;CIUDAD LINEAL;05;EDUCACIÓN;00;COLEGIOS;;;;;;;0;2389,86;2389,86;2389,86;0;0;0;0;0;0;
4;SC Y CE FINANC. CON RTG;001;215;32301;63200;2025/008033;2025/018033;COLEGIO PÚBLICO MÉJICO. ADECUACIÓN NORMATIVA PROTECCIÓN CONTRA INCENDIOS, MEJORA CUBIERTA Y OTRAS;215;CIUDAD LINEAL;05;EDUCACIÓN;00;COLEGIOS;;;;;;;0;48394,43;48394,43;0;0;48394,43;48394,43;46638,6;0;46638,6;
4;SC Y CE FINANC. CON RTG;001;215;32301;63200;2025/008033;2025/028033;COLEGIO PÚBLICO SAN JUAN BAUTISTA. ADECUACIÓN NORMATIVA PROTECCIÓN CONTRA INCENDIOS Y OTRAS;215;CIUDAD LINEAL;05;EDUCACIÓN;00;COLEGIOS;;;;;;;0;49285,77;49285,77;0;0;49285,77;49285,77;46660,73;0;46660,73;
4;SC Y CE FINANC. CON RTG;001;215;32301;63200;2025/008033;2025/038033;ESCUELA INFANTIL AZALEAS. OBRAS REPARACIÓN INSTALACIÓN ELÉCTRICA;215;CIUDAD LINEAL;05;EDUCACIÓN;01;ESCUELAS INFANTILES;;;;;;;0;14992,57;14992,57;0;0;14992,57;14992,57;14851,75;0;14851,75;
4;SC Y CE FINANC. CON RTG;001;215;32301;63200;2025/008033;2025/048033;ESCUELA INFANTIL TARABILLA. OBRAS REPARACIÓN INSTALACIÓN ELÉCTRICA;215;CIUDAD LINEAL;05;EDUCACIÓN;01;ESCUELAS INFANTILES;;;;;;;0;14953,79;14953,79;0;0;14953,79;14953,79;10508,73;0;10508,73;
4;SC Y CE FINANC. CON RTG;001;215;32301;63200;2025/008033;2025/058033;ESCUELA INFANTIL VEO VEO. OBRAS REPARACIÓN INSTALACIÓN ELÉCTRICA;215;CIUDAD LINEAL;05;EDUCACIÓN;01;ESCUELAS INFANTILES;;;;;;;0;14983,58;14983,58;0;0;14983,58;14983,58;0;0;0;
4;SC Y CE FINANC. CON RTG;001;215;32301;63200;2025/008110;2025/008110;COLEGIO PÚBLICO GUSTAVO ADOFLO BÉCQUER. SUSTITUCIÓN PAVIMENTOS, ADECUACIÓN CARPINTERÍAS Y OTRAS;215;CIUDAD LINEAL;05;EDUCACIÓN;00;COLEGIOS;;;;;;;0;116797,05;116797,05;16818,42;0;99978,63;99978,63;89317,35;0;89317,35;
4;SC Y CE FINANC. CON RTG;001;215;32301;63200;2025/008111;2025/008111;COLEGIO PÚBLICO JOAQUÍN TURINA. ADECUACIÓN GIMNASIO, INSTALACIÓN ELÉCTRICA Y ALUMBRADO;215;CIUDAD LINEAL;05;EDUCACIÓN;00;COLEGIOS;;;;;;;0;83202,95;83202,95;4016,85;0;79186,1;79186,1;0;0;0;
4;SC Y CE FINANC. CON RTG;001;215;32301;63200;2025/008112;2025/008112;COLEGIO PÚBLICO MIGUEL BLASCO VILATELA. OBRAS REPARACIÓN COCINA, SANEAMIENTO, INSTALACIÓNES Y OTRAS;215;CIUDAD LINEAL;05;EDUCACIÓN;00;COLEGIOS;;;;;;;0;230000;230000;13956,3;0;216043,7;216043,7;140241,61;0;140241,61;
4;SC Y CE FINANC. CON RTG;001;215;32301;63200;2025/008113;2025/008113;ESCUELA INFANTIL GIGANTES Y CABEZUDOS. RENOVACIÓN TOLDOS, ADECUACIÓN INSTALACIÓN ELÉCTRICA Y OTRAS;215;CIUDAD LINEAL;05;EDUCACIÓN;01;ESCUELAS INFANTILES;;;;;;;0;205000;205000;11,4;0;204988,6;204988,6;126776,83;0;126776,83;
4;SC Y CE FINANC. CON RTG;001;215;32301;63200;2025/008151;2025/008151;COLEGIO PÚBLICO NUESTRA SEÑORA DE LA CONCEPCIÓN. OBRAS REPARACIÓN PATOLOGÍAS CASA CONSERJE Y OTRAS;215;CIUDAD LINEAL;05;EDUCACIÓN;00;COLEGIOS;;;;;;;0;160000;160000;1356,74;0;158643,26;158643,26;35258,63;0;35258,63;
5;FONDO DE REEQUILIBRIO TERRITORIAL;001;215;32301;63200;2024/000258;2024/000258;COLEGIO PÚBLICO DE EDUCACIÓN ESPECIAL INFANTA ELENA, BARRIO SAN PASCUAL. OBRAS DE MEJORA;215;CIUDAD LINEAL;05;EDUCACIÓN;02;CENTROS DE EDUCACIÓN ESPECIAL;;;17;FONDO REEQUILIBRIO TERRITORIAL;;;0;66546;66546;2052,3;0;64493,7;64493,7;60591,6;0;60591,6;
;;001;215;32601;63200;2024/000257;2024/000257;CENTRO EDUCACIÓN ADULTOS CIUDAD LINEAL, BARRIO PUEBLO NUEVO. MEJORA MURO EXTERIOR;215;CIUDAD LINEAL;05;EDUCACIÓN;05;OTROS CENTROS DE ENSEÑANZA;;;17;FONDO REEQUILIBRIO TERRITORIAL;;;0;27000;27000;558,32;0;26441,68;26441,68;26441,68;0;26441,68;
;;001;215;33401;62500;2025/000150;2025/000150;EQUIPAMIENTO CENTROS CULTURALES DEL DISTRITO DE CIUDAD LINEAL;215;CIUDAD LINEAL;10;CULTURA;03;CENTROS CULTURALES;;;;;;;10000;-9395,48;604,52;604,52;0;0;0;0;0;0;
;;001;215;33401;62500;2025/000150;2025/010150;EQUIPAMIENTO CENTRO CULTURAL SAN JUAN BAUTISTA;215;CIUDAD LINEAL;10;CULTURA;03;CENTROS CULTURALES;;;;;;;0;590,71;590,71;0;0;590,71;590,71;0;0;0;
;;001;215;33401;62500;2025/000150;2025/020150;EQUIPAMIENTO CENTRO CULTURAL LA ELIPA;215;CIUDAD LINEAL;10;CULTURA;03;CENTROS CULTURALES;;;;;;;0;421,96;421,96;0;0;421,96;421,96;0;0;0;
;;001;215;33401;62500;2025/000150;2025/030150;EQUIPAMIENTO CENTRO CULTURAL PRÍNCIPE DE ASTURIAS;215;CIUDAD LINEAL;10;CULTURA;03;CENTROS CULTURALES;;;;;;;0;1137,81;1137,81;0;0;1137,81;1137,81;0;0;0;
;;001;215;33401;62500;2025/000150;2025/040150;EQUIPAMIENTO AUDITORIO CARMEN LAFORET;215;CIUDAD LINEAL;10;CULTURA;03;CENTROS CULTURALES;;;;;;;0;219,78;219,78;0;0;219,78;219,78;0;0;0;
;;001;215;33401;62500;2025/000150;2025/050150;EQUIPAMIENTO CENTRO SOCIOCULTURAL SIENA;215;CIUDAD LINEAL;10;CULTURA;03;CENTROS CULTURALES;;;;;;;0;632,01;632,01;0;0;632,01;632,01;0;0;0;
;;001;215;33401;62500;2025/000150;2025/060150;EQUIPAMIENTO CENTRO SOCIOCULTURAL CIUDAD LINEAL;215;CIUDAD LINEAL;10;CULTURA;03;CENTROS CULTURALES;;;;;;;0;260,53;260,53;0;0;260,53;260,53;0;0;0;
;;001;215;33401;62599;2025/000150;2025/000150;EQUIPAMIENTO CENTROS CULTURALES DEL DISTRITO DE CIUDAD LINEAL;215;CIUDAD LINEAL;10;CULTURA;03;CENTROS CULTURALES;;;;;;;10000;-9589,25;410,75;410,75;0;0;0;0;0;0;
;;001;215;33401;62599;2025/000150;2025/010150;EQUIPAMIENTO CENTRO CULTURAL SAN JUAN BAUTISTA;215;CIUDAD LINEAL;10;CULTURA;03;CENTROS CULTURALES;;;;;;;0;3623,95;3623,95;0;0;3623,95;3623,95;0;0;0;
;;001;215;33401;62599;2025/000150;2025/020150;EQUIPAMIENTO CENTRO CULTURAL LA ELIPA;215;CIUDAD LINEAL;10;CULTURA;03;CENTROS CULTURALES;;;;;;;0;3073,4;3073,4;0;0;3073,4;3073,4;0;0;0;
;;001;215;33401;62599;2025/000150;2025/030150;EQUIPAMIENTO CENTRO CULTURAL PRÍNCIPE DE ASTURIAS;215;CIUDAD LINEAL;10;CULTURA;03;CENTROS CULTURALES;;;;;;;0;1397,55;1397,55;0;0;1397,55;1397,55;0;0;0;
;;001;215;33401;62599;2025/000150;2025/040150;EQUIPAMIENTO AUDITORIO CARMEN LAFORET;215;CIUDAD LINEAL;10;CULTURA;03;CENTROS CULTURALES;;;;;;;0;1494,35;1494,35;0;0;1494,35;1494,35;0;0;0;
5;FONDO DE REEQUILIBRIO TERRITORIAL;001;215;34201;60999;2024/004007;2024/004007;PARQUE DEPORTIVO TRES LUCES,C/FRANCISCO LARGO CABALLERO Y AV.ARCENTALES.CONSTRUCCIÓN (ID 21: 18880);215;CIUDAD LINEAL;11;DEPORTES, JUVENTUD  Y ESPARCIMIENTO;02;PISTAS DEPORTIVAS ELEMENTALES;;;;;18;PRESUPUESTOS PARTICIPATIVOS;530000;-406800;123200;64907,19;0;58292,81;6360,82;6353,44;0;6353,44;
5;FONDO DE REEQUILIBRIO TERRITORIAL;001;215;34201;61999;2025/000094;2025/000094;DEPORTIVO BÁSICO TRECE ROSAS, BARRIO ELIPA. ADECUACIÓN Y MEJORA DE PISTAS;215;CIUDAD LINEAL;11;DEPORTES, JUVENTUD  Y ESPARCIMIENTO;02;PISTAS DEPORTIVAS ELEMENTALES;;;17;FONDO REEQUILIBRIO TERRITORIAL;;;51753;0;51753;73,37;0;51679,63;51679,63;51563,19;0;51563,19;
5;FONDO DE REEQUILIBRIO TERRITORIAL;001;215;34201;61999;2025/000103;2025/000103;DEPORTIVO BÁSICO DOCTOR CIRAJAS. OBRAS ADECUACIÓN PAVIMENTO, ACCESIBILIDAD Y OTRAS;215;CIUDAD LINEAL;11;DEPORTES, JUVENTUD  Y ESPARCIMIENTO;02;PISTAS DEPORTIVAS ELEMENTALES;;;17;FONDO REEQUILIBRIO TERRITORIAL;;;188477;0;188477;70756,05;0;117720,95;117720,95;0;0;0;
5;FONDO DE REEQUILIBRIO TERRITORIAL;001;215;34201;61999;2025/001364;2025/001364;DEPORTIVO BÁSICO AVENIDA MARQUÉS DE CORBERA II. OBRAS DE ADECUACIÓN PISTA;215;CIUDAD LINEAL;11;DEPORTES, JUVENTUD  Y ESPARCIMIENTO;02;PISTAS DEPORTIVAS ELEMENTALES;;;17;FONDO REEQUILIBRIO TERRITORIAL;;;0;110000;110000;1305,8;0;108694,2;108694,2;0;0;0;
;;001;215;34201;62300;2025/000147;2025/000147;EQUIPAMIENTO CENTROS DEPORTIVOS DEL DISTRITO DE CIUDAD LINEAL;215;CIUDAD LINEAL;11;DEPORTES, JUVENTUD  Y ESPARCIMIENTO;01;POLIDEPORTIVOS;;;;;;;10000;-6875,53;3124,47;3124,47;0;0;0;0;0;0;
;;001;215;34201;62300;2025/000147;2025/010147;EQUIPAMIENTO CENTRO DEPORTIVO PUEBLO NUEVO;215;CIUDAD LINEAL;11;DEPORTES, JUVENTUD  Y ESPARCIMIENTO;01;POLIDEPORTIVOS;;;;;;;0;4287,09;4287,09;0;0;4287,09;4287,09;4287,09;0;4287,09;
;;001;215;34201;62300;2025/000147;2025/020147;EQUIPAMIENTO CENTRO DEPORTIVO CONCEPCIÓN;215;CIUDAD LINEAL;11;DEPORTES, JUVENTUD  Y ESPARCIMIENTO;01;POLIDEPORTIVOS;;;;;;;0;4467,09;4467,09;0;0;4467,09;4467,09;0;0;0;
;;001;215;34201;62300;2025/000147;2025/040147;EQUIPAMIENTO CENTRO DEPORTIVO SAN JUAN BAUTISTA;215;CIUDAD LINEAL;11;DEPORTES, JUVENTUD  Y ESPARCIMIENTO;01;POLIDEPORTIVOS;;;;;;;0;3635,35;3635,35;0;0;3635,35;3635,35;0;0;0;
;;001;215;34201;62500;2025/000147;2025/000147;EQUIPAMIENTO CENTROS DEPORTIVOS DEL DISTRITO DE CIUDAD LINEAL;215;CIUDAD LINEAL;11;DEPORTES, JUVENTUD  Y ESPARCIMIENTO;01;POLIDEPORTIVOS;;;;;;;10000;-9999,06;0,94;0,94;0;0;0;0;0;0;
;;001;215;34201;62500;2025/000147;2025/010147;EQUIPAMIENTO CENTRO DEPORTIVO PUEBLO NUEVO;215;CIUDAD LINEAL;11;DEPORTES, JUVENTUD  Y ESPARCIMIENTO;01;POLIDEPORTIVOS;;;;;;;0;2180,42;2180,42;0;0;2180,42;0;0;0;0;
;;001;215;34201;62500;2025/000147;2025/020147;EQUIPAMIENTO CENTRO DEPORTIVO CONCEPCIÓN;215;CIUDAD LINEAL;11;DEPORTES, JUVENTUD  Y ESPARCIMIENTO;01;POLIDEPORTIVOS;;;;;;;0;1243,88;1243,88;0;0;1243,88;0;0;0;0;
;;001;215;34201;62500;2025/000147;2025/030147;EQUIPAMIENTO CENTRO DEPORTIVO LA ALMUDENA;215;CIUDAD LINEAL;11;DEPORTES, JUVENTUD  Y ESPARCIMIENTO;01;POLIDEPORTIVOS;;;;;;;0;169,4;169,4;0;0;169,4;0;0;0;0;
;;001;215;34201;62500;2025/000147;2025/040147;EQUIPAMIENTO CENTRO DEPORTIVO SAN JUAN BAUTISTA;215;CIUDAD LINEAL;11;DEPORTES, JUVENTUD  Y ESPARCIMIENTO;01;POLIDEPORTIVOS;;;;;;;0;8489,36;8489,36;0;0;8489,36;0;0;0;0;
;;001;215;34201;62599;2025/000147;2025/000147;EQUIPAMIENTO CENTROS DEPORTIVOS DEL DISTRITO DE CIUDAD LINEAL;215;CIUDAD LINEAL;11;DEPORTES, JUVENTUD  Y ESPARCIMIENTO;01;POLIDEPORTIVOS;;;;;;;0;1,89;1,89;1,89;0;0;0;0;0;0;
;;001;215;34201;62599;2025/000147;2025/010147;EQUIPAMIENTO CENTRO DEPORTIVO PUEBLO NUEVO;215;CIUDAD LINEAL;11;DEPORTES, JUVENTUD  Y ESPARCIMIENTO;01;POLIDEPORTIVOS;;;;;;;0;23487,31;23487,31;0;0;23487,31;0;0;0;0;
;;001;215;34201;62599;2025/000147;2025/020147;EQUIPAMIENTO CENTRO DEPORTIVO CONCEPCIÓN;215;CIUDAD LINEAL;11;DEPORTES, JUVENTUD  Y ESPARCIMIENTO;01;POLIDEPORTIVOS;;;;;;;0;1571,79;1571,79;0;0;1571,79;0;0;0;0;
;;001;215;34201;62599;2025/000147;2025/040147;EQUIPAMIENTO CENTRO DEPORTIVO SAN JUAN BAUTISTA;215;CIUDAD LINEAL;11;DEPORTES, JUVENTUD  Y ESPARCIMIENTO;01;POLIDEPORTIVOS;;;;;;;0;23103,74;23103,74;0;0;23103,74;0;0;0;0;
;;001;215;34201;62599;2025/000149;2025/000149;EQUIPAMIENTO DE LOS VESTUARIOS DEL CAMPO DE FUTBOL GARCÍA DE LA MATA;215;CIUDAD LINEAL;11;DEPORTES, JUVENTUD  Y ESPARCIMIENTO;02;PISTAS DEPORTIVAS ELEMENTALES;;;;;;;40000;-35780,73;4219,27;0;0;4219,27;0;0;0;0;
;;001;215;34201;63200;2025/000157;2025/000157;OBRAS DE CONSERVACIÓN EN INSTALACIONES DEPORTIVAS DEL DISTRITO DE CIUDAD LINEAL;215;CIUDAD LINEAL;11;DEPORTES, JUVENTUD  Y ESPARCIMIENTO;01;POLIDEPORTIVOS;;;;;;;110000;28406,13;138406,13;138406,13;0;0;0;0;0;0;
;;001;215;34201;63200;2025/000157;2025/010157;CENTRO DEPORTIVO PUEBLO NUEVO. OBRAS DE REPARACIÓN DE INSTALACIÓN DE CLORACIÓN AUTOMÁTICA;215;CIUDAD LINEAL;11;DEPORTES, JUVENTUD  Y ESPARCIMIENTO;01;POLIDEPORTIVOS;;;;;;;0;19529,15;19529,15;0;0;19529,15;19529,15;19491,47;0;19491,47;
;;001;215;34201;63200;2025/000157;2025/020157;CENTRO DEPORTIVO CONCEPCIÓN. MEJORA INSTALACIÓN PROTECCIÓN CONTRA INCENDIOS Y OTRAS;215;CIUDAD LINEAL;11;DEPORTES, JUVENTUD  Y ESPARCIMIENTO;01;POLIDEPORTIVOS;;;;;;;0;67349,4;67349,4;0;0;67349,4;67349,4;65534,9;0;65534,9;
;;001;215;34201;63200;2025/000157;2025/030157;CENTRO DEPORTIVO CONCEPCIÓN. ADECUACIÓN ESPACIOS Y EQUIPO PISCINAS A NORMATIVA SANITARIA;215;CIUDAD LINEAL;11;DEPORTES, JUVENTUD  Y ESPARCIMIENTO;01;POLIDEPORTIVOS;;;;;;;0;28371,28;28371,28;0;0;28371,28;28371,28;5286,5;0;5286,5;
;;001;215;34201;63200;2025/000157;2025/040157;CENTRO DEPORTIVO CONCEPCIÓN. OBRAS DE MEJORA DE ACCESIBILIDAD E INSTALACION DE ASCENSOR;215;CIUDAD LINEAL;11;DEPORTES, JUVENTUD  Y ESPARCIMIENTO;01;POLIDEPORTIVOS;;;;;;;0;5082;5082;0;0;5082;5082;0;0;0;
;;001;215;34201;63200;2025/000157;2025/050157;CENTRO DEPORTIVO CONCEPCIÓN. ADECUACIÓN INSTALACIÓN ELÉCTRICA Y OTRAS MEJORAS;215;CIUDAD LINEAL;11;DEPORTES, JUVENTUD  Y ESPARCIMIENTO;01;POLIDEPORTIVOS;;;;;;;0;75125,04;75125,04;0;0;75125,04;75125,04;0;0;0;
;;001;215;34201;63200;2025/001396;2025/001396;CENTRO DEPORTIVO LA ALMUDENA. RENOVACIÓN INSTALACIÓN PROTECCIÓN CONTRA INCENDIOS Y OTRAS MEJORAS;215;CIUDAD LINEAL;11;DEPORTES, JUVENTUD  Y ESPARCIMIENTO;01;POLIDEPORTIVOS;;;;;;;0;116637;116637;49,52;0;116587,48;116587,48;0;0;0;
5;FONDO DE REEQUILIBRIO TERRITORIAL;001;215;34201;63200;2024/001086;2024/001086;DEPORTIVO BÁSICO PUEBLO NUEVO-ASCAO. CUBRICIÓN PISTA FÚTBOL SALA Y OTRAS MEJORAS;215;CIUDAD LINEAL;11;DEPORTES, JUVENTUD  Y ESPARCIMIENTO;02;PISTAS DEPORTIVAS ELEMENTALES;;;17;FONDO REEQUILIBRIO TERRITORIAL;;;370000;200000;570000;372,98;0;569627,02;569627,02;49937,02;0;49937,02;
5;FONDO DE REEQUILIBRIO TERRITORIAL;001;215;34201;63200;2025/001439;2025/001439;DEPORTIVO BÁSICO PUEBLO NUEVO-ASCAO. OBRAS ADECUACIÓN Y MEJORA PISTA DE BALONCESTO;215;CIUDAD LINEAL;11;DEPORTES, JUVENTUD  Y ESPARCIMIENTO;02;PISTAS DEPORTIVAS ELEMENTALES;;;17;FONDO REEQUILIBRIO TERRITORIAL;;;0;56700;56700;1705,35;0;54994,65;54994,65;0;0;0;
;;001;215;34201;64100;2025/001389;2025/001389;CENTRO DEPORTIVO CONCEPCIÓN. ADQUISICIÓN DE SOFTWARE PARA PRUEBAS DE ESFUERZO;215;CIUDAD LINEAL;11;DEPORTES, JUVENTUD  Y ESPARCIMIENTO;01;POLIDEPORTIVOS;;;;;;;0;6551,66;6551,66;6551,66;0;0;0;0;0;0;
;;001;215;92001;62500;2025/000115;2025/000115;EQUIPAMIENTO SERVICIOS ADMINISTRATIVOS DEL DISTRITO DE CIUDAD LINEAL;215;CIUDAD LINEAL;00;INVERSIONES DE CARÁCTER GENERAL;02;SERVICIOS ADMINISTRATIVOS  TERRITORIALES;;;;;;;5000;0;5000;106,54;0;4893,46;4893,46;4893,46;0;4893,46;
;;001;215;92001;62599;2025/000115;2025/000115;EQUIPAMIENTO SERVICIOS ADMINISTRATIVOS DEL DISTRITO DE CIUDAD LINEAL;215;CIUDAD LINEAL;00;INVERSIONES DE CARÁCTER GENERAL;02;SERVICIOS ADMINISTRATIVOS  TERRITORIALES;;;;;;;3000;0;3000;1707,72;0;1292,28;1292,28;1292,28;0;1292,28;
;;001;215;93302;63200;2022/000270;2022/000270;OBRAS DE CONSERVACIÓN DE EDIFICIOS DISTRITO DE CIUDAD LINEAL;215;CIUDAD LINEAL;00;INVERSIONES DE CARÁCTER GENERAL;03;EDIFICIOS PARA EL USO GENERAL;;;;;;;0;216,65;216,65;216,65;0;0;0;0;0;0;
;;001;215;93302;63200;2022/000270;2022/030270;CENTRO DE MAYORES ASCAO. OBRAS DE MEJORA ACCESIBILIDAD;215;CIUDAD LINEAL;03;PROTECCIÓN Y PROMOCIÓN SOCIAL;01;CENTROS DE MAYORES;;;;;;;0;3048,99;3048,99;0;0;3048,99;3048,99;3048,99;0;3048,99;
;;001;215;93302;63200;2022/000270;2022/040270;CENTRO DE MAYORES LUIS VIVES. OBRAS DE MEJORA ACCESIBILIDAD;215;CIUDAD LINEAL;03;PROTECCIÓN Y PROMOCIÓN SOCIAL;01;CENTROS DE MAYORES;;;;;;;0;1943,64;1943,64;0;0;1943,64;1943,64;1943,64;0;1943,64;
;;001;215;93302;63200;2022/000270;2022/050270;CENTRO DE MAYORES CARMEN LAFORET. OBRAS DE MEJORA ACCESIBILIDAD;215;CIUDAD LINEAL;03;PROTECCIÓN Y PROMOCIÓN SOCIAL;01;CENTROS DE MAYORES;;;;;;;0;1219,55;1219,55;0;0;1219,55;1219,55;1219,55;0;1219,55;
;;001;215;93302;63200;2022/000270;2022/060270;CENTRO DE MAYORES SAN JUAN BAUTISTA. OBRAS DE MEJORA ACCESIBILIDAD;215;CIUDAD LINEAL;03;PROTECCIÓN Y PROMOCIÓN SOCIAL;01;CENTROS DE MAYORES;;;;;;;0;1540,56;1540,56;0;0;1540,56;1540,56;1540,56;0;1540,56;
;;001;215;93302;63200;2022/000270;2022/070270;CENTRO DE MAYORES CANAL DE PANAMÁ. OBRAS DE MEJORA ACCESIBILIDAD;215;CIUDAD LINEAL;03;PROTECCIÓN Y PROMOCIÓN SOCIAL;01;CENTROS DE MAYORES;;;;;;;0;311,18;311,18;0;0;311,18;311,18;311,18;0;311,18;
;;001;215;93302;63200;2022/000270;2022/080270;CENTRO CULTURAL SAN JUAN BAUTISTA. OBRAS DE MEJORA ACCESIBILIDAD;215;CIUDAD LINEAL;10;CULTURA;03;CENTROS CULTURALES;;;;;;;0;1874,94;1874,94;0;0;1874,94;1874,94;1874,94;0;1874,94;
;;001;215;93302;63200;2025/000155;2025/000155;OBRAS DE REFORMA DE EDIFICIOS DEL DISTRITO CIUDAD LINEAL;215;CIUDAD LINEAL;00;INVERSIONES DE CARÁCTER GENERAL;03;EDIFICIOS PARA EL USO GENERAL;;;;;;;110000;-109837,12;162,88;162,88;0;0;0;0;0;0;
;;001;215;93302;63200;2025/000155;2025/010155;EDIFICIO SEDE DISTRITO CIUDAD LINEAL. OBRAS REPARACIÓN DE LA INSTALACIÓN ELÉCTRICA Y OTRAS;215;CIUDAD LINEAL;00;INVERSIONES DE CARÁCTER GENERAL;02;SERVICIOS ADMINISTRATIVOS  TERRITORIALES;;;;;;;0;28872,14;28872,14;0;0;28872,14;28872,14;22532,8;0;21544,54;
;;001;215;93302;63200;2025/000155;2025/050155;CENTRO CULTURAL Y DE MAYORES PRÍNCIPE DE ASTURIAS. REPARACIÓN DE LA INSTALACIÓN ELÉCTRICA;215;CIUDAD LINEAL;10;CULTURA;03;CENTROS CULTURALES;;;;;;;0;15361,17;15361,17;0;0;15361,17;15361,17;15083,7;0;13747,77;
;;001;215;93302;63200;2025/000155;2025/060155;ESCUELA DE MÚSICA JOAQUÍN TURINA. OBRAS DE CLIMATIZACIÓN;215;CIUDAD LINEAL;05;EDUCACIÓN;03;ESCUELAS DE MÚSICA;;;;;;;0;13490,8;13490,8;0;0;13490,8;13490,8;13490,79;0;13490,79;
;;001;215;93302;63200;2025/000155;2025/070155;CENTRO SOCIO CULTURAL CIUDAD LINEAL. OBRAS DE ADECUACIÓN DE LA CLIMATIZACIÓN Y OTRAS;215;CIUDAD LINEAL;10;CULTURA;03;CENTROS CULTURALES;;;;;;;0;14957,5;14957,5;0;0;14957,5;14957,5;14289,42;0;14289,42;
;;001;216;15322;61910;2025/000229;2025/000229;VIALES DEL DISTRITO DE HORTALEZA. OBRAS DE REMODELACIÓN;216;HORTALEZA;08;MANTENIMIENTO URBANO;02;VÍAS PÚBLICAS;;;;;;;120000;-120000;0;0;0;0;0;0;0;0;
;;001;216;17102;61921;2025/000230;2025/000230;ZONAS AJARDINADAS DEL DISTRITO DE HORTALEZA. REMODELACIÓN;216;HORTALEZA;09;MEDIO AMBIENTE;01;ZONAS AJARDINADAS;;;;;;;120000;-120000;0;0;0;0;0;0;0;0;
;;001;216;31101;62302;2025/000194;2025/000194;SERVICIOS SALUBRIDAD PÚBLICA DISTRITO DE HORTALEZA. ÚTILES Y HERRAMIENTAS;216;HORTALEZA;04;SALUD PÚBLICA;00;PROMOCIÓN DE LA SALUD Y AT. SANITARIA;;;;;;;700;0;700;700;0;0;0;0;0;0;
;;001;216;31101;63599;2025/001222;2025/001222;EQUIPAMIENTO SERVICIOS DE SALUBRIDAD PÚBLICA DEL DISTRITO DE HORTALEZA;216;HORTALEZA;04;SALUD PÚBLICA;02;HIGIENE;;;;;;;0;700;700;700;0;0;0;0;0;0;
;;001;216;32301;63200;2025/000218;2025/000218;OBRAS DE CONSERVACIÓN Y REFORMA EN CENTROS DOCENTES DE ENSEÑANZA DEL DISTRITO DE HORTALEZA;216;HORTALEZA;05;EDUCACIÓN;00;COLEGIOS;;;;;;;120000;-119995,47;4,53;4,53;0;0;0;0;0;0;
;;001;216;32301;63200;2025/000218;2025/010218;COLEGIO PÚBLICO ESPERANZA II. OBRAS DE CONSERVACIÓN Y ADECUACIÓN DE PATIO INFANTIL;216;HORTALEZA;05;EDUCACIÓN;00;COLEGIOS;;;;;;;0;12853,85;12853,85;0;0;12853,85;12853,85;0;0;0;
;;001;216;32301;63200;2025/000218;2025/020218;COLEGIO PÚBLICO VIRGEN DEL CORTIJO. OBRAS DE CONSERVACIÓN Y ADECUACIÓN DE PATIO INFANTIL;216;HORTALEZA;05;EDUCACIÓN;00;COLEGIOS;;;;;;;0;50087,22;50087,22;0;0;50087,22;50087,22;0;0;0;
;;001;216;32301;63200;2025/000218;2025/030218;COLEGIO PÚBLICO PINAR DEL REY. OBRAS DE CONSERVACIÓN Y ADECUACIÓN DE PATIO INFANTIL;216;HORTALEZA;05;EDUCACIÓN;00;COLEGIOS;;;;;;;0;25094,5;25094,5;0;0;25094,5;25094,5;0;0;0;
;;001;216;32301;63200;2025/000218;2025/040218;COLEGIO PÚBLICO GARCILARSO DE LA VEGA. OBRAS DE CONSERVACIÓN Y ADECUACIÓN DE PATIO INFANTIL;216;HORTALEZA;05;EDUCACIÓN;00;COLEGIOS;;;;;;;0;61959,9;61959,9;0;0;61959,9;61959,9;0;0;0;
4;SC Y CE FINANC. CON RTG;001;216;32301;63200;2025/008002;2025/008002;COLEGIO PÚBLICO DIONISIO RIDRUEJO. OBRAS ADECUACIÓN A LED Y REPARACIÓN AULAS, ASEOS Y OTRAS;216;HORTALEZA;05;EDUCACIÓN;00;COLEGIOS;;;;;;;0;400000;400000;19,97;0;399980,03;399980,03;126439,57;0;126439,57;
4;SC Y CE FINANC. CON RTG;001;216;32301;63200;2025/008003;2025/008003;COLEGIO PÚBLICO ESPERANZA I. ADECUACIÓN LED, SUSTITUCIÓN SUELOS, PROTECCIÓN INCENDIOS Y OTRAS;216;HORTALEZA;05;EDUCACIÓN;00;COLEGIOS;;;;;;;0;300000;300000;0,01;0;299999,99;299999,99;157848,14;0;157848,14;
4;SC Y CE FINANC. CON RTG;001;216;32301;63200;2025/008004;2025/008004;CENTROS DOCENTES DISTRITO HORTALEZA. OBRAS REPARACIÓN Y ADAPTACIÓN INSTALACIONES;216;HORTALEZA;05;EDUCACIÓN;01;ESCUELAS INFANTILES;;;;;;;0;15895,39;15895,39;15895,39;0;0;0;0;0;0;
4;SC Y CE FINANC. CON RTG;001;216;32301;63200;2025/008004;2025/028004;ESCUELA INFANTIL DOÑA FRANCISQUITA. REPARACIÓN ACCESO Y PATIOS, ADAPTACIÓN INSTALACIONES Y OTRAS;216;HORTALEZA;05;EDUCACIÓN;01;ESCUELAS INFANTILES;;;;;;;0;34889,44;34889,44;0;0;34889,44;34889,44;1593,35;0;1593,35;
4;SC Y CE FINANC. CON RTG;001;216;32301;63200;2025/008004;2025/038004;ESCUELA INFANTIL GRAN VÍA. OBRAS REPARACIÓN ACCESO Y PATIOS, ADAPTACIÓN INSTALACIONES Y OTRAS;216;HORTALEZA;05;EDUCACIÓN;01;ESCUELAS INFANTILES;;;;;;;0;69719,73;69719,73;0;0;69719,73;69719,73;35859,6;0;35859,6;
4;SC Y CE FINANC. CON RTG;001;216;32301;63200;2025/008004;2025/048004;ESCUELA INFANTIL LA ARDILLA. REPARACIÓN CUBIERTA, ACCESOS Y PATIOS, ADECUACIÓN INSTALACIONES Y OTRAS;216;HORTALEZA;05;EDUCACIÓN;01;ESCUELAS INFANTILES;;;;;;;0;48308,96;48308,96;0;0;48308,96;48308,96;17851,94;0;17851,94;
4;SC Y CE FINANC. CON RTG;001;216;32301;63200;2025/008004;2025/058004;ESCUELA INFANTIL LAS PLÉYADES. OBRAS REPARACIÓN CUBIERTA Y ACCESO, INSTALACIÓN CLIMATIZACIÓN Y OTRAS;216;HORTALEZA;05;EDUCACIÓN;01;ESCUELAS INFANTILES;;;17;FONDO REEQUILIBRIO TERRITORIAL;;;0;31186,48;31186,48;0;0;31186,48;31186,48;0;0;0;
5;FONDO DE REEQUILIBRIO TERRITORIAL;001;216;32301;63200;2025/008004;2025/058004;ESCUELA INFANTIL LAS PLÉYADES. OBRAS REPARACIÓN CUBIERTA Y ACCESO, INSTALACIÓN CLIMATIZACIÓN Y OTRAS;216;HORTALEZA;05;EDUCACIÓN;01;ESCUELAS INFANTILES;;;17;FONDO REEQUILIBRIO TERRITORIAL;;;0;100000;100000;0;0;100000;100000;85016,5;0;85016,5;
2;INCORPORACIONES REMANENTES VOLUNTARIAS;001;216;33401;63599;2024/004040;2024/004040;FILMOTECA HORTALEZA,CENTRO CULTURAL CARRIL DEL CONDE.RENOVACIÓN BUTACAS Y OTROS BIENES(ID 19: 16419);216;HORTALEZA;10;CULTURA;03;CENTROS CULTURALES;;;;;18;PRESUPUESTOS PARTICIPATIVOS;0;95494,37;95494,37;0;0;95494,37;95494,37;95494,37;0;95494,37;
;;001;216;34201;62599;2025/001473;2025/001473;CENTRO DEPORTIVO LUIS ARAGONÉS. ADQUISICIÓN DE BANCOS;216;HORTALEZA;11;DEPORTES, JUVENTUD  Y ESPARCIMIENTO;01;POLIDEPORTIVOS;;;;;;;0;4600;4600;4600;0;0;0;0;0;0;
;;001;216;34201;63200;2025/000227;2025/000227;OBRAS DE CONSERVACIÓN Y REFORMA DE INSTALACIONES DEPORTIVAS DEL DISTRITO DE HORTALEZA;216;HORTALEZA;11;DEPORTES, JUVENTUD  Y ESPARCIMIENTO;01;POLIDEPORTIVOS;;;;;;;120000;-79213,97;40786,03;40786,03;0;0;0;0;0;0;
;;001;216;34201;63200;2025/000227;2025/020227;CENTRO DEPORTIVO LUIS ARAGONÉS. OBRAS DE CONSERVACIÓN EN PISTAS DE TENIS Y FÚTBOL;216;HORTALEZA;11;DEPORTES, JUVENTUD  Y ESPARCIMIENTO;01;POLIDEPORTIVOS;;;;;;;0;131413,97;131413,97;0;0;131413,97;131413,97;0;0;0;
;;001;216;34201;63599;2025/000209;2025/000209;EQUIPAMIENTO CENTROS DEPORTIVOS DEL DISTRITO HORTALEZA;216;HORTALEZA;11;DEPORTES, JUVENTUD  Y ESPARCIMIENTO;01;POLIDEPORTIVOS;;;;;;;20000;-19450,28;549,72;549,72;0;0;0;0;0;0;
;;001;216;34201;63600;2025/000209;2025/000209;EQUIPAMIENTO CENTROS DEPORTIVOS DEL DISTRITO HORTALEZA;216;HORTALEZA;11;DEPORTES, JUVENTUD  Y ESPARCIMIENTO;01;POLIDEPORTIVOS;;;;;;;0;94,25;94,25;94,25;0;0;0;0;0;0;
;;001;216;34201;63600;2025/000209;2025/010209;EQUIPAMIENTO CENTRO DEPORTIVO HORTALEZA;216;HORTALEZA;11;DEPORTES, JUVENTUD  Y ESPARCIMIENTO;01;POLIDEPORTIVOS;;;;;;;0;497,37;497,37;0;0;497,37;497,37;0;0;0;
;;001;216;34201;63600;2025/000209;2025/020209;EQUIPAMIENTO CENTRO DEPORTIVO LUIS ARAGONÉS;216;HORTALEZA;11;DEPORTES, JUVENTUD  Y ESPARCIMIENTO;01;POLIDEPORTIVOS;;;;;;;0;497,38;497,38;0;0;497,38;497,38;0;0;0;
;;001;216;34201;63999;2025/000209;2025/000209;EQUIPAMIENTO CENTROS DEPORTIVOS DEL DISTRITO HORTALEZA;216;HORTALEZA;11;DEPORTES, JUVENTUD  Y ESPARCIMIENTO;01;POLIDEPORTIVOS;;;;;;;8500;-8500;0;0;0;0;0;0;0;0;
;;001;216;92001;63500;2025/000213;2025/000213;EQUIPAMIENTO SERVICIOS ADMINISTRATIVOS DEL DISTRITO HORTALEZA;216;HORTALEZA;00;INVERSIONES DE CARÁCTER GENERAL;02;SERVICIOS ADMINISTRATIVOS  TERRITORIALES;;;;;;;4000;0;4000;4000;0;0;0;0;0;0;
;;001;216;93302;63200;2025/001342;2025/001342;CENTRO MUNICIPAL DE MAYORES NUESTRA SEÑORA DE LA MERCED. OBRAS REPARACIÓN CUBIERTA Y OTRAS MEJORAS;216;HORTALEZA;03;PROTECCIÓN Y PROMOCIÓN SOCIAL;01;CENTROS DE MAYORES;;;;;;;0;333500;333500;48615,85;0;284884,15;284884,15;0;0;0;
;;001;216;93302;63200;2025/001432;2025/001432;CENTRO CULTURAL HORTALEZA. OBRAS DE REFORMA Y ADECUACIÓN DE LA SALA DE CALDERAS;216;HORTALEZA;10;CULTURA;03;CENTROS CULTURALES;;;;;;;0;125000;125000;0,03;0;124999,97;124999,97;0;0;0;
;;001;216;93302;63200;2025/000228;2025/000228;OBRAS DE CONSERVACIÓN Y REFORMA DE EDIFICIOS DEL DISTRITO DE HORTALEZA;216;HORTALEZA;00;INVERSIONES DE CARÁCTER GENERAL;03;EDIFICIOS PARA EL USO GENERAL;;;;;;;120000;-113500;6500;6500;0;0;0;0;0;0;
5;FONDO DE REEQUILIBRIO TERRITORIAL;001;217;17102;61920;2024/004035;2024/004035;ÁREA INFANTIL Y DE EJERCICIO PARA MAYORES EN EL PARQUE INGENIEROS.OBRAS DE ADAPTACIÓN (ID 21: 19230);217;VILLAVERDE;09;MEDIO AMBIENTE;00;PARQUES;;;;;18;PRESUPUESTOS PARTICIPATIVOS;80000;1246,32;81246,32;0;0;81246,32;81246,32;81246,32;0;81246,32;
5;FONDO DE REEQUILIBRIO TERRITORIAL;001;217;17102;61920;2025/001040;2025/001040;PARQUE KATIUSKA, DISTRITO DE VILLAVERDE. OBRAS DE RESTAURACIÓN Y MEJORA;217;VILLAVERDE;09;MEDIO AMBIENTE;01;ZONAS AJARDINADAS;;;17;FONDO REEQUILIBRIO TERRITORIAL;;;0;895000;895000;0;0;895000;701676,66;214188,01;0;151948,07;
5;FONDO DE REEQUILIBRIO TERRITORIAL;001;217;17102;61920;2025/005006;2025/005006;ACCESO AL PASEO FLUVIAL DEL MANZANARES JUNTO C/ZAFIRO. ADECUACIÓN ZONA APARCAMIENTO(ID 21: 17881);217;VILLAVERDE;09;MEDIO AMBIENTE;00;PARQUES;;;;;18;PRESUPUESTOS PARTICIPATIVOS;225000;-1246,32;223753,68;20339,29;0;203414,39;203414,39;7410,51;0;0;
5;FONDO DE REEQUILIBRIO TERRITORIAL;001;217;17102;61921;2025/000037;2025/000037;ZONA VERDE C/LENGUAS C/V.SAN JENARO, BARRIO VILLAVERDE ALTO. ADECUACIÓN ZONA INFANTIL ADAPTADA;217;VILLAVERDE;09;MEDIO AMBIENTE;01;ZONAS AJARDINADAS;;;17;FONDO REEQUILIBRIO TERRITORIAL;;;149917;0;149917;16036,24;0;133880,76;133880,76;133880,76;0;133880,76;
5;FONDO DE REEQUILIBRIO TERRITORIAL;001;217;17102;61921;2025/000038;2025/000038;ZONA VERDE C/ AMERICIO, ÁMBITO VILLAVERDE BAJO. ADECUACIÓN Y MEJORA ZONA INFANTIL;217;VILLAVERDE;09;MEDIO AMBIENTE;01;ZONAS AJARDINADAS;;;17;FONDO REEQUILIBRIO TERRITORIAL;;;36076;0;36076;1289,45;0;34786,55;34786,55;34784,36;0;34784,36;
;;001;217;23102;62599;2025/000093;2025/000093;EQUIPAMIENTO CENTRO DE PROYECTOS SOCIALES VILLALONSO;217;VILLAVERDE;03;PROTECCIÓN Y PROMOCIÓN SOCIAL;03;INFANCIA Y FAMILIA;;;;;;;8500;0;8500;2977,32;0;5522,68;5522,68;0;0;0;
;;001;217;23102;62599;2025/000095;2025/000095;EQUIPAMIENTO CENTRO DE PROYECTOS SOCIALES NAVAS DE TOLOSA;217;VILLAVERDE;03;PROTECCIÓN Y PROMOCIÓN SOCIAL;03;INFANCIA Y FAMILIA;;;;;;;8500;0;8500;2724,51;0;5775,49;5775,49;0;0;0;
;;001;217;23103;62599;2025/000113;2025/000113;EQUIPAMIENTO CENTROS DE MAYORES DEL DISTRITO DE VILLAVERDE;217;VILLAVERDE;03;PROTECCIÓN Y PROMOCIÓN SOCIAL;01;CENTROS DE MAYORES;;;;;;;12800;-3092,2;9707,8;9707,8;0;0;0;0;0;0;
;;001;217;23103;62599;2025/000113;2025/010113;EQUIPAMIENTO CENTRO DE MAYORES NUESTRA SEÑORA DE LOS ÁNGELES;217;VILLAVERDE;03;PROTECCIÓN Y PROMOCIÓN SOCIAL;01;CENTROS DE MAYORES;;;;;;;0;797,4;797,4;0;0;797,4;797,4;0;0;0;
;;001;217;23103;62599;2025/000113;2025/020113;EQUIPAMIENTO CENTRO DE MAYORES MARÍA ZAMBRANO;217;VILLAVERDE;03;PROTECCIÓN Y PROMOCIÓN SOCIAL;01;CENTROS DE MAYORES;;;;;;;0;1892,47;1892,47;0;0;1892,47;1892,47;0;0;0;
;;001;217;23103;62599;2025/000113;2025/030113;EQUIPAMIENTO CENTRO DE MAYORES LA PLATANERA;217;VILLAVERDE;03;PROTECCIÓN Y PROMOCIÓN SOCIAL;01;CENTROS DE MAYORES;;;;;;;0;1171,03;1171,03;0;0;1171,03;1171,03;0;0;0;
;;001;217;23103;62599;2025/000113;2025/040113;EQUIPAMIENTO CENTRO DE MAYORES EDUARDO MINGUITO;217;VILLAVERDE;03;PROTECCIÓN Y PROMOCIÓN SOCIAL;01;CENTROS DE MAYORES;;;;;;;0;500,47;500,47;0;0;500,47;500,47;0;0;0;
;;001;217;23103;62599;2025/000113;2025/050113;EQUIPAMIENTO CENTRO DE MAYORES SAN LUCIANO;217;VILLAVERDE;03;PROTECCIÓN Y PROMOCIÓN SOCIAL;01;CENTROS DE MAYORES;;;;;;;0;1199,53;1199,53;0;0;1199,53;1199,53;0;0;0;
;;001;217;23103;62599;2025/000113;2025/060113;EQUIPAMIENTO CENTRO DE MAYORES JOSÉ ORTUÑO PONCE;217;VILLAVERDE;03;PROTECCIÓN Y PROMOCIÓN SOCIAL;01;CENTROS DE MAYORES;;;;;;;0;1384,18;1384,18;0;0;1384,18;1384,18;0;0;0;
;;001;217;23103;62599;2025/000113;2025/070113;EQUIPAMIENTO CENTRO DE MAYORES MIGUEL DELIBES;217;VILLAVERDE;03;PROTECCIÓN Y PROMOCIÓN SOCIAL;01;CENTROS DE MAYORES;;;;;;;0;586,62;586,62;0;0;586,62;586,62;0;0;0;
;;001;217;23103;62599;2025/000113;2025/080113;EQUIPAMIENTO CENTRO DE MAYORES VILLALONSO;217;VILLAVERDE;03;PROTECCIÓN Y PROMOCIÓN SOCIAL;01;CENTROS DE MAYORES;;;;;;;0;60,5;60,5;0;0;60,5;60,5;0;0;0;
;;001;217;32301;63200;2024/009043;2024/009043;COLEGIO PÚBLICO AZORÍN . OBRAS DE ADECUACIÓN VALLADO, ELIMINACIÓN DE BARRERAS Y OTRAS  DE MEJORA;217;VILLAVERDE;05;EDUCACIÓN;00;COLEGIOS;;;;;;;11746;0;11746;1223,88;0;10522,12;10522,12;10522,12;0;10522,12;
;;001;217;32301;63200;2025/001249;2025/001249;COLEGIO PÚBLICO DÁMASO ALONSO. OBRAS DE ACONDICIONAMIENTO INSTALACIÓN DE CALEFACCIÓN;217;VILLAVERDE;05;EDUCACIÓN;00;COLEGIOS;;;;;;;0;65000;65000;1700,63;0;63299,37;63299,37;54225,7;0;48808,4;
;;001;217;32301;63200;2025/001301;2025/001301;COLEGIO PÚBLICO NUESTRA SEÑORA DE LA LUZ. OBRAS DE ACONDICIONAMIENTO INSTALACIÓN DE CALEFACCIÓN;217;VILLAVERDE;05;EDUCACIÓN;00;COLEGIOS;;;;;;;0;80000;80000;1776,26;0;78223,74;78223,74;64924;0;64924;
;;001;217;32301;63200;2025/001302;2025/001302;COLEGIO PÚBLICO BARCELONA. OBRAS DE ACONDICIONAMIENTO INSTALACIÓN DE CALEFACCIÓN;217;VILLAVERDE;05;EDUCACIÓN;00;COLEGIOS;;;;;;;0;101000;101000;1612,45;0;99387,55;99387,55;82665,87;0;82665,87;
5;FONDO DE REEQUILIBRIO TERRITORIAL;001;217;32301;63200;2025/000039;2025/000039;COLEGIO PÚBLICO AZORÍN, Bº SAN CRISTÓBAL. OBRAS REHABILITACIÓN Y ADECUACIÓN DE CASETA ANEXA;217;VILLAVERDE;05;EDUCACIÓN;00;COLEGIOS;;;17;FONDO REEQUILIBRIO TERRITORIAL;;;69919;0;69919;12330,74;0;57588,26;57588,26;0;0;0;
5;FONDO DE REEQUILIBRIO TERRITORIAL;001;217;32301;63200;2025/000040;2025/000040;COLEGIO PÚBLICO ANTONIO NEBRIJA, VILLAVERDE BAJO. REHABILITACIÓN Y ADECUACIÓN CASETA;217;VILLAVERDE;05;EDUCACIÓN;00;COLEGIOS;;;17;FONDO REEQUILIBRIO TERRITORIAL;;;83842;0;83842;1412,64;0;82429,36;82429,36;16769,79;0;0;
;;001;217;33401;62599;2025/000403;2025/000403;EQUIPAMIENTO CENTROS CULTURALES DEL DISTRITO DE VILLAVERDE;217;VILLAVERDE;10;CULTURA;03;CENTROS CULTURALES;;;;;;;0;35156,92;35156,92;35156,92;0;0;0;0;0;0;
;;001;217;33401;62599;2025/000403;2025/010403;EQUIPAMIENTO CENTRO SOCIOCULTURAL MARTA ESCUDERO DÍAZ-TEJEIRO;217;VILLAVERDE;10;CULTURA;03;CENTROS CULTURALES;;;;;;;0;12543,08;12543,08;0;0;12543,08;12543,08;0;0;0;
;;001;217;34201;61999;2025/000161;2025/000161;DEPORTIVO BÁSICO ESTEFANITA. OBRAS DE ACONDICIONAMIENTO Y MEJORA;217;VILLAVERDE;11;DEPORTES, JUVENTUD  Y ESPARCIMIENTO;02;PISTAS DEPORTIVAS ELEMENTALES;;;;;;;98821;0;98821;165,59;0;98655,41;98655,41;71378,44;0;71378,44;
;;001;217;34201;61999;2025/001510;2025/001510;DEPORTIVO BÁSICO SKATE PLAZA DE LOS METALES. OBRAS DE VALLADO PERIMETRAL;217;VILLAVERDE;11;DEPORTES, JUVENTUD  Y ESPARCIMIENTO;02;PISTAS DEPORTIVAS ELEMENTALES;;;;;;;0;17700;17700;17700;0;0;0;0;0;0;
;;001;217;34201;62300;2025/001267;2025/001267;CENTRO DEPORTIVO PLATA Y CASTAÑAR. ELEVADOR ELÉCTRICO PARA PISCINA;217;VILLAVERDE;11;DEPORTES, JUVENTUD  Y ESPARCIMIENTO;01;POLIDEPORTIVOS;;;;;;;0;9074,39;9074,39;1285,84;0;7788,55;7788,55;0;0;0;
;;001;217;34201;62300;2025/001269;2025/001269;CENTRO DEPORTIVO EL ESPINILLO. ELEVADOR ELÉCTRICO PARA PISCINA;217;VILLAVERDE;11;DEPORTES, JUVENTUD  Y ESPARCIMIENTO;01;POLIDEPORTIVOS;;;;;;;0;9074,39;9074,39;1285,84;0;7788,55;7788,55;0;0;0;
;;001;217;34201;62300;2025/001270;2025/001270;CENTRO DEPORTIVO PLATA Y CASTAÑAR. MÁQUINAS DE FISIOTERAPIA;217;VILLAVERDE;11;DEPORTES, JUVENTUD  Y ESPARCIMIENTO;01;POLIDEPORTIVOS;;;;;;;0;30000;30000;4,1;1452;28543,9;28543,9;0;0;0;
;;001;217;34201;62599;2025/001271;2025/001271;CENTRO DEPORTIVO PLATA Y CASTAÑAR. TOLDOS DE SOMBRAS Y MESAS MERENDERO;217;VILLAVERDE;11;DEPORTES, JUVENTUD  Y ESPARCIMIENTO;01;POLIDEPORTIVOS;;;;;;;0;39640,39;39640,39;6244,39;0;33396;33396;0;0;0;
;;001;217;34201;62599;2025/001410;2025/001410;CENTRO DEPORTIVO PLATA Y CASTAÑAR. TAQUILLAS EN VESTUARIOS DE PERSONAL;217;VILLAVERDE;11;DEPORTES, JUVENTUD  Y ESPARCIMIENTO;01;POLIDEPORTIVOS;;;;;;;0;15000;15000;15000;0;0;0;0;0;0;
;;001;217;34201;62599;2025/001411;2025/001411;CENTRO DEPORTIVO EL ESPINILLO. ADQUISICIÓN DE ESTRUCTURA PARA ENTRENAMIENTO FUNCIONAL;217;VILLAVERDE;11;DEPORTES, JUVENTUD  Y ESPARCIMIENTO;01;POLIDEPORTIVOS;;;;;;;0;5959,61;5959,61;0;0;5959,61;5959,61;0;0;0;
;;001;217;34201;62599;2025/001508;2025/001508;CENTRO DEPORTIVO PLATA Y CASTAÑAR. BANCOS EN VESTUARIOS DE PERSONAL;217;VILLAVERDE;11;DEPORTES, JUVENTUD  Y ESPARCIMIENTO;01;POLIDEPORTIVOS;;;;;;;0;1600;1600;1600;0;0;0;0;0;0;
;;001;217;34201;63200;2025/001179;2025/001179;CENTRO DEPORTIVO FÉLIX RUBIO. SUSTITUCIÓN CÉSPED ARTIFICIAL CAMPOS DE FÚTBOL Y OTRAS MEJORAS;217;VILLAVERDE;11;DEPORTES, JUVENTUD  Y ESPARCIMIENTO;01;POLIDEPORTIVOS;;;;;;;0;465000;465000;3358,54;0;461641,46;461641,46;403726,52;0;403726,52;
;;001;217;34201;63200;2025/001384;2025/001384;DEPORTIVO BÁSICO COLONIA MARCONI. SUSTITUCIÓN CÉSPED ARTIFICIAL CAMPO DE FÚTBOL;217;VILLAVERDE;11;DEPORTES, JUVENTUD  Y ESPARCIMIENTO;02;PISTAS DEPORTIVAS ELEMENTALES;;;;;;;0;36000;36000;1490,59;0;34509,41;34509,41;0;0;0;
;;001;217;34201;63200;2025/001407;2025/001407;DEPORTIVO BÁSICO MARÍA DE VILLOTA. OBRAS DE INSTALACIÓN DE MARCADOR;217;VILLAVERDE;11;DEPORTES, JUVENTUD  Y ESPARCIMIENTO;02;PISTAS DEPORTIVAS ELEMENTALES;;;;;;;0;8500;8500;344,6;0;8155,4;8155,4;0;0;0;
;;001;217;34201;63200;2025/001409;2025/001409;DEPORTIVO BÁSICO DAVID DÍEZ DE LA CRUZ. OBRAS DE INSTALACIÓN DE MARCADOR;217;VILLAVERDE;11;DEPORTES, JUVENTUD  Y ESPARCIMIENTO;02;PISTAS DEPORTIVAS ELEMENTALES;;;;;;;0;8500;8500;344,6;0;8155,4;8155,4;0;0;0;
5;FONDO DE REEQUILIBRIO TERRITORIAL;001;217;34201;63200;2025/000041;2025/000041;CENTRO DEPORTIVO SAN CRISTÓBAL. OBRAS DE CLIMATIZACIÓN DE SALA;217;VILLAVERDE;11;DEPORTES, JUVENTUD  Y ESPARCIMIENTO;01;POLIDEPORTIVOS;;;17;FONDO REEQUILIBRIO TERRITORIAL;;;60000;0;60000;71,18;0;59928,82;59928,82;58836,89;0;58836,89;
5;FONDO DE REEQUILIBRIO TERRITORIAL;001;217;34201;63200;2025/000042;2025/000042;DEPORTIVO BÁSICO LOS ROSALES. ADECUACIÓN PISTA PUMPTRACK, ROCÓDROMO Y OTRAS;217;VILLAVERDE;11;DEPORTES, JUVENTUD  Y ESPARCIMIENTO;02;PISTAS DEPORTIVAS ELEMENTALES;;;17;FONDO REEQUILIBRIO TERRITORIAL;;;585000;0;585000;210850,75;0;374149,25;374149,25;374149,25;0;374149,25;
5;FONDO DE REEQUILIBRIO TERRITORIAL;001;217;34201;63200;2025/001041;2025/001041;CENTRO DEPORTIVO PLATA Y CASTAÑAR. CONSTRUCCIÓN  DE VESTUARIOS Y ASEOS EN ESPACIO LIBRE PARCELA;217;VILLAVERDE;11;DEPORTES, JUVENTUD  Y ESPARCIMIENTO;01;POLIDEPORTIVOS;;;17;FONDO REEQUILIBRIO TERRITORIAL;;;0;50000;50000;1,03;0;49998,97;49998,97;11851,3;0;11851,3;
;;001;217;34201;63901;2025/000409;2025/000409;CENTROS DEPORTIVOS DEL DISTRITO DE VILLAVERDE. SEÑALÉTICA;217;VILLAVERDE;11;DEPORTES, JUVENTUD  Y ESPARCIMIENTO;01;POLIDEPORTIVOS;;;;;;;0;16000;16000;16000;0;0;0;0;0;0;
;;001;217;92001;62500;2025/000288;2025/000288;EQUIPAMIENTO SERVICIOS ADMINISTRATIVOS DEL DISTRITO DE VILLAVERDE;217;VILLAVERDE;00;INVERSIONES DE CARÁCTER GENERAL;02;SERVICIOS ADMINISTRATIVOS  TERRITORIALES;;;;;;;14922;-14172;750;0;0;750;750;749,99;0;749,99;
;;001;217;92001;62599;2025/001319;2025/001319;SERVICIOS ADMINISTRATIVOS DEL DISTRITO DE VILLAVERDE.  EQUIPOS DE CLIMATIZACIÓN PORTÁTIL;217;VILLAVERDE;00;INVERSIONES DE CARÁCTER GENERAL;02;SERVICIOS ADMINISTRATIVOS  TERRITORIALES;;;;;;;0;16500;16500;9578,8;0;6921,2;6921,2;6921,2;0;6921,2;
;;001;217;93302;63200;2025/000169;2025/000169;EDIFICIO SEDE DISTRITO VILLAVERDE. ADECUACIÓN ESPACIOS Y OBRAS DE MEJORA;217;VILLAVERDE;00;INVERSIONES DE CARÁCTER GENERAL;02;SERVICIOS ADMINISTRATIVOS  TERRITORIALES;;;;;;;539151;-484826,36;54324,64;0;0;54324,64;54324,64;54324,64;0;54324,64;
;;001;217;93302;63200;2025/000289;2025/000289;EDIFICIO MULTIUSOS C/ ALBERTO PALACIOS. OBRAS DE MEJORA Y ACONDICIONAMIENTO;217;VILLAVERDE;00;INVERSIONES DE CARÁCTER GENERAL;03;EDIFICIOS PARA EL USO GENERAL;;;;;;;80000;-8331,29;71668,71;0;0;71668,71;71668,71;7218,27;0;0;
;;001;217;93302;63200;2025/000290;2025/000290;CENTRO CULTURAL BOHEMIOS. OBRAS DE MEJORA Y ACONDICIONAMIENTO;217;VILLAVERDE;10;CULTURA;03;CENTROS CULTURALES;;;;;;;160000;-1853,75;158146,25;0;0;158146,25;158146,25;0;0;0;
;;001;217;93302;63200;2025/000291;2025/000291;CENTRO DE MAYORES NUESTRA SEÑORA DE LOS ÁNGELES. OBRAS DE MEJORA Y ACONDICIONAMIENTO;217;VILLAVERDE;03;PROTECCIÓN Y PROMOCIÓN SOCIAL;01;CENTROS DE MAYORES;;;;;;;60000;-74,68;59925,32;0;0;59925,32;59925,32;56968,77;0;16755,28;
;;001;217;93302;63200;2025/001447;2025/001447;CENTRO DE MAYORES JOSÉ ORTUÑO PONCE. OBRAS DE MEJORA Y ACONDICIONAMIENTO;217;VILLAVERDE;03;PROTECCIÓN Y PROMOCIÓN SOCIAL;01;CENTROS DE MAYORES;;;;;;;0;30086,08;30086,08;198,38;0;29887,7;29887,7;0;0;0;
5;FONDO DE REEQUILIBRIO TERRITORIAL;001;217;93302;63200;2025/000043;2025/000043;CENTRO CINESIA. OBRAS DE INSONORIZACIÓN DE AULA;217;VILLAVERDE;12;OTROS BIENES PÚBLICOS DE CARÁCTER SOCIAL;01;PARTICIPACIÓN CIUDADANA;;;17;FONDO REEQUILIBRIO TERRITORIAL;;;65000;0;65000;5130,42;0;59869,58;59869,58;0;0;0;
5;FONDO DE REEQUILIBRIO TERRITORIAL;001;217;93302;63200;2025/000044;2025/000044;CENTRO SOCIOCULTURAL MARCONI, BARRIO VILLAVERDE ALTO. OBRAS INSONORIZACIÓN AULA JÓVEN;217;VILLAVERDE;10;CULTURA;03;CENTROS CULTURALES;;;17;FONDO REEQUILIBRIO TERRITORIAL;;;45000;-828,02;44171,98;0;0;44171,98;44171,98;25186,57;0;0;
5;FONDO DE REEQUILIBRIO TERRITORIAL;001;217;93302;63200;2025/000045;2025/000045;CENTRO CULTURAL SANTA PETRONILA, VILLAVERDE BAJO. ACONDICIONAMIENTO AULAS INSONORIZADAS;217;VILLAVERDE;10;CULTURA;03;CENTROS CULTURALES;;;17;FONDO REEQUILIBRIO TERRITORIAL;;;75000;0;75000;75000;0;0;0;0;0;0;
5;FONDO DE REEQUILIBRIO TERRITORIAL;001;217;93302;63200;2025/000050;2025/000050;COMPLEJO EDIFICIOS NAVAS DE TOLOSA. OBRAS RENATURALIZACIÓN Y REHABILITACIÓN;217;VILLAVERDE;00;INVERSIONES DE CARÁCTER GENERAL;03;EDIFICIOS PARA EL USO GENERAL;;;17;FONDO REEQUILIBRIO TERRITORIAL;;;1350000;0;1350000;0;0;1350000;1350000;205675,6;0;145801,65;
5;FONDO DE REEQUILIBRIO TERRITORIAL;001;218;15322;61910;2025/000001;2025/000001;ACERAS BARRIO DE SANTA EUGENIA. ACONDICIONAMIENTO PARA ELIMINACIÓN DE BARRERAS ARQUITECTÓNICAS;218;VILLA DE VALLECAS;08;MANTENIMIENTO URBANO;02;VÍAS PÚBLICAS;;;17;FONDO REEQUILIBRIO TERRITORIAL;;;41000;11478;52478;413,25;0;52064,75;52064,75;52064,75;0;52064,75;
5;FONDO DE REEQUILIBRIO TERRITORIAL;001;218;17102;61921;2025/001036;2025/001036;ZONA VERDE COLONIA VILDA, BARRIO CASCO HISTÓRICO VILLA DE VALLECAS. OBRAS DE REMODELACIÓN;218;VILLA DE VALLECAS;09;MEDIO AMBIENTE;01;ZONAS AJARDINADAS;;;17;FONDO REEQUILIBRIO TERRITORIAL;;;0;200000;200000;0;0;200000;200000;0;0;0;
5;FONDO DE REEQUILIBRIO TERRITORIAL;001;218;17102;61921;2025/001263;2025/001263;ZONA VERDE ENTRE C/MALPICA DEL TAJO Y FUENTIDUEÑA. OBRAS DE REMODELACIÓN Y MEJORA;218;VILLA DE VALLECAS;09;MEDIO AMBIENTE;01;ZONAS AJARDINADAS;;;17;FONDO REEQUILIBRIO TERRITORIAL;;;0;30000;30000;0;0;30000;30000;0;0;0;
5;FONDO DE REEQUILIBRIO TERRITORIAL;001;218;17102;61921;2025/001264;2025/001264;ZONA VERDE C/ PEÑA CERVERA, 6-12. REMODELACIÓN DE PARTERRES LATERALES;218;VILLA DE VALLECAS;09;MEDIO AMBIENTE;01;ZONAS AJARDINADAS;;;17;FONDO REEQUILIBRIO TERRITORIAL;;;0;80000;80000;0;0;80000;80000;0;0;0;
5;FONDO DE REEQUILIBRIO TERRITORIAL;001;218;17102;61921;2025/001265;2025/001265;ZONA VERDE ENTRE C/CARRASCA Y PUERTO LUMBRALES. OBRAS DE REMODELACIÓN Y MEJORA;218;VILLA DE VALLECAS;09;MEDIO AMBIENTE;01;ZONAS AJARDINADAS;;;17;FONDO REEQUILIBRIO TERRITORIAL;;;0;75000;75000;0;0;75000;75000;0;0;0;
;;001;218;23103;62599;2025/001046;2025/001046;EQUIPAMIENTO CENTRO DE MAYORES SANTA EUGENIA;218;VILLA DE VALLECAS;03;PROTECCIÓN Y PROMOCIÓN SOCIAL;01;CENTROS DE MAYORES;;;;;;;0;2200;2200;584,04;0;1615,96;1615,96;1615,96;0;1615,96;
;;001;218;23103;62599;2025/001047;2025/001047;EQUIPAMIENTO CENTRO DE MAYORES VILLA DE VALLECAS;218;VILLA DE VALLECAS;03;PROTECCIÓN Y PROMOCIÓN SOCIAL;01;CENTROS DE MAYORES;;;;;;;0;2200;2200;584,03;0;1615,97;1615,97;1615,97;0;1615,97;
;;001;218;23103;63599;2025/001046;2025/001046;EQUIPAMIENTO CENTRO DE MAYORES SANTA EUGENIA;218;VILLA DE VALLECAS;03;PROTECCIÓN Y PROMOCIÓN SOCIAL;01;CENTROS DE MAYORES;;;;;;;0;11871,86;11871,86;0;0;11871,86;11871,86;11871,86;0;11871,86;
;;001;218;23103;63599;2025/001047;2025/001047;EQUIPAMIENTO CENTRO DE MAYORES VILLA DE VALLECAS;218;VILLA DE VALLECAS;03;PROTECCIÓN Y PROMOCIÓN SOCIAL;01;CENTROS DE MAYORES;;;;;;;0;442,14;442,14;53,14;0;389;389;0;0;0;
;;001;218;23106;63599;2025/001259;2025/001259;EQUIPAMIENTO CENTRO DE SERVICIOS SOCIALES MARÍA DE ECHARRI Y MARTÍNEZ;218;VILLA DE VALLECAS;03;PROTECCIÓN Y PROMOCIÓN SOCIAL;02;CENTROS DE SERVICIOS SOCIALES;;;;;;;0;120;120;1;0;119;119;119;0;119;
;;001;218;32301;63200;2025/000128;2025/000128;OBRAS DE CONSERVACIÓN EN CENTROS DOCENTES DE ENSEÑANZA DEL DISTRITO DE VILLA DE VALLECAS;218;VILLA DE VALLECAS;05;EDUCACIÓN;00;COLEGIOS;;;;;;;140000;-138252,98;1747,02;1747,02;0;0;0;0;0;0;
;;001;218;32301;63200;2025/000128;2025/010128;COLEGIO PÚBLICO JOSÉ DE ECHEGARAY. OBRAS DE CONSERVACIÓN Y MEJORA;218;VILLA DE VALLECAS;05;EDUCACIÓN;00;COLEGIOS;;;;;;;0;6499,54;6499,54;0;0;6499,54;6499,54;6499,54;0;6499,54;
;;001;218;32301;63200;2025/000128;2025/020128;COLEGIO PÚBLICO HONDURAS. OBRAS DE INSTALACIÓN DE SOLADOS EN COMEDOR;218;VILLA DE VALLECAS;05;EDUCACIÓN;00;COLEGIOS;;;;;;;0;6901,92;6901,92;0;0;6901,92;6901,92;6901,92;0;6901,92;
;;001;218;32301;63200;2025/000128;2025/030128;COLEGIO PÚBLICO CIUDAD DE VALENCIA. OBRAS DE ADECUACIÓN DE LA INSTALACIÓN ANTIINTRUSIÓN;218;VILLA DE VALLECAS;05;EDUCACIÓN;00;COLEGIOS;;;;;;;0;19557,2;19557,2;0;0;19557,2;19557,2;19557,2;0;19557,2;
;;001;218;32301;63200;2025/000128;2025/040128;COLEGIO PÚBLICO FRANCISCO FATÓU. OBRAS DE ADECUACIÓN DEL PATIO;218;VILLA DE VALLECAS;05;EDUCACIÓN;00;COLEGIOS;;;;;;;0;20884,86;20884,86;0;0;20884,86;20884,86;20884,86;0;20884,86;
;;001;218;32301;63200;2025/000128;2025/050128;COLEGIO PÚBLICO LOYOLA DE PALACIO. OBRAS DE CONSERVACIÓN;218;VILLA DE VALLECAS;05;EDUCACIÓN;00;COLEGIOS;;;;;;;0;3390,19;3390,19;0;0;3390,19;3390,19;3378,43;0;3378,43;
;;001;218;32301;63200;2025/000128;2025/060128;COLEGIO PÚBLICO LOYOLA DE PALACIO. ADECUACIÓN DE LA INSTALACIÓN ELÉCTRICA;218;VILLA DE VALLECAS;05;EDUCACIÓN;00;COLEGIOS;;;;;;;0;25330,79;25330,79;0;0;25330,79;25330,79;25330,79;0;25330,79;
;;001;218;32301;63200;2025/000128;2025/070128;ESCUELA INFANTIL LOS SOBRINOS DEL CAPITÁN GRANT. OBRAS CONSERVACIÓN INSTALACIÓN ELÉCTRICA;218;VILLA DE VALLECAS;05;EDUCACIÓN;01;ESCUELAS INFANTILES;;;;;;;0;4860,42;4860,42;0;0;4860,42;4860,42;4860,42;0;4860,42;
;;001;218;32301;63200;2025/000128;2025/080128;COLEGIO PÚBLICO EL QUIJOTE. OBRAS DE CONSERVACIÓN;218;VILLA DE VALLECAS;05;EDUCACIÓN;00;COLEGIOS;;;;;;;0;10616,25;10616,25;0;0;10616,25;10616,25;10616,25;0;10616,25;
;;001;218;32301;63200;2025/000128;2025/090128;COLEGIO PÚBLICO AGUSTIN RODRÍGUEZ SAHAGÚN. OBRAS DE MEJORA DE VESTUARIOS Y ALMACÉN;218;VILLA DE VALLECAS;05;EDUCACIÓN;00;COLEGIOS;;;;;;;0;40211,81;40211,81;0;0;40211,81;40211,81;39171,25;0;38263,28;
4;SC Y CE FINANC. CON RTG;001;218;32301;63200;2025/008015;2025/008015;COLEGIO PÚBLICO JUAN GRIS. ADAPTACIÓN NORMATIVA, CERRAJERÍA Y OTRAS DE CONSERVACIÓN;218;VILLA DE VALLECAS;05;EDUCACIÓN;00;COLEGIOS;;;;;;;0;350000;350000;563,85;0;349436,15;349436,15;252958,6;0;252958,6;
4;SC Y CE FINANC. CON RTG;001;218;32301;63200;2025/008016;2025/008016;COLEGIO PÚBLICO BLAS DE OTERO. ADAPTACIÓN ASEOS, INSTALACIONES Y OTRAS DE CONSERVACIÓN;218;VILLA DE VALLECAS;05;EDUCACIÓN;00;COLEGIOS;;;;;;;0;350000;350000;31275,97;0;318724,03;318724,03;258526,85;0;258526,85;
4;SC Y CE FINANC. CON RTG;001;218;32301;63200;2025/008017;2025/008017;COLEGIO PÚBLICO HONDURAS. SUSTITUCIÓN LUMINARIAS POR LED, CONSERVACIÓN PARAMENTOS Y OTRAS;218;VILLA DE VALLECAS;05;EDUCACIÓN;00;COLEGIOS;;;;;;;0;350000;350000;721,08;0;349278,92;349278,92;287364,73;0;285540,63;
4;SC Y CE FINANC. CON RTG;001;218;32301;63200;2025/008018;2025/008018;COLEGIO PÚBLICO AGUSTÍN RODRÍGUEZ SAHAGÚN. CONSERVACIÓN GIMNASIO Y VESTUARIOS Y ACCESIBILIDAD;218;VILLA DE VALLECAS;05;EDUCACIÓN;00;COLEGIOS;;;;;;;0;100000;100000;2838,78;0;97161,22;97161,22;52990,81;0;52990,81;
;;001;218;33401;62500;2025/000313;2025/000313;EQUIPAMIENTO NUEVO CENTRO CULTURAL ENSANCHE DE VALLECAS, AV. DE LA GAVIA, 55;218;VILLA DE VALLECAS;10;CULTURA;03;CENTROS CULTURALES;;;;;;;42000;-2355,56;39644,44;0;16062,75;23581,69;23581,69;0;0;0;
;;001;218;33401;62599;2025/000313;2025/000313;EQUIPAMIENTO NUEVO CENTRO CULTURAL ENSANCHE DE VALLECAS, AV. DE LA GAVIA, 55;218;VILLA DE VALLECAS;10;CULTURA;03;CENTROS CULTURALES;;;;;;;223000;-5460,77;217539,23;0;105559,14;111980,09;111980,09;0;0;0;
;;001;218;33401;62901;2025/000314;2025/000314;NUEVO CENTRO CULTURAL ENSANCHE DE VALLECAS, AV. DE LA GAVIA, 55. SEÑALÉTICA;218;VILLA DE VALLECAS;10;CULTURA;03;CENTROS CULTURALES;;;;;;;10000;-1955,22;8044,78;0;3941,95;4102,83;4102,83;0;0;0;
;;001;218;33401;62999;2025/000313;2025/000313;EQUIPAMIENTO NUEVO CENTRO CULTURAL ENSANCHE DE VALLECAS, AV. DE LA GAVIA, 55;218;VILLA DE VALLECAS;10;CULTURA;03;CENTROS CULTURALES;;;;;;;40000;125000;165000;43402,05;54998,73;66599,22;66599,22;0;0;0;
;;001;218;33401;63999;2025/001022;2025/001022;CENTRO CULTURAL ZAZUAR. EQUIPO DE ILUMINACIÓN Y SONIDO;218;VILLA DE VALLECAS;10;CULTURA;03;CENTROS CULTURALES;;;;;;;0;17500;17500;1867,01;0;15632,99;15632,99;15632,99;0;15632,99;
;;001;218;34201;63200;2025/000130;2025/150130;CENTRO DEPORTIVO CERRO ALMODÓVAR. OBRAS DE SUSTITUCIÓN EQUIPOS DE CONTROL PISCINAS DE VERANO;218;VILLA DE VALLECAS;11;DEPORTES, JUVENTUD  Y ESPARCIMIENTO;01;POLIDEPORTIVOS;;;;;;;0;27345,33;27345,33;0;0;27345,33;27345,33;26663,92;0;26663,92;
;;001;218;34201;63200;2025/000130;2025/160130;DEPORTIVO BÁSICO PISTA SKATE EN PARQUE VALLECAS VILLA. OBRAS REPOSICIÓN VALLADO;218;VILLA DE VALLECAS;11;DEPORTES, JUVENTUD  Y ESPARCIMIENTO;02;PISTAS DEPORTIVAS ELEMENTALES;;;;;;;0;1591,73;1591,73;0;0;1591,73;1591,73;0;0;0;
;;001;218;34201;63500;2025/001135;2025/001135;EQUIPAMIENTO CENTRO DEPORTIVO CERRO ALMODÓVAR;218;VILLA DE VALLECAS;11;DEPORTES, JUVENTUD  Y ESPARCIMIENTO;01;POLIDEPORTIVOS;;;;;;;0;320;320;1,77;0;318,23;318,23;0;0;0;
;;001;218;34201;63599;2025/001135;2025/001135;EQUIPAMIENTO CENTRO DEPORTIVO CERRO ALMODÓVAR;218;VILLA DE VALLECAS;11;DEPORTES, JUVENTUD  Y ESPARCIMIENTO;01;POLIDEPORTIVOS;;;;;;;0;2580;2580;9,96;0;2570,04;2570,04;0;0;0;
5;FONDO DE REEQUILIBRIO TERRITORIAL;001;218;34201;61999;2025/001026;2025/001026;DEPORTIVO BÁSICO SANTA EUGENIA. REMODELACIÓN Y AMPLIACIÓN VESTUARIOS Y ACERAS PERIMETRALES;218;VILLA DE VALLECAS;11;DEPORTES, JUVENTUD  Y ESPARCIMIENTO;02;PISTAS DEPORTIVAS ELEMENTALES;;;17;FONDO REEQUILIBRIO TERRITORIAL;;;0;975000;975000;9712,32;0;965287,68;965287,68;337290,02;0;337290,02;
;;001;218;34201;62999;2025/001021;2025/001021;CENTRO DEPORTIVO JUAN DE DIOS ROMÁN. PULSERAS ELECTRÓNICAS PARA ACCESO;218;VILLA DE VALLECAS;11;DEPORTES, JUVENTUD  Y ESPARCIMIENTO;01;POLIDEPORTIVOS;;;;;;;0;18148;18148;0;0;18148;18148;18147,94;0;18147,94;
;;001;218;34201;62999;2025/001080;2025/001080;CENTRO DEPORTIVO CERRO ALMODÓVAR. CERRAMIENTO PERIMETRAL PARA PISTA VOLEY PLAYA;218;VILLA DE VALLECAS;11;DEPORTES, JUVENTUD  Y ESPARCIMIENTO;01;POLIDEPORTIVOS;;;;;;;0;8409,5;8409,5;0;0;8409,5;8409,5;8409,5;0;8409,5;
;;001;218;34201;62999;2025/001135;2025/001135;EQUIPAMIENTO CENTRO DEPORTIVO CERRO ALMODÓVAR;218;VILLA DE VALLECAS;11;DEPORTES, JUVENTUD  Y ESPARCIMIENTO;01;POLIDEPORTIVOS;;;;;;;0;1515,36;1515,36;0;0;1515,36;1515,36;1515,36;0;1515,36;
;;001;218;34201;62999;2025/001207;2025/001207;CENTRO DEPORTIVO CERRO ALMODÓVAR. INSTALACIÓN DE PLACA CONMEMORATIVA DEL CINCUENTENARIO;218;VILLA DE VALLECAS;11;DEPORTES, JUVENTUD  Y ESPARCIMIENTO;01;POLIDEPORTIVOS;;;;;;;0;949,64;949,64;46,01;0;903,63;903,63;901,63;0;901,63;
;;001;218;34201;63200;2024/000061;2024/020061;DEPORTIVO BÁSICO MINIPISTA AVENIDA CERRO MILANO. ACOMETIDA ELÉCTRICA Y OTRAS MEJORAS;218;VILLA DE VALLECAS;11;DEPORTES, JUVENTUD  Y ESPARCIMIENTO;02;PISTAS DEPORTIVAS ELEMENTALES;;;;;;;0;1114,82;1114,82;0;0;1114,82;1114,82;32,01;0;32,01;
;;001;218;34201;63200;2025/000130;2025/000130;OBRAS DE CONSERVACIÓN DE INSTALACIONES DEPORTIVAS DEL DISTRITO VILLA DE VALLECAS;218;VILLA DE VALLECAS;11;DEPORTES, JUVENTUD  Y ESPARCIMIENTO;01;POLIDEPORTIVOS;;;;;;;75000;-63766,22;11233,78;11233,78;0;0;0;0;0;0;
;;001;218;34201;63200;2025/000130;2025/010130;INSTALACIÓN DEPORTIVA BÁSICA AVENIDA DEL ENSANCHE DE VALLECAS. ADECUACIÓN DEL VALLADO PERIMETRAL;218;VILLA DE VALLECAS;11;DEPORTES, JUVENTUD  Y ESPARCIMIENTO;02;PISTAS DEPORTIVAS ELEMENTALES;;;;;;;0;4988,48;4988,48;0;0;4988,48;4988,48;4988,48;0;4988,48;
;;001;218;34201;63200;2025/000130;2025/020130;INSTALACIÓN DEPORTIVA BÁSICA UVA DE VALLECAS. OBRAS DE AMPLIACION DEL VALLADO PERIMETRAL;218;VILLA DE VALLECAS;11;DEPORTES, JUVENTUD  Y ESPARCIMIENTO;02;PISTAS DEPORTIVAS ELEMENTALES;;;;;;;0;3387,85;3387,85;0;0;3387,85;3387,85;3387,85;0;3387,85;
;;001;218;34201;63200;2025/000130;2025/030130;INSTALACIÓN DEPORTIVA BÁSICA ALTO DEL RETIRO. OBRAS DE SUSTITUCIÓN DE PROYECTORES POR LUMINARIAS LED;218;VILLA DE VALLECAS;11;DEPORTES, JUVENTUD  Y ESPARCIMIENTO;02;PISTAS DEPORTIVAS ELEMENTALES;;;;;;;0;20829,4;20829,4;0;0;20829,4;20829,4;20829,4;0;20829,4;
;;001;218;34201;63200;2025/000130;2025/040130;INSTALACIÓN DEPORTIVA BÁSICA PEÑARANDA BRACAMONTE. OBRAS SUSTITUCIÓN PROYECTORES POR LUMINARIAS LED;218;VILLA DE VALLECAS;11;DEPORTES, JUVENTUD  Y ESPARCIMIENTO;02;PISTAS DEPORTIVAS ELEMENTALES;;;;;;;0;20828,74;20828,74;0;0;20828,74;20828,74;20828,74;0;20828,74;
;;001;218;34201;63200;2025/000130;2025/050130;INSTALACIÓN DEPORTIVA BÁSICA LA UNIÓN. OBRAS DE INSTALACIÓN DE REDES PARABALONES;218;VILLA DE VALLECAS;11;DEPORTES, JUVENTUD  Y ESPARCIMIENTO;02;PISTAS DEPORTIVAS ELEMENTALES;;;;;;;0;15841,1;15841,1;0;0;15841,1;15841,1;15827,38;0;15827,38;
;;001;218;34201;63200;2025/000130;2025/070130;DEPORTIVO BÁSICO EDUARDO CHILLIDA. OBRAS DE MEDIDAS DE PROTECCIÓN EN VALLADO;218;VILLA DE VALLECAS;11;DEPORTES, JUVENTUD  Y ESPARCIMIENTO;02;PISTAS DEPORTIVAS ELEMENTALES;;;;;;;0;9278,03;9278,03;0;0;9278,03;9278,03;9278,03;0;9278,03;
;;001;218;34201;63200;2025/000130;2025/080130;DEPORTIVO BÁSICO PARROQUIA SANTA EUGENIA. ADAPTACIÓN INSTALACIÓN ELÉCTRICA Y LUMINARIAS LED;218;VILLA DE VALLECAS;11;DEPORTES, JUVENTUD  Y ESPARCIMIENTO;02;PISTAS DEPORTIVAS ELEMENTALES;;;;;;;0;12947,91;12947,91;0;0;12947,91;12947,91;12947,91;0;12947,91;
;;001;218;34201;63200;2025/000130;2025/090130;CENTRO DEPORTIVO MIGUEL GUILLÉN PRIM. OBRAS DE ADECUACIÓN ZONAS EXTERIORES DE VESTUARIOS Y GRADAS;218;VILLA DE VALLECAS;11;DEPORTES, JUVENTUD  Y ESPARCIMIENTO;01;POLIDEPORTIVOS;;;;;;;0;41786,32;41786,32;0;0;41786,32;41786,32;41786,32;0;41786,32;
;;001;218;34201;63200;2025/000130;2025/100130;DEPORTIVO BÁSICO EMBALSE DE SAN JUAN. OBRAS DE REPARACIÓN;218;VILLA DE VALLECAS;11;DEPORTES, JUVENTUD  Y ESPARCIMIENTO;02;PISTAS DEPORTIVAS ELEMENTALES;;;;;;;0;4483,86;4483,86;0;0;4483,86;4483,86;4483,86;0;4483,86;
;;001;218;34201;63200;2025/000130;2025/110130;CENTRO DEPORTIVO CERRO ALMODÓVAR. ADECUACIÓN A NORMATIVA GESTIÓN SOSTENIBLE AGUA Y RIESGOS LABORALES;218;VILLA DE VALLECAS;11;DEPORTES, JUVENTUD  Y ESPARCIMIENTO;01;POLIDEPORTIVOS;;;;;;;0;18798,68;18798,68;0;0;18798,68;18798,68;18759,03;0;18759,03;
;;001;218;34201;63200;2025/000130;2025/120130;DEPORTIVO BÁSICO NUESTRA SEÑORA DE LA TORRE. OBRAS ADECUACIÓN DE CERRAMIENTO;218;VILLA DE VALLECAS;11;DEPORTES, JUVENTUD  Y ESPARCIMIENTO;02;PISTAS DEPORTIVAS ELEMENTALES;;;;;;;0;15647,72;15647,72;0;0;15647,72;15647,72;15608,07;0;15608,07;
;;001;218;34201;63200;2025/000130;2025/130130;CENTRO DEPORTIVO CERRO ALMODÓVAR. OBRAS ADECUACIÓN TAQUILLA ATENCIÓN PÚBLICO Y OFFICE PARA PERSONAL;218;VILLA DE VALLECAS;11;DEPORTES, JUVENTUD  Y ESPARCIMIENTO;01;POLIDEPORTIVOS;;;;;;;0;36309,08;36309,08;0;0;36309,08;36309,08;36309,08;0;36309,08;
;;001;218;34201;63200;2025/000130;2025/140130;CENTRO DEPORTIVO CERRO ALMODÓVAR. OBRAS DE SUSTITUCIÓN EQUIPOS DE CONTROL PISCINAS CLIMATIZADAS;218;VILLA DE VALLECAS;11;DEPORTES, JUVENTUD  Y ESPARCIMIENTO;01;POLIDEPORTIVOS;;;;;;;0;26322,57;26322,57;0;0;26322,57;26322,57;26322,57;0;26322,57;
;;001;218;91220;62599;2025/001260;2025/001260;SERVICIOS CONCEJALÍA-PRESIDENCIA DEL DISTRITO VILLA DE VALLECAS. OTRO MOBILIARIO Y ENSERES;218;VILLA DE VALLECAS;00;INVERSIONES DE CARÁCTER GENERAL;02;SERVICIOS ADMINISTRATIVOS  TERRITORIALES;;;;;;;0;120;120;1;0;119;119;119;0;119;
;;001;218;92001;62999;2025/001018;2025/001018;EQUIPAMIENTO DE LOS SERVICIOS ADMINISTRATIVOS DEL DISTRITO DE VILLA DE VALLECAS;218;VILLA DE VALLECAS;00;INVERSIONES DE CARÁCTER GENERAL;02;SERVICIOS ADMINISTRATIVOS  TERRITORIALES;;;;;;;0;5200;5200;131,26;0;5068,74;5068,74;4938,06;0;4938,06;
;;001;218;93302;63200;2025/000131;2025/000131;OBRAS DE CONSERVACIÓN DE EDIFICIOS DEL DISTRITO DE VILLA DE VALLECAS;218;VILLA DE VALLECAS;00;INVERSIONES DE CARÁCTER GENERAL;03;EDIFICIOS PARA EL USO GENERAL;;;;;;;75000;-73352,33;1647,67;1647,67;0;0;0;0;0;0;
;;001;218;93302;63200;2025/000131;2025/010131;EDIFICIO SEDE DISTRITO VILLA DE VALLECAS. OBRAS DE INSTALACIÓN DE CLIMATIZACIÓN;218;VILLA DE VALLECAS;00;INVERSIONES DE CARÁCTER GENERAL;02;SERVICIOS ADMINISTRATIVOS  TERRITORIALES;;;;;;;0;10121,93;10121,93;0;0;10121,93;10121,93;10121,93;0;10121,93;
;;001;218;93302;63200;2025/000131;2025/020131;CENTRO DE MAYORES VILLA DE VALLECAS. OBRAS DE INSTALACIÓN DE PUERTA AUTOMÁTICA Y CIERRE;218;VILLA DE VALLECAS;03;PROTECCIÓN Y PROMOCIÓN SOCIAL;01;CENTROS DE MAYORES;;;;;;;0;9763,36;9763,36;0;0;9763,36;9763,36;9763,36;0;9763,36;
;;001;218;93302;63200;2025/000131;2025/030131;CENTRO CULTURAL ZAZUAR. OBRAS DE ADECUACIÓN DEL SALÓN DE ACTOS;218;VILLA DE VALLECAS;10;CULTURA;03;CENTROS CULTURALES;;;;;;;0;5206,88;5206,88;0;0;5206,88;5206,88;5187,28;0;5187,28;
;;001;218;93302;63200;2025/000131;2025/040131;CENTRO DE MAYORES SANTA EUGENIA. OBRAS INSTALACIÓN PUERTA AUTOMÁTICA Y REFORMA INSTALACIÓN GAS;218;VILLA DE VALLECAS;03;PROTECCIÓN Y PROMOCIÓN SOCIAL;01;CENTROS DE MAYORES;;;;;;;0;18930,33;18930,33;0;0;18930,33;18930,33;18930,33;0;18930,33;
;;001;218;93302;63200;2025/000131;2025/050131;CENTRO DE MAYORES VILLA DE VALLECAS. OBRAS DE ADECUACIÓN DE LA INSTALACIÓN ELÉCTRICA;218;VILLA DE VALLECAS;03;PROTECCIÓN Y PROMOCIÓN SOCIAL;01;CENTROS DE MAYORES;;;;;;;0;15822,12;15822,12;0;0;15822,12;15822,12;15817,93;0;15817,93;
;;001;218;93302;63200;2025/000131;2025/060131;CENTRO JUVENIL EL SITIO DE MI RECREO. OBRAS DE ADECUACIÓN DE LA INSTALACIÓN ELÉCTRICA;218;VILLA DE VALLECAS;11;DEPORTES, JUVENTUD  Y ESPARCIMIENTO;03;CENTROS JUVENILES;;;;;;;0;5836,02;5836,02;0;0;5836,02;5836,02;5836,02;0;5836,02;
;;001;218;93302;63200;2025/000131;2025/070131;EDIFICIO SEDE DISTRITO VILLA DE VALLECAS. OBRAS DE ADECUACIÓN DE INSTALACIÓN ELÉCTRICA;218;VILLA DE VALLECAS;00;INVERSIONES DE CARÁCTER GENERAL;02;SERVICIOS ADMINISTRATIVOS  TERRITORIALES;;;;;;;0;28968,4;28968,4;0;0;28968,4;28968,4;28968,4;0;28968,4;
;;001;218;93302;63200;2025/000131;2025/080131;CENTRO SOCIOCULTURAL FRANCISCO FATOU. OBRAS DE CONSERVACIÓN DE LA INSTALACIÓN ELÉCTRICA;218;VILLA DE VALLECAS;10;CULTURA;03;CENTROS CULTURALES;;;;;;;0;8354,42;8354,42;0;0;8354,42;8354,42;0;0;0;
;;001;219;17102;61999;2024/001233;2024/001233;PARQUE LAGO VAN. REMODELACIÓN Y ADECUACIÓN DE ZONA TERRIZA;219;VICALVARO;09;MEDIO AMBIENTE;00;PARQUES;;;17;FONDO REEQUILIBRIO TERRITORIAL;;;0;330;330;10,15;0;319,85;319,85;319,85;0;319,85;
;;001;219;23103;62301;2025/001240;2025/001240;CENTRO DE MAYORES DAROCA. INSTALACIÓN DE EQUIPOS DE MONITORIZACIÓN ENERGÉTICA;219;VICALVARO;03;PROTECCIÓN Y PROMOCIÓN SOCIAL;01;CENTROS DE MAYORES;;;;;;;0;6210;6210;1861,4;0;4348,6;4348,6;0;0;0;
;;001;219;23103;62599;2025/000060;2025/000060;EQUIPAMIENTO CENTROS DE MAYORES DEL DISTRITO DE VICÁLVARO;219;VICALVARO;03;PROTECCIÓN Y PROMOCIÓN SOCIAL;01;CENTROS DE MAYORES;;;;;;;4000;0;4000;4000;0;0;0;0;0;0;
;;001;219;23103;62901;2025/001475;2025/001475;CENTROS DE MAYORES DISTRITO VICÁLVARO. PLACA INFORMATIVA ACCESIBILIDAD CON FINANCIACIÓN EUROPEA;219;VICALVARO;03;PROTECCIÓN Y PROMOCIÓN SOCIAL;01;CENTROS DE MAYORES;;;;;;;0;280;280;18,23;0;261,77;261,77;0;0;0;
;;001;219;23103;63300;2025/000060;2025/000060;EQUIPAMIENTO CENTROS DE MAYORES DEL DISTRITO DE VICÁLVARO;219;VICALVARO;03;PROTECCIÓN Y PROMOCIÓN SOCIAL;01;CENTROS DE MAYORES;;;;;;;0;27,25;27,25;27,25;0;0;0;0;0;0;
;;001;219;23103;63300;2025/000060;2025/010060;EQUIPAMIENTO CENTRO DE MAYORES DAROCA;219;VICALVARO;03;PROTECCIÓN Y PROMOCIÓN SOCIAL;01;CENTROS DE MAYORES;;;;;;;0;453,75;453,75;0;0;453,75;453,75;453,75;0;453,75;
;;001;219;23103;63300;2025/000060;2025/020060;EQUIPAMIENTO CENTRO DE MAYORES EL ALMENDRO;219;VICALVARO;03;PROTECCIÓN Y PROMOCIÓN SOCIAL;01;CENTROS DE MAYORES;;;;;;;0;1089;1089;0;0;1089;1089;1089;0;1089;
;;001;219;23106;62301;2025/001239;2025/001239;CENTRO DE ACOGIDA JUAN LUIS VIVES. INSTALACIÓN DE EQUIPOS DE MONITORIZACIÓN ENERGÉTICA;219;VICALVARO;03;PROTECCIÓN Y PROMOCIÓN SOCIAL;06;PERSONAS SIN HOGAR;;;;;;;0;6210;6210;1861,41;0;4348,59;4348,59;0;0;0;
;;001;219;31101;63599;2025/001235;2025/001235;EQUIPAMIENTO SERVICIOS DE SALUBRIDAD PÚBLICA DEL DISTRITO DE VICÁLVARO;219;VICALVARO;04;SALUD PÚBLICA;02;HIGIENE;;;;;;;0;1000;1000;2,59;0;997,41;997,41;997,41;0;997,41;
;;001;219;32301;63200;2022/000004;2022/000004;OBRAS DE CONSERVACIÓN CENTROS DOCENTES DE ENSEÑANZA DISTRITO DE VICÁLVARO;219;VICALVARO;05;EDUCACIÓN;00;COLEGIOS;;;;;;;0;10,7;10,7;10,7;0;0;0;0;0;0;
;;001;219;32301;63200;2022/000004;2022/060004;ESCUELA INFANTIL VICÁLVARO. OBRAS DE MEJORA INSTALACIÓN ELÉCTRICA;219;VICALVARO;05;EDUCACIÓN;01;ESCUELAS INFANTILES;;;;;;;0;129,28;129,28;0;0;129,28;129,28;129,28;0;129,28;
;;001;219;32301;63200;2022/000004;2022/070004;ESCUELA INFANTIL EL AMANECER. OBRAS DE SUSTITUCIÓN SISTEMA PORTERO AUTOMÁTICO Y OTRAS MEDIDAS;219;VICALVARO;05;EDUCACIÓN;01;ESCUELAS INFANTILES;;;;;;;0;428,44;428,44;0;0;428,44;428,44;428,44;0;428,44;
;;001;219;32301;63200;2022/000004;2022/080004;ESCUELA INFANTIL MOLINOS DE VIENTO. OBRAS SUSTITUCIÓN SISTEMA PORTERO AUTOMÁTICO;219;VICALVARO;05;EDUCACIÓN;01;ESCUELAS INFANTILES;;;;;;;0;267,16;267,16;0;0;267,16;267,16;267,16;0;267,16;
;;001;219;32301;63200;2022/000004;2022/090004;COLEGIO PÚBLICO VICÁLVARO. OBRAS DE MEJORA INSTALACIÓN ELÉCTRICA;219;VICALVARO;05;EDUCACIÓN;00;COLEGIOS;;;;;;;0;304,63;304,63;0;0;304,63;304,63;304,63;0;304,63;
;;001;219;32301;63200;2022/000004;2022/100004;COLEGIO PÚBLICA ALFONSO X EL SABIO. OBRAS DE MEJORA INSTALACIÓN ELÉCTRICA;219;VICALVARO;05;EDUCACIÓN;00;COLEGIOS;;;;;;;0;71,46;71,46;0;0;71,46;71,46;71,46;0;71,46;
;;001;219;32301;63200;2022/000004;2022/110004;COLEGIO PÚBLICO LOS ALMENDROS. OBRAS DE MEJORA INSTALACIÓN ELÉCTRICA;219;VICALVARO;05;EDUCACIÓN;00;COLEGIOS;;;;;;;0;235,46;235,46;0;0;235,46;235,46;235,46;0;235,46;
;;001;219;32301;63200;2022/000004;2022/120004;COLEGIO PÚBLICO VALDEBERNARDO. OBRAS DE MEJORA INSTALACIÓN ELÉCTRICA;219;VICALVARO;05;EDUCACIÓN;00;COLEGIOS;;;;;;;0;107,55;107,55;0;0;107,55;107,55;107,55;0;107,55;
;;001;219;32301;63200;2022/000004;2022/130004;COLEGIO PÚBLICO PEDRO DUQUE. ADECUACIÓN E INSTALACIÓN DE TOLDO;219;VICALVARO;05;EDUCACIÓN;00;COLEGIOS;;;;;;;0;17686,6;17686,6;0;0;17686,6;17686,6;17686,6;0;17686,6;
;;001;219;32301;63200;2022/000004;2022/140004;COLEGIO PÚBLICO VICÁLVARO. REPOSICIÓN DE REJAS;219;VICALVARO;05;EDUCACIÓN;00;COLEGIOS;;;;;;;0;1468,72;1468,72;0;0;1468,72;1468,72;1468,72;0;1468,72;
;;001;219;32301;63200;2025/001333;2025/001333;ESCUELA INFANTIL CIELO AZUL. OBRAS ADECUACIÓN SISTEMA DE PROTECCIÓN CONTRA INCENDIOS;219;VICALVARO;05;EDUCACIÓN;01;ESCUELAS INFANTILES;;;;;;;0;46750;46750;41,81;0;46708,19;46708,19;0;0;0;
;;001;219;32301;63200;2025/001334;2025/001334;ESCUELA INFANTIL MOLINOS DE VIENTO. OBRAS ADECUACIÓN SISTEMA DE PROTECCIÓN CONTRA INCENDIOS;219;VICALVARO;05;EDUCACIÓN;01;ESCUELAS INFANTILES;;;;;;;0;54000;54000;48,94;0;53951,06;53951,06;0;0;0;
;;001;219;32301;63200;2025/008037;2025/008037;COLEGIO PÚBLICO WINSTON CHURCHILL. OBRAS DE CONSERVACIÓN EN CUBIERTA Y PISTA DEPORTIVA;219;VICALVARO;05;EDUCACIÓN;00;COLEGIOS;;;;;;;0;700;700;29,04;0;670,96;670,96;0;0;0;
4;SC Y CE FINANC. CON RTG;001;219;32301;63200;2025/008037;2025/008037;COLEGIO PÚBLICO WINSTON CHURCHILL. OBRAS DE CONSERVACIÓN EN CUBIERTA Y PISTA DEPORTIVA;219;VICALVARO;05;EDUCACIÓN;00;COLEGIOS;;;;;;;0;335000;335000;0;0;335000;335000;273653,77;0;273653,77;
;;001;219;33401;62599;2025/001355;2025/001355;EQUIPAMIENTO AUDIOVISUAL Y TÉCNICO CENTRO CULTURAL FUENTE SAN PEDRO VALDERRIVAS;219;VICALVARO;10;CULTURA;03;CENTROS CULTURALES;;;;;;;0;26960;26960;243,2;0;26716,8;26716,8;15730;0;15730;
;;001;219;33401;62599;2025/001393;2025/001393;EQUIPAMIENTO CENTRO CULTURAL EL MADROÑO;219;VICALVARO;10;CULTURA;03;CENTROS CULTURALES;;;;;;;0;1320;1320;110;0;1210;1210;0;0;0;
;;001;219;33401;63599;2025/001295;2025/001295;CENTRO CULTURAL VALDEBERNARDO. BUTACAS PARA EL SALÓN DE ACTOS;219;VICALVARO;10;CULTURA;03;CENTROS CULTURALES;;;;;;;0;17500;17500;868,55;0;16631,45;16631,45;0;0;0;
;;001;219;33401;63599;2025/001354;2025/001354;CENTRO CULTURAL VALDEBERNARDO. TELONES PARA EL SALÓN DE ACTOS;219;VICALVARO;10;CULTURA;03;CENTROS CULTURALES;;;;;;;0;9190;9190;738,15;0;8451,85;8451,85;0;0;0;
5;FONDO DE REEQUILIBRIO TERRITORIAL;001;219;34201;61999;2025/001368;2025/001368;DEPORTIVO BÁSICO CORDEL DE PAVONES, BARRIO CASCO HISTÓRICO VICÁLVARO. OBRAS DE MEJORA;219;VICALVARO;11;DEPORTES, JUVENTUD  Y ESPARCIMIENTO;02;PISTAS DEPORTIVAS ELEMENTALES;;;17;FONDO REEQUILIBRIO TERRITORIAL;;;0;31500;31500;31500;0;0;0;0;0;0;
;;001;219;34201;62200;2024/000421;2024/000421;CAMPO DE FÚTBOL EN EL CAÑAVERAL. CONSTRUCCIÓN;219;VICALVARO;11;DEPORTES, JUVENTUD  Y ESPARCIMIENTO;02;PISTAS DEPORTIVAS ELEMENTALES;;;;;;;875000;72140;947140;121000,84;0;826139,16;826139,16;825860,76;0;825860,76;
5;FONDO DE REEQUILIBRIO TERRITORIAL;001;219;34201;62200;2024/001135;2024/001135;DEPORTIVO BÁSICO EL CAÑAVERAL II. OBRAS DE CONSTRUCCIÓN;219;VICALVARO;11;DEPORTES, JUVENTUD  Y ESPARCIMIENTO;02;PISTAS DEPORTIVAS ELEMENTALES;;;17;FONDO REEQUILIBRIO TERRITORIAL;;;1000000;0;1000000;1055,08;0;998944,92;998944,92;164412,47;0;164412,47;
;;001;219;34201;62901;2025/001509;2025/001509;DEPORTIVO BÁSICO PARQUE DE LA VICALVARADA. SEÑALÉTICA;219;VICALVARO;11;DEPORTES, JUVENTUD  Y ESPARCIMIENTO;02;PISTAS DEPORTIVAS ELEMENTALES;;;;;;;0;1820;1820;1820;0;0;0;0;0;0;
;;001;219;34201;63200;2025/001189;2025/001189;CENTRO DEPORTIVO MARGOT MOLES. OBRAS DE REFORMA INSTALACIÓN ELÉCTRICA Y ACONDICIONAMIENTO PISCINAS;219;VICALVARO;11;DEPORTES, JUVENTUD  Y ESPARCIMIENTO;01;POLIDEPORTIVOS;;;;;;;0;168500;168500;22,44;0;168477,56;168477,56;161833,86;0;136807,37;
;;001;219;34201;63200;2025/001314;2025/001314;CENTRO DEPORTIVO MARGOT MOLES. REFORMA DEPÓSITOS AGUA CALIENTE SANITARIA Y OTRAS;219;VICALVARO;11;DEPORTES, JUVENTUD  Y ESPARCIMIENTO;01;POLIDEPORTIVOS;;;;;;;0;165000;165000;3012,57;0;161987,43;161987,43;39187,95;0;39187,95;
;;001;219;34201;63200;2025/001344;2025/001344;DEPORTIVO BÁSICO EL CAÑAVERAL I. OBRAS ADECUACIÓN CERRAMIENTO;219;VICALVARO;11;DEPORTES, JUVENTUD  Y ESPARCIMIENTO;02;PISTAS DEPORTIVAS ELEMENTALES;;;;;;;0;3650;3650;41,68;0;3608,32;3608,32;3608,32;0;3608,32;
5;FONDO DE REEQUILIBRIO TERRITORIAL;001;219;34201;63200;2024/001096;2024/001096;DEPORTIVO BÁSICO EL CAÑAVERAL. AJARDINAMIENTO ZONAS TERRIZAS;219;VICALVARO;11;DEPORTES, JUVENTUD  Y ESPARCIMIENTO;02;PISTAS DEPORTIVAS ELEMENTALES;;;17;FONDO REEQUILIBRIO TERRITORIAL;;;199518;0;199518;0,94;0;199517,06;199517,06;194840,26;0;194840,26;
5;FONDO DE REEQUILIBRIO TERRITORIAL;001;219;34201;63200;2025/001048;2025/001048;CENTRO DEPORTIVO FAUSTINA VALLADOLID. REFORMA INTEGRAL Y MEJORAS ACCESIBILIDAD;219;VICALVARO;11;DEPORTES, JUVENTUD  Y ESPARCIMIENTO;01;POLIDEPORTIVOS;;;17;FONDO REEQUILIBRIO TERRITORIAL;;;0;80000;80000;8884,36;0;71115,64;71115,64;0;0;0;
5;FONDO DE REEQUILIBRIO TERRITORIAL;001;219;34201;63200;2025/001049;2025/001049;CAMPO DE FÚTBOL EL CAÑAVERAL. CONSTRUCCIÓN VESTUARIOS, GRADERÍA Y OTRAS MEJORAS;219;VICALVARO;11;DEPORTES, JUVENTUD  Y ESPARCIMIENTO;02;PISTAS DEPORTIVAS ELEMENTALES;;;17;FONDO REEQUILIBRIO TERRITORIAL;;;0;300000;300000;246021,03;0;53978,97;53978,97;53978,97;0;53978,97;
;;001;219;34201;63599;2025/001296;2025/001296;EQUIPAMIENTO CENTRO DEPORTIVO FAUSTINA VALLADOLID;219;VICALVARO;11;DEPORTES, JUVENTUD  Y ESPARCIMIENTO;01;POLIDEPORTIVOS;;;;;;;0;7260;7260;314,6;0;6945,4;6945,4;6945,4;0;6945,4;
;;001;219;34201;63600;2025/001297;2025/001297;EQUIPAMIENTO CENTRO DEPORTIVO MARGOT MOLES;219;VICALVARO;11;DEPORTES, JUVENTUD  Y ESPARCIMIENTO;01;POLIDEPORTIVOS;;;;;;;0;3320;3320;16,7;0;3303,3;3303,3;0;0;0;
;;001;219;92001;62301;2025/001399;2025/001399;SERVICIOS ADMINISTRATIVOS DISTRITO DE VICÁLVARO. INSTALACIONES DE SEGURIDAD (ESCÁNER CONTROL ACCESO);219;VICALVARO;00;INVERSIONES DE CARÁCTER GENERAL;02;SERVICIOS ADMINISTRATIVOS  TERRITORIALES;;;;;;;0;17000;17000;725,5;0;16274,5;16274,5;16274,5;0;0;
;;001;219;92001;62500;2025/000262;2025/000262;EQUIPAMIENTO SERVICIOS ADMINISTRATIVOS DEL DISTRITO VICALVARO;219;VICALVARO;00;INVERSIONES DE CARÁCTER GENERAL;02;SERVICIOS ADMINISTRATIVOS  TERRITORIALES;;;;;;;3000;0;3000;3000;0;0;0;0;0;0;
;;001;219;92001;62599;2025/000262;2025/000262;EQUIPAMIENTO SERVICIOS ADMINISTRATIVOS DEL DISTRITO VICALVARO;219;VICALVARO;00;INVERSIONES DE CARÁCTER GENERAL;02;SERVICIOS ADMINISTRATIVOS  TERRITORIALES;;;;;;;0;2320;2320;126,6;0;2193,4;2193,4;0;0;0;
;;001;219;92001;63599;2025/000262;2025/000262;EQUIPAMIENTO SERVICIOS ADMINISTRATIVOS DEL DISTRITO VICALVARO;219;VICALVARO;00;INVERSIONES DE CARÁCTER GENERAL;02;SERVICIOS ADMINISTRATIVOS  TERRITORIALES;;;;;;;0;850;850;10,26;0;839,74;839,74;0;0;0;
;;001;219;93302;63200;2024/001306;2024/001306;EDIFICIO CALLLE TITANIO, 5. ACONDICIONAMIENTO DE ESPACIOS PARA NUEVA SEDE DEL DISTRITO DE VICÁLVARO;219;VICALVARO;00;INVERSIONES DE CARÁCTER GENERAL;02;SERVICIOS ADMINISTRATIVOS  TERRITORIALES;;;;;;;300000;11500;311500;20809,18;0;290690,82;290690,82;289780,25;0;289780,25;
;;001;219;93302;63200;2025/000263;2025/000263;OBRAS DE CONSERVACIÓN DE EDIFICOS DEL DISTRITO DE VICÁLVARO;219;VICALVARO;00;INVERSIONES DE CARÁCTER GENERAL;03;EDIFICIOS PARA EL USO GENERAL;;;;;;;150000;-146121,21;3878,79;3878,79;0;0;0;0;0;0;
;;001;220;15322;61904;2025/000101;2025/000101;VÍAS PÚBLICAS DEL DISTRITO DE SAN BLAS-CANILLEJAS. OBRAS DE REMODELACIÓN;220;SAN BLAS-CANILLEJAS;06;URBANISMO;01;URBANIZACIÓN SUELO A CARGO DEL AYUNTAMIENTO;;;;;;;39000;-39000;0;0;0;0;0;0;0;0;
;;001;220;23103;62599;2025/000321;2025/000321;EQUIPAMIENTO CENTROS DE MAYORES DISTRITO SAN BLAS-CANILLEJAS;220;SAN BLAS-CANILLEJAS;03;PROTECCIÓN Y PROMOCIÓN SOCIAL;01;CENTROS DE MAYORES;;;;;;;20000;-20000;0;0;0;0;0;0;0;0;
;;001;220;23103;63599;2025/000321;2025/000321;EQUIPAMIENTO CENTROS DE MAYORES DISTRITO SAN BLAS-CANILLEJAS;220;SAN BLAS-CANILLEJAS;03;PROTECCIÓN Y PROMOCIÓN SOCIAL;01;CENTROS DE MAYORES;;;;;;;0;12836,71;12836,71;12836,71;0;0;0;0;0;0;
;;001;220;23103;63599;2025/000321;2025/010321;EQUIPAMIENTO CENTRO DE MAYORES ANTONIO MACHADO;220;SAN BLAS-CANILLEJAS;03;PROTECCIÓN Y PROMOCIÓN SOCIAL;01;CENTROS DE MAYORES;;;;;;;0;3683,24;3683,24;0;0;3683,24;0;0;0;0;
;;001;220;23103;63599;2025/000321;2025/020321;EQUIPAMIENTO CENTRO DE MAYORES CASTILLO DE UCLÉS;220;SAN BLAS-CANILLEJAS;03;PROTECCIÓN Y PROMOCIÓN SOCIAL;01;CENTROS DE MAYORES;;;;;;;0;7001,06;7001,06;0;0;7001,06;0;0;0;0;
;;001;220;23103;63599;2025/000321;2025/030321;EQUIPAMIENTO CENTRO DE MAYORES CIUDAD PEGASO;220;SAN BLAS-CANILLEJAS;03;PROTECCIÓN Y PROMOCIÓN SOCIAL;01;CENTROS DE MAYORES;;;;;;;0;780,45;780,45;0;0;780,45;0;0;0;0;
;;001;220;23103;63599;2025/000321;2025/040321;EQUIPAMIENTO CENTRO DE MAYORES ESFINGE;220;SAN BLAS-CANILLEJAS;03;PROTECCIÓN Y PROMOCIÓN SOCIAL;01;CENTROS DE MAYORES;;;;;;;0;9089,52;9089,52;0;0;9089,52;0;0;0;0;
;;001;220;23103;63599;2025/000321;2025/050321;EQUIPAMIENTO CENTRO DE MAYORES PABLO CASALS;220;SAN BLAS-CANILLEJAS;03;PROTECCIÓN Y PROMOCIÓN SOCIAL;01;CENTROS DE MAYORES;;;;;;;0;6609,02;6609,02;0;0;6609,02;0;0;0;0;
;;001;220;23106;62500;2025/000324;2025/000324;CENTROS DE SERVICIOS SOCIALES DEL DISTRITO DE SAN BLAS-CANILLEJAS. MOBILIARIO;220;SAN BLAS-CANILLEJAS;03;PROTECCIÓN Y PROMOCIÓN SOCIAL;02;CENTROS DE SERVICIOS SOCIALES;;;;;;;40000;-40000;0;0;0;0;0;0;0;0;
;;001;220;23106;63599;2025/001077;2025/001077;EQUIPAMIENTO CENTRO DE SERVICIOS SOCIALES TORRE ARIAS;220;SAN BLAS-CANILLEJAS;03;PROTECCIÓN Y PROMOCIÓN SOCIAL;02;CENTROS DE SERVICIOS SOCIALES;;;;;;;0;40000;40000;91,27;0;39908,73;18128,73;18128,73;0;18128,73;
;;001;220;32301;63200;2025/000096;2025/000096;OBRAS DE REFORMA EN CENTROS DOCENTES DE ENSEÑANZA DISTRITO SAN BLAS-CANILLEJAS;220;SAN BLAS-CANILLEJAS;05;EDUCACIÓN;00;COLEGIOS;;;;;;;190000;-190000;0;0;0;0;0;0;0;0;
2;INCORPORACIONES REMANENTES VOLUNTARIAS;001;220;32301;63200;2024/001343;2024/001343;ESCUELA INFANTIL HIEDRA. OBRAS ADECUACIÓN CLIMATIZACIÓN, INSTALACIÓN ZONAS DE SOMBRA Y OTRAS;220;SAN BLAS-CANILLEJAS;05;EDUCACIÓN;01;ESCUELAS INFANTILES;;;;;;;0;50295,5;50295,5;0;0;50295,5;50295,5;0;0;0;
2;INCORPORACIONES REMANENTES VOLUNTARIAS;001;220;32301;63200;2024/009013;2024/019013;ESCUELA INFANTIL LA DEL MANOJO DE ROSAS. MEJORA INSTALACIONES, TOLDOS Y EFICIENCIA ENERGÉTICA;220;SAN BLAS-CANILLEJAS;05;EDUCACIÓN;01;ESCUELAS INFANTILES;;;;;;;0;7943,8;7943,8;0;0;7943,8;7943,8;7943,8;0;7943,8;
5;FONDO DE REEQUILIBRIO TERRITORIAL;001;220;32301;63200;2025/000108;2025/000108;COLEGIO PÚBLICO CARMEN CABEZUELO, BARRIO SIMANCAS. OBRAS DE SOLADO Y OTRAS MEJORAS;220;SAN BLAS-CANILLEJAS;05;EDUCACIÓN;00;COLEGIOS;;;17;FONDO REEQUILIBRIO TERRITORIAL;;;209591;-209591;0;0;0;0;0;0;0;0;
;;001;220;33401;62599;2025/000381;2025/000381;EQUIPAMIENTO CENTROS CULTURALES DEL DISTRITO DE SAN BLAS-CANILLEJAS;220;SAN BLAS-CANILLEJAS;10;CULTURA;03;CENTROS CULTURALES;;;;;;;50000;-40000;10000;10000;0;0;0;0;0;0;
;;001;220;33401;62599;2025/000381;2025/010381;EQUIPAMIENTO CENTRO CULTURAL ANTONIO MACHADO;220;SAN BLAS-CANILLEJAS;10;CULTURA;03;CENTROS CULTURALES;;;;;;;0;6631,67;6631,67;0;0;6631,67;6631,67;0;0;0;
;;001;220;33401;62599;2025/000381;2025/020381;EQUIPAMIENTO CENTRO CULTURAL BUERO VALLEJO;220;SAN BLAS-CANILLEJAS;10;CULTURA;03;CENTROS CULTURALES;;;;;;;0;2881,17;2881,17;0;0;2881,17;2881,17;0;0;0;
;;001;220;33401;62599;2025/000381;2025/030381;EQUIPAMIENTO CENTRO CULTURAL CIUDAD PEGASO;220;SAN BLAS-CANILLEJAS;10;CULTURA;03;CENTROS CULTURALES;;;;;;;0;2209,85;2209,85;0;0;2209,85;2209,85;0;0;0;
;;001;220;33401;62599;2025/000381;2025/040381;EQUIPAMIENTO CENTRO CULTURAL JOSÉ LUIS LÓPEZ VÁZQUEZ;220;SAN BLAS-CANILLEJAS;10;CULTURA;03;CENTROS CULTURALES;;;;;;;0;2668,43;2668,43;0;0;2668,43;2668,43;0;0;0;
;;001;220;33401;62599;2025/000381;2025/050381;EQUIPAMIENTO CENTRO SOCIOCULTURAL MIGUEL DE CERVANTES;220;SAN BLAS-CANILLEJAS;10;CULTURA;03;CENTROS CULTURALES;;;;;;;0;3009,31;3009,31;0;0;3009,31;3009,31;0;0;0;
;;001;220;34201;62300;2025/000106;2025/000106;EQUIPAMIENTO CENTROS DEPORTIVOS DEL DISTRITO SAN BLAS-CANILLEJAS;220;SAN BLAS-CANILLEJAS;11;DEPORTES, JUVENTUD  Y ESPARCIMIENTO;01;POLIDEPORTIVOS;;;;;;;2500;-427,63;2072,37;2072,37;0;0;0;0;0;0;
;;001;220;34201;62300;2025/000106;2025/010106;CENTRO DEPORTIVO SAN BLAS. ADQUISICIÓN SILLA PISCINA PARA PERSONAS CON MOVILIDAD REDUCIDA;220;SAN BLAS-CANILLEJAS;11;DEPORTES, JUVENTUD  Y ESPARCIMIENTO;01;POLIDEPORTIVOS;;;;;;;0;7927,63;7927,63;0;0;7927,63;7927,63;7927,63;0;7927,63;
;;001;220;34201;62301;2025/001139;2025/001139;DEPORTIVOS BÁSICOS DISTRITO SAN BLAS-CANILLEJAS. TORRES DE ILUMINACIÓN TELESCÓPICAS PORTÁTILES;220;SAN BLAS-CANILLEJAS;11;DEPORTES, JUVENTUD  Y ESPARCIMIENTO;02;PISTAS DEPORTIVAS ELEMENTALES;;;;;;;0;18150;18150;18150;0;0;0;0;0;0;
;;001;220;34201;62500;2025/000106;2025/000106;EQUIPAMIENTO CENTROS DEPORTIVOS DEL DISTRITO SAN BLAS-CANILLEJAS;220;SAN BLAS-CANILLEJAS;11;DEPORTES, JUVENTUD  Y ESPARCIMIENTO;01;POLIDEPORTIVOS;;;;;;;4000;-4000;0;0;0;0;0;0;0;0;
;;001;220;34201;62599;2024/000058;2024/010058;EQUIPAMIENTO CENTRO DEPORTIVO SAN BLAS;220;SAN BLAS-CANILLEJAS;11;DEPORTES, JUVENTUD  Y ESPARCIMIENTO;01;POLIDEPORTIVOS;;;;;;;0;53286,77;53286,77;0;0;53286,77;53286,77;53286,71;0;53286,71;
;;001;220;34201;62599;2025/000106;2025/000106;EQUIPAMIENTO CENTROS DEPORTIVOS DEL DISTRITO SAN BLAS-CANILLEJAS;220;SAN BLAS-CANILLEJAS;11;DEPORTES, JUVENTUD  Y ESPARCIMIENTO;01;POLIDEPORTIVOS;;;;;;;90000;-90000;0;0;0;0;0;0;0;0;
;;001;220;34201;63200;2025/000184;2025/000184;OBRAS DE MEJORA EN INSTALACIONES DEPORTIVAS DEL DISTRITO DE SAN BLAS-CANILLEJAS;220;SAN BLAS-CANILLEJAS;11;DEPORTES, JUVENTUD  Y ESPARCIMIENTO;01;POLIDEPORTIVOS;;;;;;;695000;-399398,48;295601,52;295601,52;0;0;0;0;0;0;
;;001;220;34201;63200;2025/000184;2025/010184;CENTRO DEPORTIVO SAN BLAS. ADECUACIÓN INSTALACIONES TÉRMICAS Y OTRAS MEJORAS;220;SAN BLAS-CANILLEJAS;11;DEPORTES, JUVENTUD  Y ESPARCIMIENTO;01;POLIDEPORTIVOS;;;;;;;0;399398,48;399398,48;0;0;399398,48;399398,48;34443,05;0;34443,05;
2;INCORPORACIONES REMANENTES VOLUNTARIAS;001;220;34201;63200;2021/000595;2021/000595;OBRAS DE MEJORA Y ACONDICIONAMIENTO INSTALACIONES DEPORTIVAS DISTRITO DE SAN BLAS CANILLEJAS;220;SAN BLAS-CANILLEJAS;11;DEPORTES, JUVENTUD  Y ESPARCIMIENTO;02;PISTAS DEPORTIVAS ELEMENTALES;;;;;;;0;50969,73;50969,73;50969,73;0;0;0;0;0;0;
5;FONDO DE REEQUILIBRIO TERRITORIAL;001;220;34201;63200;2025/000107;2025/000107;DEPORTIVO BÁSICO MEDIO AMPOSTA, ÁMBITO GRAN SAN BLAS. REFORMA VESTUARIOS Y CERRAMIENTO;220;SAN BLAS-CANILLEJAS;11;DEPORTES, JUVENTUD  Y ESPARCIMIENTO;02;PISTAS DEPORTIVAS ELEMENTALES;;;17;FONDO REEQUILIBRIO TERRITORIAL;;;209591;0;209591;2,98;0;209588,02;209588,02;0;0;0;
5;FONDO DE REEQUILIBRIO TERRITORIAL;001;220;34201;63200;2025/000389;2025/000389;DEPORTIVO BÁSICO LUCANO (ANTONIO PALACIOS). ADECUACIÓN CAMPO FÚTBOL, CERRAMIENTO Y OTRAS;220;SAN BLAS-CANILLEJAS;11;DEPORTES, JUVENTUD  Y ESPARCIMIENTO;02;PISTAS DEPORTIVAS ELEMENTALES;;;17;FONDO REEQUILIBRIO TERRITORIAL;;;0;160000;160000;160000;0;0;0;0;0;0;
;;001;220;34201;63500;2025/001073;2025/001073;EQUIPAMIENTO CENTRO DEPORTIVO SAN BLAS. CANASTAS ABATIBLES, CORTINAS Y OTROS;220;SAN BLAS-CANILLEJAS;11;DEPORTES, JUVENTUD  Y ESPARCIMIENTO;01;POLIDEPORTIVOS;;;;;;;0;4000;4000;4000;0;0;0;0;0;0;
;;001;220;34201;63599;2025/001073;2025/001073;EQUIPAMIENTO CENTRO DEPORTIVO SAN BLAS. CANASTAS ABATIBLES, CORTINAS Y OTROS;220;SAN BLAS-CANILLEJAS;11;DEPORTES, JUVENTUD  Y ESPARCIMIENTO;01;POLIDEPORTIVOS;;;;;;;0;55000;55000;4956,99;0;50043,01;50043,01;0;0;0;
;;001;220;92001;62302;2025/000017;2025/000017;EQUIPAMIENTO SERVICIOS ADMINISTRATIVOS DEL DISTRITO SAN BLAS-CANILLEJAS;220;SAN BLAS-CANILLEJAS;00;INVERSIONES DE CARÁCTER GENERAL;02;SERVICIOS ADMINISTRATIVOS  TERRITORIALES;;;;;;;500;0;500;500;0;0;0;0;0;0;
;;001;220;92001;62500;2025/000018;2025/000018;SERVICIOS ADMINISTRATIVOS DISTRITO SAN BLAS-CANILLEJAS. MOBILARIO Y EQUIPOS DE OFICINA;220;SAN BLAS-CANILLEJAS;00;INVERSIONES DE CARÁCTER GENERAL;02;SERVICIOS ADMINISTRATIVOS  TERRITORIALES;;;;;;;1000;0;1000;1000;0;0;0;0;0;0;
;;001;220;92001;62599;2025/000017;2025/000017;EQUIPAMIENTO SERVICIOS ADMINISTRATIVOS DEL DISTRITO SAN BLAS-CANILLEJAS;220;SAN BLAS-CANILLEJAS;00;INVERSIONES DE CARÁCTER GENERAL;02;SERVICIOS ADMINISTRATIVOS  TERRITORIALES;;;;;;;3000;0;3000;3000;0;0;0;0;0;0;
;;001;220;92001;62601;2025/000017;2025/000017;EQUIPAMIENTO SERVICIOS ADMINISTRATIVOS DEL DISTRITO SAN BLAS-CANILLEJAS;220;SAN BLAS-CANILLEJAS;00;INVERSIONES DE CARÁCTER GENERAL;02;SERVICIOS ADMINISTRATIVOS  TERRITORIALES;;;;;;;500;0;500;500;0;0;0;0;0;0;
;;001;220;92001;63302;2025/000017;2025/000017;EQUIPAMIENTO SERVICIOS ADMINISTRATIVOS DEL DISTRITO SAN BLAS-CANILLEJAS;220;SAN BLAS-CANILLEJAS;00;INVERSIONES DE CARÁCTER GENERAL;02;SERVICIOS ADMINISTRATIVOS  TERRITORIALES;;;;;;;500;0;500;500;0;0;0;0;0;0;
;;001;220;92001;63500;2025/000018;2025/000018;SERVICIOS ADMINISTRATIVOS DISTRITO SAN BLAS-CANILLEJAS. MOBILARIO Y EQUIPOS DE OFICINA;220;SAN BLAS-CANILLEJAS;00;INVERSIONES DE CARÁCTER GENERAL;02;SERVICIOS ADMINISTRATIVOS  TERRITORIALES;;;;;;;3000;0;3000;3000;0;0;0;0;0;0;
;;001;220;92001;63599;2025/000017;2025/000017;EQUIPAMIENTO SERVICIOS ADMINISTRATIVOS DEL DISTRITO SAN BLAS-CANILLEJAS;220;SAN BLAS-CANILLEJAS;00;INVERSIONES DE CARÁCTER GENERAL;02;SERVICIOS ADMINISTRATIVOS  TERRITORIALES;;;;;;;2000;0;2000;2000;0;0;0;0;0;0;
;;001;220;93302;63200;2025/000112;2025/000112;OBRAS DE MEJORA EN EDIFICIOS DEL DISTRITO DE SAN BLAS-CANILLEJAS;220;SAN BLAS-CANILLEJAS;00;INVERSIONES DE CARÁCTER GENERAL;03;EDIFICIOS PARA EL USO GENERAL;;;;;;;670000;-670000;0;0;0;0;0;0;0;0;
;;001;220;93302;63200;2024/000388;2024/000388;OBRAS DE MEJORA EN EDIFICIOS DEL DISTRITO DE SAN BLAS-CANILLEJAS;220;SAN BLAS-CANILLEJAS;00;INVERSIONES DE CARÁCTER GENERAL;03;EDIFICIOS PARA EL USO GENERAL;;;;;;;0;0,32;0,32;0,32;0;0;0;0;0;0;
;;001;220;93302;63200;2024/000388;2024/020388;EDIFICIO SEDE DEL DISTRITO DE SAN BLAS-CANILLEJAS. OBRAS DE SOLADO Y MEJORA EN EL SALÓN DE ACTOS;220;SAN BLAS-CANILLEJAS;00;INVERSIONES DE CARÁCTER GENERAL;02;SERVICIOS ADMINISTRATIVOS  TERRITORIALES;;;;;;;0;2141,68;2141,68;0;0;2141,68;2141,68;2141,68;0;2141,68;
;;001;221;15322;60999;2025/001377;2025/001377;PLACA CONMEMORATIVA A EUGENIO MORALES TOMILLO EN C/ ACUARIO. INSTALACIÓN;221;BARAJAS;10;CULTURA;05;PROMOCIÓN DE LA CULTURA;;;;;;;0;3300;3300;913,88;0;2386,12;2386,12;0;0;0;
;;001;221;15322;60999;2025/001378;2025/001378;PLACA CONMEMORATIVA A OSCAR MORAL ORTEGA EN APARCAMIENTO PARQUE EL CAPRICHO. INSTALACIÓN;221;BARAJAS;10;CULTURA;05;PROMOCIÓN DE LA CULTURA;;;;;;;0;2400;2400;13,88;0;2386,12;2386,12;0;0;0;
;;001;221;15322;61904;2025/000296;2025/000296;CALLE ORIÓN ACCESO A DEPORTIVO BÁSICO ORIÓN-JUPITER. OBRAS DE REFORMA Y REMODELACIÓN;221;BARAJAS;06;URBANISMO;01;URBANIZACIÓN SUELO A CARGO DEL AYUNTAMIENTO;;;;;;;80762;-80762;0;0;0;0;0;0;0;0;
;;001;221;23103;62300;2025/000015;2025/000015;CENTROS DE MAYORES Y SERVICIOS SOCIALES DISTRITO BARAJAS. ADQUISICIÓN SILLAS DE RUEDAS;221;BARAJAS;03;PROTECCIÓN Y PROMOCIÓN SOCIAL;01;CENTROS DE MAYORES;;;;;;;1600;-1600;0;0;0;0;0;0;0;0;
;;001;221;23103;62901;2025/000014;2025/000014;CENTROS DE MAYORES DISTRITO DE BARAJAS. MEJORA SEÑALÉTICA EN BRAILLE;221;BARAJAS;03;PROTECCIÓN Y PROMOCIÓN SOCIAL;01;CENTROS DE MAYORES;;;;;;;3400;0;3400;0,57;0;3399,43;3399,43;3399,06;0;3399,06;
;;001;221;23106;62500;2025/001175;2025/001175;CENTRO DE SERVICIOS SOCIALES TERESA DE CALCULTA. MOBILIARIO Y EQUIPOS DE OFICINA;221;BARAJAS;03;PROTECCIÓN Y PROMOCIÓN SOCIAL;02;CENTROS DE SERVICIOS SOCIALES;;;;;;;0;2420;2420;387,2;0;2032,8;2032,8;2032,8;0;2032,8;
;;001;221;31101;63302;2025/001282;2025/001282;EQUIPAMIENTO SERVICIOS DE SALUBRIDAD PÚBLICA DISTRITO DE BARAJAS;221;BARAJAS;04;SALUD PÚBLICA;00;PROMOCIÓN DE LA SALUD Y AT. SANITARIA;;;;;;;0;800;800;64,32;0;735,68;735,68;735,68;0;735,68;
;;001;221;32301;63200;2025/001346;2025/001346;COLEGIO PÚBLICO CIUDAD DE GUADALAJARA. OBRAS DE REPARACIÓN DE MARQUESINA DE ACCESO;221;BARAJAS;05;EDUCACIÓN;00;COLEGIOS;;;;;;;0;15000;15000;2,52;0;14997,48;14997,48;0;0;0;
;;001;221;32301;63200;2025/008007;2025/008007;CENTROS DOCENTES ENSEÑANZA DISTRITO BARAJAS. REPARACIÓN, ADECUACIÓN DE INSTALACIONES Y ACABADOS;221;BARAJAS;05;EDUCACIÓN;01;ESCUELAS INFANTILES;;;;;;;0;120;120;120;0;0;0;0;0;0;
;;001;221;32301;63200;2025/008074;2025/008074;COLEGIO PÚBLICO CALDERÓN DE LA BARCA. RENATURALIZACIÓN PATIO,ADECUACIÓN AULAS,INSTALACIONES Y OTRAS;221;BARAJAS;05;EDUCACIÓN;00;COLEGIOS;;;;;;;0;2111;2111;2111;0;0;0;0;0;0;
4;SC Y CE FINANC. CON RTG;001;221;32301;63200;2025/008007;2025/018007;COLEGIO PÚBLICO MARGARET THATCHER. RENATURALIZACIÓN ENTRADA,REPARACIÓN HUERTO,INSTALACIONES Y OTRAS;221;BARAJAS;05;EDUCACIÓN;00;COLEGIOS;;;;;;;0;66199,87;66199,87;0;0;66199,87;66199,87;11203,49;0;11203,49;
4;SC Y CE FINANC. CON RTG;001;221;32301;63200;2025/008007;2025/028007;ESCUELA INFANTIL EL BATEO. ADECUACIÓN ACCESOS AULAS, ASEOS, INSTALACIONES Y OTRAS MEJORAS;221;BARAJAS;05;EDUCACIÓN;01;ESCUELAS INFANTILES;;;;;;;0;73499,18;73499,18;0;0;73499,18;73499,18;3259,26;0;3259,26;
4;SC Y CE FINANC. CON RTG;001;221;32301;63200;2025/008007;2025/038007;ESCUELA INFANTIL LA CHULAPONA. INSTALACIÓN CLIMATIZACIÓN, JUEGOS INFANTILES Y OTRAS MEJORAS;221;BARAJAS;05;EDUCACIÓN;01;ESCUELAS INFANTILES;;;;;;;0;45499,48;45499,48;0;0;45499,48;45499,48;4333,24;0;4333,24;
4;SC Y CE FINANC. CON RTG;001;221;32301;63200;2025/008007;2025/048007;ESCUELA INFANTIL LA COLINA. SUSTITUCIÓN SUELO, MEJORA ESCALERA, PUERTAS, INSTALACIONES Y OTRAS;221;BARAJAS;05;EDUCACIÓN;01;ESCUELAS INFANTILES;;;;;;;0;92944,76;92944,76;0;0;92944,76;92944,76;0;0;0;
4;SC Y CE FINANC. CON RTG;001;221;32301;63200;2025/008072;2025/008072;COLEGIO PÚBLICO CIUDAD DE ZARAGOZA. REFORMA BAÑOS, PATIO INFANTIL, INSTALACIONES Y OTRAS;221;BARAJAS;05;EDUCACIÓN;00;COLEGIOS;;;;;;;0;89993,88;89993,88;0;0;89993,88;89993,88;36268,7;0;36268,7;
4;SC Y CE FINANC. CON RTG;001;221;32301;63200;2025/008073;2025/008073;COLEGIO PÚBLICO CIUDAD DE GUADALAJARA. REPARACIÓN SANEAMIENTO, ADECUACIÓN PERSIANAS, LED Y OTRAS;221;BARAJAS;05;EDUCACIÓN;00;COLEGIOS;;;;;;;0;149940,6;149940,6;0;0;149940,6;149940,6;82240,01;0;82240,01;
4;SC Y CE FINANC. CON RTG;001;221;32301;63200;2025/008074;2025/008074;COLEGIO PÚBLICO CALDERÓN DE LA BARCA. RENATURALIZACIÓN PATIO,ADECUACIÓN AULAS,INSTALACIONES Y OTRAS;221;BARAJAS;05;EDUCACIÓN;00;COLEGIOS;;;;;;;0;190122,23;190122,23;123,03;0;189999,2;189999,2;49864,03;0;49864,03;
;;001;221;34201;61999;2025/000016;2025/000016;DEPORTIVO BÁSICO BMX BARAJAS. OBRAS DE REHABILITACIÓN INTEGRAL;221;BARAJAS;11;DEPORTES, JUVENTUD  Y ESPARCIMIENTO;02;PISTAS DEPORTIVAS ELEMENTALES;;;;;;;313474;-9208,98;304265,02;31791,99;0;272473,03;272473,03;34718,14;0;0;
;;001;221;34201;61999;2025/000292;2025/000292;DEPORTIVO BÁSICO EL CAPRICHO. OBRAS DE MEJORA;221;BARAJAS;11;DEPORTES, JUVENTUD  Y ESPARCIMIENTO;02;PISTAS DEPORTIVAS ELEMENTALES;;;;;;;502072;0;502072;0,01;0;502071,99;502071,99;33727,23;0;33727,23;
;;001;221;34201;61999;2025/001227;2025/001227;DEPORTIVO BÁSICO ORIÓN-JÚPITER. OBRAS DE MEJORA DE ACCESOS;221;BARAJAS;11;DEPORTES, JUVENTUD  Y ESPARCIMIENTO;02;PISTAS DEPORTIVAS ELEMENTALES;;;;;;;0;53762;53762;0,01;0;53761,99;53761,99;53761,72;0;53761,72;
;;001;221;34201;61999;2025/001356;2025/001356;DEPORTIVO BÁSICO BAHÍA DE SANTANDER. OBRAS DE MARCAJE Y MEJORA;221;BARAJAS;11;DEPORTES, JUVENTUD  Y ESPARCIMIENTO;02;PISTAS DEPORTIVAS ELEMENTALES;;;;;;;0;4500;4500;4500;0;0;0;0;0;0;
;;001;221;34201;61999;2025/001444;2025/001444;DEPORTIVO BÁSICO PLAYA DE BOLNUEVO. OBRAS DE REFUERZO DE CIMENTACIONES;221;BARAJAS;11;DEPORTES, JUVENTUD  Y ESPARCIMIENTO;02;PISTAS DEPORTIVAS ELEMENTALES;;;;;;;0;2539;2539;0;0;2539;2539;0;0;0;
;;001;221;34201;61999;2025/001445;2025/001445;DEPORTIVO BÁSICO BARRIO DEL AEROPUERTO. OBRAS DE REFUERZO DE CIMENTACIONES;221;BARAJAS;11;DEPORTES, JUVENTUD  Y ESPARCIMIENTO;02;PISTAS DEPORTIVAS ELEMENTALES;;;;;;;0;6669,98;6669,98;0;0;6669,98;6669,98;0;0;0;
;;001;221;34201;62599;2025/001096;2025/001096;DEPORTIVO BÁSICO GALEÓN. ADQUISICIÓN DE CANASTAS;221;BARAJAS;11;DEPORTES, JUVENTUD  Y ESPARCIMIENTO;02;PISTAS DEPORTIVAS ELEMENTALES;;;;;;;0;4893,2;4893,2;179,06;0;4714,14;4714,14;4714,14;0;4714,14;
;;001;221;34201;62599;2025/001097;2025/001097;DEPORTIVO BÁSICO BAHÍA DE SANTANDER. ADQUISICIÓN DE CANASTAS;221;BARAJAS;11;DEPORTES, JUVENTUD  Y ESPARCIMIENTO;02;PISTAS DEPORTIVAS ELEMENTALES;;;;;;;0;2220,5;2220,5;81,25;0;2139,25;2139,25;2139,25;0;2139,25;
;;001;221;34201;62599;2025/001098;2025/001098;DEPORTIVO BÁSICO PLAYA DE BOLNUEVO. ADQUISICIÓN DE CANASTAS;221;BARAJAS;11;DEPORTES, JUVENTUD  Y ESPARCIMIENTO;02;PISTAS DEPORTIVAS ELEMENTALES;;;;;;;0;2386,3;2386,3;87,31;0;2298,99;2298,99;2298,99;0;2298,99;
;;001;221;34201;62599;2025/001373;2025/001373;CENTRO DEPORTIVO BARAJAS. CAMBIADORES BEBÉ DE PARED EN VESTUARIOS;221;BARAJAS;11;DEPORTES, JUVENTUD  Y ESPARCIMIENTO;01;POLIDEPORTIVOS;;;;;;;0;3500;3500;3500;0;0;0;0;0;0;
;;001;221;34201;62599;2025/001441;2025/001441;CENTRO DEPORTIVO BARAJAS. ADQUISICIÓN DE TAQUILLAS Y BANCOS FENÓLICOS;221;BARAJAS;11;DEPORTES, JUVENTUD  Y ESPARCIMIENTO;01;POLIDEPORTIVOS;;;;;;;0;31572,38;31572,38;31572,38;0;0;0;0;0;0;
;;001;221;34201;62600;2025/001413;2025/001413;EQUIPAMIENTO CENTRO DEPORTIVO BARAJAS;221;BARAJAS;11;DEPORTES, JUVENTUD  Y ESPARCIMIENTO;01;POLIDEPORTIVOS;;;;;;;0;400;400;400;0;0;0;0;0;0;
;;001;221;34201;62999;2025/001395;2025/001395;CENTRO DEPORTIVO BARAJAS. SECADORES DE PELO PROFESIONALES PARA VESTUARIOS;221;BARAJAS;11;DEPORTES, JUVENTUD  Y ESPARCIMIENTO;01;POLIDEPORTIVOS;;;;;;;0;5000;5000;2183,6;0;2816,4;2816,4;0;0;0;
;;001;221;34201;62999;2025/001413;2025/001413;EQUIPAMIENTO CENTRO DEPORTIVO BARAJAS;221;BARAJAS;11;DEPORTES, JUVENTUD  Y ESPARCIMIENTO;01;POLIDEPORTIVOS;;;;;;;0;4125;4125;4125;0;0;0;0;0;0;
;;001;221;34201;63200;2024/001227;2024/001227;CENTRO DEPORTIVO BARAJAS. OBRAS ADECUACIÓN DE DOS NUEVAS UNIDADES DEPORTIVAS DE PÁDEL Y PICKLEBALL;221;BARAJAS;11;DEPORTES, JUVENTUD  Y ESPARCIMIENTO;01;POLIDEPORTIVOS;;;;;;;0;483,38;483,38;0;0;483,38;483,38;483,38;0;483,38;
;;001;221;34201;63200;2024/001274;2024/001274;CENTRO DEPORTIVO BARAJAS. OBRAS CONSTRUCCIÓN DE UNIDADES DE PÁDEL;221;BARAJAS;11;DEPORTES, JUVENTUD  Y ESPARCIMIENTO;01;POLIDEPORTIVOS;;;;;;;0;2548,57;2548,57;0;0;2548,57;2548,57;2548,57;0;2548,57;
;;001;221;34201;63200;2025/000295;2025/000295;CENTRO DEPORTIVO PABELLÓN VILLA DE MADRID. OBRAS DE ADECUACIÓN SISTEMAS DE SEGURIDAD;221;BARAJAS;11;DEPORTES, JUVENTUD  Y ESPARCIMIENTO;01;POLIDEPORTIVOS;;;;;;;15046;-0,29;15045,71;0;0;15045,71;15045,71;15020,22;0;15020,22;
;;001;221;34201;63200;2025/001092;2025/001092;CENTRO DEPORTIVO BARAJAS. OBRAS INSTALACIÓN DE VALLADO ZONA PING-PONG;221;BARAJAS;11;DEPORTES, JUVENTUD  Y ESPARCIMIENTO;01;POLIDEPORTIVOS;;;;;;;0;3429,49;3429,49;0;0;3429,49;3429,49;3429,49;0;3429,49;
;;001;221;34201;63200;2025/001161;2025/001161;CENTRO DEPORTIVO BARAJAS. OBRAS DE REFORMA EN VESTUARIOS;221;BARAJAS;11;DEPORTES, JUVENTUD  Y ESPARCIMIENTO;01;POLIDEPORTIVOS;;;;;;;0;411003,85;411003,85;11003,91;0;399999,94;399999,94;14421,65;0;0;
;;001;221;34201;63200;2025/001245;2025/001245;CENTRO DEPORTIVO BARAJAS. OBRAS DE ACCESIBILIDAD EN APARCAMIENTO Y PISTA DE PATINAJE;221;BARAJAS;11;DEPORTES, JUVENTUD  Y ESPARCIMIENTO;01;POLIDEPORTIVOS;;;;;;;0;12999,97;12999,97;0;0;12999,97;12999,97;10254,25;0;10254,25;
;;001;221;34201;63200;2025/001280;2025/001280;CENTRO DEPORTIVO BARAJAS. OBRAS DE MEJORA EN MATERIA DE PREVENCIÓN DE RIESGOS LABORALES;221;BARAJAS;11;DEPORTES, JUVENTUD  Y ESPARCIMIENTO;01;POLIDEPORTIVOS;;;;;;;0;27998,87;27998,87;0;0;27998,87;27998,87;27993,94;0;23020,92;
;;001;221;34201;63200;2025/001453;2025/001453;DEPORTIVO BÁSICO ALHAURÍN. OBRAS DE MEJORA EN PAVIMENTO DE PISTA DE BALONCESTO;221;BARAJAS;11;DEPORTES, JUVENTUD  Y ESPARCIMIENTO;02;PISTAS DEPORTIVAS ELEMENTALES;;;;;;;0;23225,47;23225,47;0;0;23225,47;23225,47;0;0;0;
;;001;221;34201;63200;2025/001454;2025/001454;DEPORTIVO BÁSICO GALEÓN. OBRAS DE REPARACIONES Y MEJORAS EN VALLADO;221;BARAJAS;11;DEPORTES, JUVENTUD  Y ESPARCIMIENTO;02;PISTAS DEPORTIVAS ELEMENTALES;;;;;;;0;13065,29;13065,29;0;0;13065,29;13065,29;0;0;0;
;;001;221;93302;63200;2025/000011;2025/000011;EDIFICIO SEDE DEL DISTRITO DE BARAJAS. OBRAS DE MEJORA;221;BARAJAS;00;INVERSIONES DE CARÁCTER GENERAL;02;SERVICIOS ADMINISTRATIVOS  TERRITORIALES;;;;;;;23117;22827;45944;0,31;0;45943,69;45943,69;45941,38;0;45941,38;
;;001;221;93302;63200;2025/000013;2025/000013;CENTROS MAYORES Y SERVICIOS SOCIALES DISTRITO BARAJAS. INSTALACIÓN DE MOSTRADORES ACCESIBLES;221;BARAJAS;03;PROTECCIÓN Y PROMOCIÓN SOCIAL;01;CENTROS DE MAYORES;;;;;;;5000;-5000;0;0;0;0;0;0;0;0;
;;001;221;93302;63200;2025/000013;2025/010013;CENTRO DE MAYORES ACUARIO. OBRAS DE INSTALACIÓN DE MOSTRADORES Y BARRAS ACCESIBLES;221;BARAJAS;03;PROTECCIÓN Y PROMOCIÓN SOCIAL;01;CENTROS DE MAYORES;;;;;;;0;2657,5;2657,5;0;0;2657,5;2657,5;2657,5;0;2657,5;
;;001;221;93302;63200;2025/000013;2025/020013;CENTRO DE MAYORES TERESA DE CALCUTA. OBRAS DE INSTALACIÓN DE MOSTRADORES Y BARRAS ACCESIBLES;221;BARAJAS;03;PROTECCIÓN Y PROMOCIÓN SOCIAL;01;CENTROS DE MAYORES;;;;;;;0;2342,5;2342,5;0;0;2342,5;2342,5;2342,5;0;2342,5;
;;001;221;93302;63200;2025/001281;2025/001281;CENTRO CULTURAL GLORIA FUERTES. OBRAS DE IMPERMEABILIZACIÓN (REVESTIMIENTO ANTIHUMEDAD);221;BARAJAS;10;CULTURA;03;CENTROS CULTURALES;;;;;;;0;68000;68000;4,45;0;67995,55;67995,55;1559,44;0;0;
4;SC Y CE FINANC. CON RTG;001;221;93302;63200;2025/008011;2025/008011;ESCUELA DE MÚSICA EL CAPRICHO. ACONDICIONAMIENTO ACÚSTICO, ADECUACIÓN INSTALACIONES Y OTRAS;221;BARAJAS;05;EDUCACIÓN;03;ESCUELAS DE MÚSICA;;;;;;;0;38000;38000;0,16;0;37999,84;37999,84;0;0;0;
;;501;102;49101;62301;2025/000240;2025/000240;PROTECCIÓN CONTRA INCENDIOS SEDE INFORMÁTICA AYUNTAMIENTO DE MADRID;999;NO DISTRITALIZABLE;00;INVERSIONES DE CARÁCTER GENERAL;01;SERVICIOS ADMINISTRATIVOS CENTRALES;;;;;;;100000;-62020;37980;37980;0;0;0;0;0;0;
;;501;102;49101;62301;2025/000404;2025/000404;EDIFICIO SEDE IAM. MEJORA DE INSTALACIONES;999;NO DISTRITALIZABLE;00;INVERSIONES DE CARÁCTER GENERAL;01;SERVICIOS ADMINISTRATIVOS CENTRALES;;;;;;;0;62020;62020;12462,21;0;49557,79;49557,79;0;0;0;
;;501;102;49101;62600;2023/000160;2023/000160;TELECOMUNICACIONES Y REDES. INFORMÁTICA AYUNTAMIENTO DE MADRID;999;NO DISTRITALIZABLE;13;OTROS BIENES PÚBLICOS DE CARÁCTER ECONÓMICO;02;COMUNICACIONES;;;;;;;1251612;0;1251612;0,36;0;1251611,64;1251611,64;1072960,19;0;1072960,19;
;;501;102;49101;62600;2025/000410;2025/000410;ADQUISICIÓN DE EQUIPOS DE COMUNICACIÓN. INFORMÁTICA DEL AYUNTAMIENTO DE MADRID;999;NO DISTRITALIZABLE;13;OTROS BIENES PÚBLICOS DE CARÁCTER ECONÓMICO;00;INFORMÁTICA;;;;;;;0;123635;123635;123635;0;0;0;0;0;0;
;;501;102;49101;62601;2019/000610;2019/000610;DOTACIÓN INFORMÁTICA DE LOS ESPACIOS DE TRABAJO;999;NO DISTRITALIZABLE;13;OTROS BIENES PÚBLICOS DE CARÁCTER ECONÓMICO;00;INFORMÁTICA;;;;;;;3471185;-919602,07;2551582,93;0;0;2551582,93;2551582,93;2551144,77;0;2551144,77;
;;501;102;49101;62601;2024/000447;2024/000447;CIBERSEGURIDAD Y RESILIENCIA;999;NO DISTRITALIZABLE;13;OTROS BIENES PÚBLICOS DE CARÁCTER ECONÓMICO;00;INFORMÁTICA;;;;;;;0;135555;135555;83708;0;51847;51847;51847;0;51847;
;;501;102;49101;62601;2025/000244;2025/000244;DOTACIÓN INFORMÁTICA PUESTOS DE TRABAJO.INFORMÁTICA AYUNTAMIENTO DE MADRID;999;NO DISTRITALIZABLE;13;OTROS BIENES PÚBLICOS DE CARÁCTER ECONÓMICO;00;INFORMÁTICA;;;;;;;0;919602,07;919602,07;829,7;0;918772,37;918772,37;172006,07;0;172006,07;
;;501;102;49101;62601;2025/000400;2025/000400;ADQUISICIÓN DE EQUIPOS DE PROCESO DE DATOS;999;NO DISTRITALIZABLE;13;OTROS BIENES PÚBLICOS DE CARÁCTER ECONÓMICO;00;INFORMÁTICA;;;;;;;0;2509045;2509045;16459,52;0;2492585,48;2492585,48;0;0;0;
;;501;102;49101;63200;2025/000245;2025/000245;OBRAS DE CONSERVACIÓN EDIFICIO SEDE INFORMÁTICA AYUNTAMIENTO DE MADRID;220;SAN BLAS-CANILLEJAS;00;INVERSIONES DE CARÁCTER GENERAL;01;SERVICIOS ADMINISTRATIVOS CENTRALES;;;;;;;2000;48400;50400;2363;0;48037;48037;0;0;0;
;;501;102;49101;63599;2025/000246;2025/000246;EQUIPAMIENTO EDIFICIO SEDE INFORMÁTICA AYUNTAMIENTO DE MADRID;999;NO DISTRITALIZABLE;00;INVERSIONES DE CARÁCTER GENERAL;01;SERVICIOS ADMINISTRATIVOS CENTRALES;;;;;;;1000;17200;18200;18200;0;0;0;0;0;0;
;;501;102;49101;64100;2019/000610;2019/000610;DOTACIÓN INFORMÁTICA DE LOS ESPACIOS DE TRABAJO;999;NO DISTRITALIZABLE;13;OTROS BIENES PÚBLICOS DE CARÁCTER ECONÓMICO;00;INFORMÁTICA;;;;;;;90750;0;90750;0;0;90750;90750;56504,04;0;56504,04;
;;501;102;49101;64100;2022/000164;2022/000164;ADQUISICIÓN Y DESARROLLO DE APLICACIONES INFORMÁTICAS. INFORMÁTICA AYUNTAMIENTO DE MADRID;999;NO DISTRITALIZABLE;13;OTROS BIENES PÚBLICOS DE CARÁCTER ECONÓMICO;00;INFORMÁTICA;;;;;;;8041;3347,07;11388,07;5;0;11383,07;11383,07;11383,07;0;3342,62;
;;501;102;49101;64100;2023/000165;2023/000165;LICENCIAS Y DESARROLLO DE APLICACIONES. INFORMATICA AYUNTAMIENTO DE MADRID;999;NO DISTRITALIZABLE;13;OTROS BIENES PÚBLICOS DE CARÁCTER ECONÓMICO;00;INFORMÁTICA;;;;;;;899253;-3347,07;895905,93;68999,26;0;826906,67;826906,67;256584,1;0;242593,47;
;;501;102;49101;64100;2024/000039;2024/000039;LICENCIAS Y DESARROLLO APLICACIONES INFORMÁTICA AYUNTAMIENTO DE MADRID;999;NO DISTRITALIZABLE;13;OTROS BIENES PÚBLICOS DE CARÁCTER ECONÓMICO;00;INFORMÁTICA;;;;;;;1294580;0;1294580;5225,88;0;1289354,12;1289354,12;1289354,11;0;801690,83;
;;501;102;49101;64100;2024/000446;2024/000446;DISPONIBILIDAD DEL SERVICIO Y CRECIMIENTO DE LA NUBE;999;NO DISTRITALIZABLE;13;OTROS BIENES PÚBLICOS DE CARÁCTER ECONÓMICO;00;INFORMÁTICA;;;;;;;471671;0;471671;79015,51;0;392655,49;392655,49;392655,49;0;392655,49;
;;501;102;49101;64100;2024/000447;2024/000447;CIBERSEGURIDAD Y RESILIENCIA;999;NO DISTRITALIZABLE;13;OTROS BIENES PÚBLICOS DE CARÁCTER ECONÓMICO;00;INFORMÁTICA;;;;;;;0;25856,08;25856,08;0;0;25856,08;25856,08;25856,08;0;25856,08;
;;501;102;49101;64100;2024/000448;2024/000448;DESARROLLO DE LA INTELIGENCIA ARTIFICIAL;999;NO DISTRITALIZABLE;13;OTROS BIENES PÚBLICOS DE CARÁCTER ECONÓMICO;00;INFORMÁTICA;;;;;;;446831;0;446831;120131;0;326700;326700;0;0;0;
;;501;102;49101;64100;2025/000244;2025/000244;DOTACIÓN INFORMÁTICA PUESTOS DE TRABAJO.INFORMÁTICA AYUNTAMIENTO DE MADRID;999;NO DISTRITALIZABLE;13;OTROS BIENES PÚBLICOS DE CARÁCTER ECONÓMICO;00;INFORMÁTICA;;;;;;;4565061;220141,12;4785202,12;20429,29;0;4764772,83;4764772,83;235639,76;0;173566,17;
;;501;102;49101;64100;2025/000247;2025/000247;DERECHOS DE USO PLATAFORMA SAP. INFORMÁTICA AYUNTAMIENTO DE MADRID;999;NO DISTRITALIZABLE;13;OTROS BIENES PÚBLICOS DE CARÁCTER ECONÓMICO;00;INFORMÁTICA;;;;;;;7230669;-2993567,12;4237101,88;817995,4;0;3419106,48;3419106,48;3419106,48;0;3419106,48;
;;501;102;49101;64100;2025/000248;2025/000248;LICENCIAS Y DESARROLLO DE APLICACIONES. INFORMÁTICA AYUNTAMIENTO DE MADRID;999;NO DISTRITALIZABLE;13;OTROS BIENES PÚBLICOS DE CARÁCTER ECONÓMICO;00;INFORMÁTICA;;;;;;;2092697;2146177,72;4238874,72;1007278,73;0;3231595,99;2721380,13;1713485,1;0;1480685,66;
;;501;102;49179;64100;2023/000444;2023/000444;TRANSFORMACIÓN DIGITAL DE LOS SERVICIOS SOCIALES AYUNTAMIENTO DE MADRID;999;NO DISTRITALIZABLE;13;OTROS BIENES PÚBLICOS DE CARÁCTER ECONÓMICO;00;INFORMÁTICA;;;;;;;674755;232426;907181;2,15;0;907178,85;907178,85;525788,1;0;525788,1;
1;INCORPORACIONES REMANENTES OBLIGATORIAS;501;102;49179;64100;2023/000444;2023/000444;TRANSFORMACIÓN DIGITAL DE LOS SERVICIOS SOCIALES AYUNTAMIENTO DE MADRID;999;NO DISTRITALIZABLE;13;OTROS BIENES PÚBLICOS DE CARÁCTER ECONÓMICO;00;INFORMÁTICA;;;;;;;0;6087112,38;6087112,38;1767213,13;0;4319899,25;4319899,25;2503752,87;0;2503752,87;
1;INCORPORACIONES REMANENTES OBLIGATORIAS;503;140;23201;62600;2022/000620;2022/000620;EQUIPAMIENTO EDIFICIO TIC DISTRITO SAN BLAS-CANILLEJAS;220;SAN BLAS-CANILLEJAS;03;PROTECCIÓN Y PROMOCIÓN SOCIAL;07;CENTROS PARA LA PROMOCIÓN DE EMPLEO;;;;;;;0;132953,35;132953,35;0;0;132953,35;132953,35;132953,35;0;132953,35;
;;503;140;24100;62600;2024/000092;2024/120092;SEDE CENTRAL AGENCIA PARA EL EMPLEO.ADQUISICIÓN CARTELERÍA DIGITAL Y GESTOR DE CONTENIDOS;999;NO DISTRITALIZABLE;00;INVERSIONES DE CARÁCTER GENERAL;01;SERVICIOS ADMINISTRATIVOS CENTRALES;;;;;;;0;57572,43;57572,43;0;0;57572,43;57572,43;57572,43;0;57572,43;
;;503;140;24100;62600;2024/000092;2024/130092;AGENCIA DE ZONA PUENTE VALLECAS. ADQUISICIÓN DE CARTELERÍA Y GESTOR DE CONTENIDOS;213;PUENTE DE VALLECAS;03;PROTECCIÓN Y PROMOCIÓN SOCIAL;07;CENTROS PARA LA PROMOCIÓN DE EMPLEO;;;;;;;0;20808,16;20808,16;0;0;20808,16;20808,16;20808,16;0;20808,16;
;;503;140;24100;62600;2024/000092;2024/140092;CENTRO DE FORMACIÓN DE BARAJAS. ADQUISICIÓN DE CARTELERÍA DIGITAL Y GESTOR DE CONTENIDOS;221;BARAJAS;03;PROTECCIÓN Y PROMOCIÓN SOCIAL;07;CENTROS PARA LA PROMOCIÓN DE EMPLEO;;;;;;;0;19714,53;19714,53;0;0;19714,53;19714,53;19714,53;0;19714,53;
;;503;140;24100;62600;2024/000092;2024/150092;CENTRO DE FORMACIÓN LOS CÁRMENES. ADQUISICIÓN DE CARTELERÍA DIGITAL Y GESTOR DE CONTENIDOS;210;LATINA;03;PROTECCIÓN Y PROMOCIÓN SOCIAL;07;CENTROS PARA LA PROMOCIÓN DE EMPLEO;;;;;;;0;50513,43;50513,43;0;0;50513,43;50513,43;50513,43;0;50513,43;
;;503;140;24100;62600;2024/000092;2024/160092;CENTRO FORMACIÓN PARA LA MUJER. ADQUISICIÓN DE CARTELERÍA DIGITAL Y GESTOR DE CONTENIDOS;218;VILLA DE VALLECAS;03;PROTECCIÓN Y PROMOCIÓN SOCIAL;07;CENTROS PARA LA PROMOCIÓN DE EMPLEO;;;;;;;0;24217,53;24217,53;0;0;24217,53;24217,53;24217,53;0;24217,53;
;;503;140;24100;62600;2024/000092;2024/170092;AGENCIA DE ZONA DE VICÁLVARO. ADQUISICIÓN DE CARTELERÍA DIGITAL Y GESTOR DE CONTENIDOS;219;VICALVARO;03;PROTECCIÓN Y PROMOCIÓN SOCIAL;07;CENTROS PARA LA PROMOCIÓN DE EMPLEO;;;;;;;0;2604,03;2604,03;0;0;2604,03;2604,03;2604,03;0;2604,03;
;;503;140;24100;62600;2025/000219;2025/000219;ADQUISICIÓN DE CARTELERÍA DIGITAL GESTOR DE CONTENIDOS;998;VARIOS DISTRITOS;03;PROTECCIÓN Y PROMOCIÓN SOCIAL;07;CENTROS PARA LA PROMOCIÓN DE EMPLEO;;;;;;;480000;-322537,49;157462,51;157462,51;0;0;0;0;0;0;
;;503;140;24100;62600;2025/000219;2025/020219;ESCUELA DE HOSTELERÍA SANTA EUGENIA. ADQUISICIÓN CARTELERÍA DIGITAL Y GESTOR DE CONTENIDOS;218;VILLA DE VALLECAS;03;PROTECCIÓN Y PROMOCIÓN SOCIAL;07;CENTROS PARA LA PROMOCIÓN DE EMPLEO;;;;;;;0;209123,07;209123,07;0;0;209123,07;209123,07;0;0;0;
;;503;140;24100;62600;2025/000219;2025/030219;CENTRO FORMACIÓN DE OFICIOS USERA. ADQUISICIÓN CARTELERÍA DIGITAL Y GESTOR DE CONTENIDOS;212;USERA;03;PROTECCIÓN Y PROMOCIÓN SOCIAL;07;CENTROS PARA LA PROMOCIÓN DE EMPLEO;;;;;;;0;153730,52;153730,52;0;0;153730,52;153730,52;0;0;0;
;;503;140;24100;62999;2025/000255;2025/000255;ADQUISICIÓN DE CASETAS PARA TALLERES Y CURSOS CENTRO FORMACIÓN OCUPACIONAL LOS CÁRMENES;210;LATINA;03;PROTECCIÓN Y PROMOCIÓN SOCIAL;07;CENTROS PARA LA PROMOCIÓN DE EMPLEO;;;;;;;800000;-797552,9;2447,1;2447,1;0;0;0;0;0;0;
;;503;140;24100;63200;2024/000096;2024/010096;SEDE CENTRAL AGENCIA DE EMPLEO DE MADRID, Pº DE PONTONES, 10. OBRAS DE REFORMA;202;ARGANZUELA;00;INVERSIONES DE CARÁCTER GENERAL;01;SERVICIOS ADMINISTRATIVOS CENTRALES;;;;;;;0;1373,98;1373,98;0;0;1373,98;1373,98;1373,98;0;1373,98;
;;503;140;24100;63200;2024/000096;2024/020096;CENTRO DE FORMACIÓN OCUPACIONAL LOS CÁRMENES. OBRAS DE REFORMA;210;LATINA;03;PROTECCIÓN Y PROMOCIÓN SOCIAL;07;CENTROS PARA LA PROMOCIÓN DE EMPLEO;;;;;;;0;3382,92;3382,92;0;0;3382,92;3382,92;3382,92;0;3382,92;
;;503;140;24100;63200;2025/000243;2025/000243;OBRAS DE REFORMA EN CENTROS DE LA AGENCIA PARA EL EMPLEO;998;VARIOS DISTRITOS;03;PROTECCIÓN Y PROMOCIÓN SOCIAL;07;CENTROS PARA LA PROMOCIÓN DE EMPLEO;;;;;;;2270000;-2264479,71;5520,29;5520,29;0;0;0;0;0;0;
;;503;140;24100;63200;2025/000243;2025/010243;SEDE CENTRAL AGENCIA DE EMPLEO DE MADRID, Pº DE PONTONES, 10. OBRAS DE REFORMA;202;ARGANZUELA;00;INVERSIONES DE CARÁCTER GENERAL;01;SERVICIOS ADMINISTRATIVOS CENTRALES;;;;;;;0;22701,02;22701,02;0;0;22701,02;22701,02;17328,62;0;17328,62;
;;503;140;24100;63200;2025/000243;2025/020243;CENTRO DE FORMACIÓN LOS CÁRMENES, C/ALHAMBRA,89. OBRAS DE REFORMA;210;LATINA;03;PROTECCIÓN Y PROMOCIÓN SOCIAL;07;CENTROS PARA LA PROMOCIÓN DE EMPLEO;;;;;;;0;11653,16;11653,16;0;0;11653,16;11653,16;5264,36;0;5264,36;
;;503;140;24100;63200;2025/000243;2025/030243;ESCUELA MUNICIPAL DE EMPLEO VERDE Y OFICIOS (EMEVO). OBRAS DE REFORMA;212;USERA;03;PROTECCIÓN Y PROMOCIÓN SOCIAL;07;CENTROS PARA LA PROMOCIÓN DE EMPLEO;;;;;;;0;48090,91;48090,91;0;0;48090,91;48090,91;48090,91;0;48090,91;
;;503;140;24100;63301;2024/000098;2024/010098;CENTRO DESARROLLO EMPRESARIAL DE VILLAVERDE. AV.OROVILLA,54. REPOSICIÓN CLIMATIZACIÓN;217;VILLAVERDE;03;PROTECCIÓN Y PROMOCIÓN SOCIAL;07;CENTROS PARA LA PROMOCIÓN DE EMPLEO;;;;;;;0;38186,65;38186,65;0;0;38186,65;38186,65;38186,65;0;38186,65;
;;503;140;24100;63301;2024/000098;2024/020098;CENTRO FORMACIÓN DE OFICIOS USERA, C/GINEBRO,1. REPOSICIÓN CLIMATIZACIÓN;212;USERA;03;PROTECCIÓN Y PROMOCIÓN SOCIAL;07;CENTROS PARA LA PROMOCIÓN DE EMPLEO;;;;;;;0;101569,84;101569,84;0;0;101569,84;101569,84;101569,84;0;101569,84;
;;503;140;24100;63301;2025/000241;2025/000241;SUSTITUCIÓN E INSTALACIÓN DE CENTRALITAS DE INTRUSIÓN EN VARIOS CENTROS DE LA AGENCIA PARA EL EMPLEO;998;VARIOS DISTRITOS;03;PROTECCIÓN Y PROMOCIÓN SOCIAL;07;CENTROS PARA LA PROMOCIÓN DE EMPLEO;;;;;;;100000;-81574,65;18425,35;18425,35;0;0;0;0;0;0;
;;503;140;24100;63301;2025/000412;2025/000412;CENTRO DE FORMACIÓN LOS CÁRMENES, C/ALHAMBRA, 89. MEDIDAS DE SEGURIDAD;210;LATINA;03;PROTECCIÓN Y PROMOCIÓN SOCIAL;07;CENTROS PARA LA PROMOCIÓN DE EMPLEO;;;;;;;0;3388;3388;565,31;0;2822,69;2822,69;0;0;0;
;;503;140;24100;62500;2025/000204;2025/000204;ADQUISICION DE MOBILIARIO PARA LOS NUEVOS ESPACIOS CEOP Y TALENTO Y EMPRESAS;202;ARGANZUELA;03;PROTECCIÓN Y PROMOCIÓN SOCIAL;07;CENTROS PARA LA PROMOCIÓN DE EMPLEO;;;;;;;205000;-20000;185000;38566,4;20700,94;125732,66;125732,66;0;0;0;
;;503;140;24100;62500;2025/000222;2025/000222;EQUIPAMIENTO PARA VARIOS CENTROS DE LA AGENCIA PARA EL EMPLEO;998;VARIOS DISTRITOS;03;PROTECCIÓN Y PROMOCIÓN SOCIAL;07;CENTROS PARA LA PROMOCIÓN DE EMPLEO;;;;;;;33150;435,62;33585,62;33585,62;0;0;0;0;0;0;
;;503;140;24100;62500;2025/000222;2025/010222;EQUIPAMIENTO AGENCIA DE PROXIMIDAD DE VILLAVERDE, AV.OROVILLA,54;217;VILLAVERDE;03;PROTECCIÓN Y PROMOCIÓN SOCIAL;07;CENTROS PARA LA PROMOCIÓN DE EMPLEO;;;;;;;0;39288,7;39288,7;0;4868,98;34419,72;34419,72;0;0;0;
;;503;140;24100;62500;2025/000222;2025/020222;EQUIPAMIENTO AGENCIA DE PROXIMIDAD DE BARAJAS, AV,CANTABRIA, 6;221;BARAJAS;03;PROTECCIÓN Y PROMOCIÓN SOCIAL;07;CENTROS PARA LA PROMOCIÓN DE EMPLEO;;;;;;;0;16044,6;16044,6;0;4506,4;11538,2;11538,2;0;0;0;
;;503;140;24100;62500;2025/000222;2025/030222;EQUIPAMIENTO AGENCIA DE PROXIMIDAD DE TETUÁN, C/JUAN PANTOJA,2;206;TETUAN;03;PROTECCIÓN Y PROMOCIÓN SOCIAL;07;CENTROS PARA LA PROMOCIÓN DE EMPLEO;;;;;;;0;8397,4;8397,4;0;4137,34;4260,06;4260,06;0;0;0;
;;503;140;24100;62500;2025/000222;2025/040222;EQUIPAMIENTO AGENCIA DE PROXIMIDAD DE PUENTE DE VALLECAS, AV.ALBUFERA,42;213;PUENTE DE VALLECAS;03;PROTECCIÓN Y PROMOCIÓN SOCIAL;07;CENTROS PARA LA PROMOCIÓN DE EMPLEO;;;;;;;0;12760,05;12760,05;0;1709,32;11050,73;11050,73;0;0;0;
;;503;140;24100;62500;2025/000222;2025/050222;EQUIPAMIENTO AGENCIA DE PROXIMIDAD DE VICÁLVARO, AV.DAROCA 327;219;VICALVARO;03;PROTECCIÓN Y PROMOCIÓN SOCIAL;07;CENTROS PARA LA PROMOCIÓN DE EMPLEO;;;;;;;0;8022,3;8022,3;0;1864,72;6157,58;6157,58;0;0;0;
;;503;140;24100;62500;2025/000222;2025/060222;EQUIPAMIENTO ESCUELA DE HOSTELERÍA SANTA EUGENIA,C/VIRGEN DE LAS VIÑAS,16;218;VILLA DE VALLECAS;03;PROTECCIÓN Y PROMOCIÓN SOCIAL;07;CENTROS PARA LA PROMOCIÓN DE EMPLEO;;;;;;;0;3472,7;3472,7;0;0;3472,7;3472,7;0;0;0;
;;503;140;24100;62500;2025/000222;2025/070222;EQUIPAMIENTO ESCUELA EMPLEO VERDE Y OFICIOS, C/GINEBRO,1;212;USERA;03;PROTECCIÓN Y PROMOCIÓN SOCIAL;07;CENTROS PARA LA PROMOCIÓN DE EMPLEO;;;;;;;0;30225,8;30225,8;0;3884,82;26340,98;26340,98;0;0;0;
;;503;140;24100;62500;2025/000222;2025/090222;EQUIPAMIENTO AGENCIA DE PROXIMIDAD DE CARABANCHEL, AV.CARABANCHEL ALTO,52;211;CARABANCHEL;03;PROTECCIÓN Y PROMOCIÓN SOCIAL;07;CENTROS PARA LA PROMOCIÓN DE EMPLEO;;;;;;;0;4537,5;4537,5;0;2428,02;2109,48;2109,48;0;0;0;
;;503;140;24100;62500;2025/000222;2025/100222;EQUIPAMIENTO AGENCIA DE PROXIMIDAD EN MERCAMADRID.;218;VILLA DE VALLECAS;03;PROTECCIÓN Y PROMOCIÓN SOCIAL;07;CENTROS PARA LA PROMOCIÓN DE EMPLEO;;;;;;;0;3025;3025;0;1618,68;1406,32;1406,32;0;0;0;
;;503;140;24100;62500;2025/000222;2025/110222;EQUIPAMIENTO CENTRO DE FORMACIÓN Y EMPLEO JERTE, C/JERTE,3;201;CENTRO;03;PROTECCIÓN Y PROMOCIÓN SOCIAL;07;CENTROS PARA LA PROMOCIÓN DE EMPLEO;;;;;;;0;2420;2420;0;1294,94;1125,06;1125,06;0;0;0;
;;503;140;24100;62500;2025/000222;2025/120222;EQUIPAMIENTO SEDE EDIFICIO AGENCIA PARA EL EMPLEO MADRID, Pº DE PONTONES, 10;999;NO DISTRITALIZABLE;00;INVERSIONES DE CARÁCTER GENERAL;01;SERVICIOS ADMINISTRATIVOS CENTRALES;;;;;;;0;1370,33;1370,33;0;0;1370,33;1370,33;0;0;0;
;;503;140;24100;62599;2024/000091;2024/000091;ADQUISICIÓN DE OTRO EQUIPAMIENTO CENTROS AGENCIA PARA EL EMPLEO DE MADRID;998;VARIOS DISTRITOS;03;PROTECCIÓN Y PROMOCIÓN SOCIAL;07;CENTROS PARA LA PROMOCIÓN DE EMPLEO;;;;;;;0;0,4;0,4;0;0;0,4;0,4;0;0;0;
;;503;140;24100;62599;2024/000091;2025/001273;OTRO EQUIPAMIENTO CENTRO TALENTO & EMPRESAS ÁNCORA, C/ÁNCORA, 41;202;ARGANZUELA;03;PROTECCIÓN Y PROMOCIÓN SOCIAL;07;CENTROS PARA LA PROMOCIÓN DE EMPLEO;;;;;;;0;2511,54;2511,54;0;0;2511,54;2511,54;2511,54;0;2511,54;
;;503;140;24100;62599;2025/000204;2025/000204;ADQUISICION DE MOBILIARIO PARA LOS NUEVOS ESPACIOS CEOP Y TALENTO Y EMPRESAS;202;ARGANZUELA;03;PROTECCIÓN Y PROMOCIÓN SOCIAL;07;CENTROS PARA LA PROMOCIÓN DE EMPLEO;;;;;;;0;194096,1;194096,1;0;45949,51;148146,59;148146,59;0;0;0;
;;503;140;24100;62599;2025/000222;2025/000222;EQUIPAMIENTO PARA VARIOS CENTROS DE LA AGENCIA PARA EL EMPLEO;998;VARIOS DISTRITOS;03;PROTECCIÓN Y PROMOCIÓN SOCIAL;07;CENTROS PARA LA PROMOCIÓN DE EMPLEO;;;;;;;35000;-35000;0;0;0;0;0;0;0;0;
;;503;140;24100;62599;2025/000222;2025/010222;EQUIPAMIENTO AGENCIA DE PROXIMIDAD DE VILLAVERDE, AV.OROVILLA,54;217;VILLAVERDE;03;PROTECCIÓN Y PROMOCIÓN SOCIAL;07;CENTROS PARA LA PROMOCIÓN DE EMPLEO;;;;;;;0;2735,37;2735,37;0;0;2735,37;2735,37;2735,37;0;2735,37;
;;503;140;24100;62599;2025/000222;2025/080222;EQUIPAMIENTO EN CENTRO DE FORMACIÓN OCUPACIONAL LOS CÁRMENES;210;LATINA;03;PROTECCIÓN Y PROMOCIÓN SOCIAL;07;CENTROS PARA LA PROMOCIÓN DE EMPLEO;;;;;;;0;3620,16;3620,16;0;0;3620,16;3620,16;3620,16;0;3620,16;
;;503;140;24100;62599;2025/000222;2025/120222;EQUIPAMIENTO SEDE EDIFICIO AGENCIA PARA EL EMPLEO MADRID, Pº DE PONTONES, 10;999;NO DISTRITALIZABLE;00;INVERSIONES DE CARÁCTER GENERAL;01;SERVICIOS ADMINISTRATIVOS CENTRALES;;;;;;;0;3790;3790;0;0;3790;3790;0;0;0;
;;503;140;24100;62600;2024/000092;2024/000092;ADQUISICIÓN DE CARTELERÍA DIGITAL Y GESTOR DE CONTENIDOS PARA CENTROS AGENCIA EMPLEO MADRID;998;VARIOS DISTRITOS;03;PROTECCIÓN Y PROMOCIÓN SOCIAL;07;CENTROS PARA LA PROMOCIÓN DE EMPLEO;;;;;;;0;0,01;0,01;0,01;0;0;0;0;0;0;
;;503;140;24100;62600;2024/000092;2024/010092;AGENCIA DE ZONA DE ARGANZUELA. ADQUISICIÓN CARTELERÍA DIGITAL Y GESTOR CONTENIDOS;202;ARGANZUELA;03;PROTECCIÓN Y PROMOCIÓN SOCIAL;07;CENTROS PARA LA PROMOCIÓN DE EMPLEO;;;;;;;0;10220,63;10220,63;0;0;10220,63;10220,63;10220,61;0;10220,61;
;;503;140;24100;62600;2024/000092;2024/020092;AGENCIA DE ZONA DE BARAJAS. ADQUISICIÓN CARTELERÍA DIGITAL Y GESTOR CONTENIDOS;221;BARAJAS;03;PROTECCIÓN Y PROMOCIÓN SOCIAL;07;CENTROS PARA LA PROMOCIÓN DE EMPLEO;;;;;;;0;10884,39;10884,39;0;0;10884,39;10884,39;10884,39;0;10884,39;
;;503;140;24100;62600;2024/000092;2024/030092;AGENCIA DE ZONA DE CARABANCHEL. ADQUISICIÓN DE CARTELERÍA Y GESTOR DE CONTENIDOS;210;LATINA;03;PROTECCIÓN Y PROMOCIÓN SOCIAL;07;CENTROS PARA LA PROMOCIÓN DE EMPLEO;;;;;;;0;11955,24;11955,24;0;0;11955,24;11955,24;11955,24;0;11955,24;
;;503;140;24100;62600;2024/000092;2024/040092;AGENCIA DE ZONA LATINA-CARABANCHEL. ADQUISICIÓN CARTELERÍA DIGITAL Y GESTOR DE CONTENIDOS;210;LATINA;03;PROTECCIÓN Y PROMOCIÓN SOCIAL;07;CENTROS PARA LA PROMOCIÓN DE EMPLEO;;;;;;;0;10884,39;10884,39;0;0;10884,39;10884,39;10884,39;0;10884,39;
;;503;140;24100;62600;2024/000092;2024/050092;AGENCIA DE ZONA MERCAMADRID. ADQUISICIÓN CARTELERÍA DIGITAL Y GESTOR DE CONTENIDOS;218;VILLA DE VALLECAS;03;PROTECCIÓN Y PROMOCIÓN SOCIAL;07;CENTROS PARA LA PROMOCIÓN DE EMPLEO;;;;;;;0;15255,54;15255,54;0;0;15255,54;15255,54;15255,54;0;15255,54;
;;503;140;24100;62600;2024/000092;2024/060092;AGENCIA DE ZONA DE RETIRO. ADQUISICIÓN CARTELERÍA DIGITAL Y GESTOR DE CONTENIDOS;203;RETIRO;03;PROTECCIÓN Y PROMOCIÓN SOCIAL;07;CENTROS PARA LA PROMOCIÓN DE EMPLEO;;;;;;;0;10884,39;10884,39;0;0;10884,39;10884,39;10884,39;0;10884,39;
;;503;140;24100;62600;2024/000092;2024/070092;AGENCIA DE ZONA DE TETUÁN. ADQUISICIÓN DE CARTELERÍA DIGITAL Y GESTOR DE CONTENIDOS;206;TETUAN;03;PROTECCIÓN Y PROMOCIÓN SOCIAL;07;CENTROS PARA LA PROMOCIÓN DE EMPLEO;;;;;;;0;10884,39;10884,39;0;0;10884,39;10884,39;10884,39;0;10884,39;
;;503;140;24100;62600;2024/000092;2024/080092;AGENCIA DE ZONA DE VILLAVERDE. ADQUISICIÓN CARTELERÍA DIGITAL Y GESTOR DE CONTENIDOS;217;VILLAVERDE;03;PROTECCIÓN Y PROMOCIÓN SOCIAL;07;CENTROS PARA LA PROMOCIÓN DE EMPLEO;;;;;;;0;15255,54;15255,54;0;0;15255,54;15255,54;15255,54;0;15255,54;
;;503;140;24100;62600;2024/000092;2024/090092;CENTRO FORMACIÓN DE OFICIOS USERA. ADQUISICIÓN CARTELERÍA DIGITAL Y GESTOR DE CONTENIDOS;212;USERA;03;PROTECCIÓN Y PROMOCIÓN SOCIAL;07;CENTROS PARA LA PROMOCIÓN DE EMPLEO;;;;;;;0;33861,38;33861,38;0;0;33861,38;33861,38;33861,38;0;33861,38;
;;503;140;24100;62600;2024/000092;2024/100092;ESCUELA DE HOSTELERÍA SANTA EUGENIA. ADQUISICIÓN CARTELERÍA DIGITAL Y GESTOR DE CONTENIDOS;218;VILLA DE VALLECAS;03;PROTECCIÓN Y PROMOCIÓN SOCIAL;07;CENTROS PARA LA PROMOCIÓN DE EMPLEO;;;;;;;0;16185,93;16185,93;0;0;16185,93;16185,93;16185,93;0;16185,93;
;;503;140;24100;62600;2024/000092;2024/110092;CENTRO CEOP Y TALENTO & EMPRESAS. ADQUISICIÓN CARTELERÍA DIGITAL Y GESTOR CONTENIDOS;202;ARGANZUELA;03;PROTECCIÓN Y PROMOCIÓN SOCIAL;07;CENTROS PARA LA PROMOCIÓN DE EMPLEO;;;;;;;0;19981,96;19981,96;0;0;19981,96;19981,96;19981,96;0;19981,96;
;;503;140;24109;62601;2025/000224;2025/000224;ADQUISICIÓN DE EQUIPOS PARA PROCESO DE DATOS EN CENTROS AGENCIA PARA EL EMPLEO;998;VARIOS DISTRITOS;03;PROTECCIÓN Y PROMOCIÓN SOCIAL;07;CENTROS PARA LA PROMOCIÓN DE EMPLEO;;;;;;;75000;-75000;0;0;0;0;0;0;0;0;
;;503;140;24109;62601;2025/000224;2025/010224;CENTRO TALENTO & EMPRESAS ÁNCORA. ADQUISICIÓN EQUIPOS PARA PROCESO DE DATOS;202;ARGANZUELA;03;PROTECCIÓN Y PROMOCIÓN SOCIAL;07;CENTROS PARA LA PROMOCIÓN DE EMPLEO;;;;;;;0;6443,7;6443,7;0;0;6443,7;6443,7;6443,7;0;6443,7;
;;503;140;24109;62601;2025/000224;2025/020224;AGENCIA DE PROXIMIDAD VILLAVERDE. EQUIPOS PROCESOS DE DATOS;217;VILLAVERDE;03;PROTECCIÓN Y PROMOCIÓN SOCIAL;07;CENTROS PARA LA PROMOCIÓN DE EMPLEO;;;;;;;0;192,7;192,7;0;0;192,7;192,7;192,7;0;192,7;
;;503;140;24109;62601;2025/000224;2025/030224;AGENCIA DE PROXIMIDAD BARAJAS. EQUIPOS PROCESOS DE DATOS;221;BARAJAS;03;PROTECCIÓN Y PROMOCIÓN SOCIAL;07;CENTROS PARA LA PROMOCIÓN DE EMPLEO;;;;;;;0;192,7;192,7;0;0;192,7;192,7;192,7;0;192,7;
;;503;140;24109;62601;2025/000224;2025/040224;AGENCIA DE PROXIMIDAD PUENTE DE VALLECAS. EQUIPOS PROCESOS DE DATOS;213;PUENTE DE VALLECAS;03;PROTECCIÓN Y PROMOCIÓN SOCIAL;07;CENTROS PARA LA PROMOCIÓN DE EMPLEO;;;;;;;0;192,71;192,71;0;0;192,71;192,71;192,71;0;192,71;
;;503;140;24109;62601;2025/000224;2025/050224;AGENCIA DE PROXIMIDAD CARABANCHEL. EQUIPOS PROCESOS DE DATOS;211;CARABANCHEL;03;PROTECCIÓN Y PROMOCIÓN SOCIAL;07;CENTROS PARA LA PROMOCIÓN DE EMPLEO;;;;;;;0;192,71;192,71;0;0;192,71;192,71;192,71;0;192,71;
;;503;140;24109;62601;2025/000224;2025/060224;AGENCIA DE PROXIMIDAD LATINA. EQUIPOS PROCESOS DE DATOS;210;LATINA;03;PROTECCIÓN Y PROMOCIÓN SOCIAL;07;CENTROS PARA LA PROMOCIÓN DE EMPLEO;;;;;;;0;192,7;192,7;0;0;192,7;192,7;192,7;0;192,7;
;;506;140;93200;62301;2025/000116;2025/000116;SUMINISTRO E INSTALACIÓN ELEMENTOS ACCESIBILIDAD OFICINAS ATENCIÓN INTEGRAL AL CONTRIBUYENTE (OAICs);998;VARIOS DISTRITOS;12;OTROS BIENES PÚBLICOS DE CARÁCTER SOCIAL;00;ATENCIÓN AL CIUDADANO;;;;;;;18100;0;18100;18100;0;0;0;0;0;0;
;;506;140;93200;62302;2025/000119;2025/000119;ADQUISICIÓN TELÉMETROS Y PODÓMETROS. AGENCIA TRIBUTARIA MADRID;999;NO DISTRITALIZABLE;00;INVERSIONES DE CARÁCTER GENERAL;01;SERVICIOS ADMINISTRATIVOS CENTRALES;;;;;;;600;0;600;600;0;0;0;0;0;0;
;;506;140;93200;62500;2025/000120;2025/000120;MOBILIARIO NUEVA ADQUISICIÓN ZONAS COWORKING, C/SACRAMENTO, 1;999;NO DISTRITALIZABLE;00;INVERSIONES DE CARÁCTER GENERAL;01;SERVICIOS ADMINISTRATIVOS CENTRALES;;;;;;;35000;0;35000;5296,52;0;29703,48;29703,48;0;0;0;
;;506;140;93200;62600;2025/000122;2025/000122;ADQUISICIÓN DE EQUIPOS AUDIOVISUALES,C/ SACRAMENTO, 9;999;NO DISTRITALIZABLE;00;INVERSIONES DE CARÁCTER GENERAL;01;SERVICIOS ADMINISTRATIVOS CENTRALES;;;;;;;6292;-314,6;5977,4;0;0;5977,4;5977,4;5977,4;0;5977,4;
;;506;140;93200;62600;2025/000397;2025/000397;ADQUISICIÓN DE 14 PARES DE AURICULARES PARA C/ SACRAMENTO 3 Y 5. AGENCIA TRIBUTARIA MADRID;999;NO DISTRITALIZABLE;00;INVERSIONES DE CARÁCTER GENERAL;01;SERVICIOS ADMINISTRATIVOS CENTRALES;;;;;;;0;2304,6;2304,6;0,08;0;2304,52;2304,52;2304,52;0;2304,52;
;;506;140;93200;62901;2025/000123;2025/000123;SEÑALÉTICA Y CARTELERÍA ZONAS COMUNES COWORKING, C/ SACRAMENTO,1;999;NO DISTRITALIZABLE;00;INVERSIONES DE CARÁCTER GENERAL;01;SERVICIOS ADMINISTRATIVOS CENTRALES;;;;;;;10000;0;10000;10000;0;0;0;0;0;0;
;;506;140;93200;63301;2025/000124;2025/000124;REPOSICIÓN DE CENTRAL DE DETECCIÓN Y ALARMAS CONTRAINCENDIOS (PCI),C/ SACRAMENTO,5;999;NO DISTRITALIZABLE;00;INVERSIONES DE CARÁCTER GENERAL;01;SERVICIOS ADMINISTRATIVOS CENTRALES;;;;;;;18100;0;18100;18100;0;0;0;0;0;0;
;;506;140;93200;63500;2025/000125;2025/000125;REPOSICIÓN FUENTES DE AGUA EN CENTROS DE LA AGENCIA TRIBUTARIA MADRID;999;NO DISTRITALIZABLE;00;INVERSIONES DE CARÁCTER GENERAL;01;SERVICIOS ADMINISTRATIVOS CENTRALES;;;;;;;5000;-4545;455;455;0;0;0;0;0;0;
;;506;140;93200;63500;2025/000125;2025/010125;OFICINA ATENCIÓN INTEGRAL AL CIUDADANO, C/RAIMUNDO FDEZ.VILLAVERDE,32. REPOSICIÓN FUENTES;207;CHAMBERI;12;OTROS BIENES PÚBLICOS DE CARÁCTER SOCIAL;00;ATENCIÓN AL CIUDADANO;;;;;;;0;1515;1515;0;0;1515;1515;1514,99;0;1514,99;
;;506;140;93200;63500;2025/000125;2025/020125;EDIFICIO AGENCIA TRIBUTARIA MADRID, C/ SACRAMENTO,5. REPOSICIÓN FUENTES;999;NO DISTRITALIZABLE;00;INVERSIONES DE CARÁCTER GENERAL;01;SERVICIOS ADMINISTRATIVOS CENTRALES;;;;;;;0;3030;3030;0;0;3030;3030;3029,99;0;3029,99;
;;506;140;93200;63500;2025/000126;2025/000126;REPOSICIÓN MOBILIARIO EN C/ SACRAMENTO, 1;999;NO DISTRITALIZABLE;00;INVERSIONES DE CARÁCTER GENERAL;01;SERVICIOS ADMINISTRATIVOS CENTRALES;;;;;;;85000;0;85000;5098,08;0;79901,92;79901,91;0;0;0;
;;506;140;93200;63601;2025/000396;2025/000396;ADQUISICIÓN DE CPU Y ORDENADOR PORTÁTIL, C/SACRAMENTO, 5. AGENCIA TRIBUTARIA MADRID;999;NO DISTRITALIZABLE;00;INVERSIONES DE CARÁCTER GENERAL;01;SERVICIOS ADMINISTRATIVOS CENTRALES;;;;;;;0;2947;2947;2947;0;0;0;0;0;0;
;;508;120;31100;62301;2025/000053;2025/170053;CENTRO MUNICIPAL DE SALUD COMUNITARIA TETUÁN. INSTALACIONES TÉCNICAS;206;TETUAN;04;SALUD PÚBLICA;00;PROMOCIÓN DE LA SALUD Y AT. SANITARIA;;;;;;;0;2660,22;2660,22;0;0;2660,22;2660,22;0;0;0;
;;508;120;31100;62500;2025/000055;2025/000055;EQUIPAMIENTO PARA CENTROS DE MADRID SALUD;998;VARIOS DISTRITOS;04;SALUD PÚBLICA;00;PROMOCIÓN DE LA SALUD Y AT. SANITARIA;;;;;;;5000;-4088,77;911,23;911,23;0;0;0;0;0;0;
;;508;120;31100;62500;2025/000055;2025/010055;EQUIPAMIENTO SEDE MADRID SALUD, AV.DEL MEDITERRÁNEO,62;999;NO DISTRITALIZABLE;00;INVERSIONES DE CARÁCTER GENERAL;01;SERVICIOS ADMINISTRATIVOS CENTRALES;;;;;;;0;10088,77;10088,77;0;0;10088,77;1709,52;1709,52;0;1709,52;
;;508;120;31100;62599;2024/000005;2024/000005;EQUIPAMIENTO CENTROS MADRID SALUD;998;VARIOS DISTRITOS;04;SALUD PÚBLICA;00;PROMOCIÓN DE LA SALUD Y AT. SANITARIA;;;;;;;0;4450;4450;4450;0;0;0;0;0;0;
;;508;120;31100;62599;2024/000005;2024/030005;EQUIPAMIENTO LABORATORIO DE SALUD PÚBLICA, C/EMIGRANTES, 20;216;HORTALEZA;04;SALUD PÚBLICA;02;HIGIENE;;;;;;;0;65914,21;65914,21;0;0;65914,21;65914,21;65914,21;0;65914,21;
;;508;120;31100;62599;2025/000055;2025/000055;EQUIPAMIENTO PARA CENTROS DE MADRID SALUD;998;VARIOS DISTRITOS;04;SALUD PÚBLICA;00;PROMOCIÓN DE LA SALUD Y AT. SANITARIA;;;;;;;62100;-28021,97;34078,03;34078,03;0;0;0;0;0;0;
;;508;120;31100;62599;2025/000055;2025/020055;EQUIPAMIENTO DEPARTAMENTO DE FARMACIA, C/ MONTESA, 22 EDIFICIO A;204;SALAMANCA;04;SALUD PÚBLICA;00;PROMOCIÓN DE LA SALUD Y AT. SANITARIA;;;;;;;0;42093,64;42093,64;0;0;42093,64;40567,22;39422,56;0;39422,56;
;;508;120;31100;62599;2025/000055;2025/030055;EQUIPAMIENTO CENTRO DE ATENCIÓN A LAS ADICCIONES (CAD) DE TETUÁN;206;TETUAN;04;SALUD PÚBLICA;03;DROGODEPENDECIAS;;;;;;;0;1574,99;1574,99;0;0;1574,99;867,74;867,74;0;867,74;
;;508;120;31100;62599;2025/000055;2025/040055;EQUIPAMIENTO CENTRO DE ATENCIÓN A LAS ADICCIONES (CAD) VALLECAS;213;PUENTE DE VALLECAS;04;SALUD PÚBLICA;03;DROGODEPENDECIAS;;;;;;;0;1659,88;1659,88;0;0;1659,88;245,39;245,39;0;245,39;
;;508;120;31100;62599;2025/000055;2025/050055;EQUIPAMIENTO CMSc CENTRO MUNICIPAL DE SALUD COMUNITARIA DE CARABANCHEL;211;CARABANCHEL;04;SALUD PÚBLICA;00;PROMOCIÓN DE LA SALUD Y AT. SANITARIA;;;;;;;0;13309,65;13309,65;0;0;13309,65;7309,26;7309,26;0;7309,26;
;;508;120;31100;62599;2025/000055;2025/060055;EQUIPAMIENTO CMSc CENTRO MUNICIPAL DE SALUD COMUNITARIA DE CENTRO;201;CENTRO;04;SALUD PÚBLICA;00;PROMOCIÓN DE LA SALUD Y AT. SANITARIA;;;;;;;0;11366,05;11366,05;0;0;11366,05;6948,01;6948,01;0;6948,01;
;;508;120;31100;62599;2025/000055;2025/070055;EQUIPAMIENTO CMSc CENTRO MUNICIPAL DE SALUD COMUNITARIA DE CHAMBERÍ;207;CHAMBERI;04;SALUD PÚBLICA;00;PROMOCIÓN DE LA SALUD Y AT. SANITARIA;;;;;;;0;5098,96;5098,96;0;0;5098,96;4391,71;4391,71;0;4391,71;
;;508;120;31100;62599;2025/000055;2025/080055;EQUIPAMIENTO CMSc CENTRO MUNICIPAL DE SALUD COMUNITARIA DE CIUDAD LINEAL;215;CIUDAD LINEAL;04;SALUD PÚBLICA;00;PROMOCIÓN DE LA SALUD Y AT. SANITARIA;;;;;;;0;17538,11;17538,11;0;0;17538,11;11937,62;11937,62;0;11937,62;
;;508;120;31100;62599;2025/000055;2025/090055;EQUIPAMIENTO CMSc CENTRO MUNICIPAL DE SALUD COMUNITARIA DE FUENCARRAL;208;FUENCARRAL-EL PARDO;04;SALUD PÚBLICA;00;PROMOCIÓN DE LA SALUD Y AT. SANITARIA;;;;;;;0;4646,35;4646,35;0;0;4646,35;2641,07;2641,07;0;2641,07;
;;508;120;31100;62599;2025/000055;2025/100055;EQUIPAMIENTO CMSc CENTRO MUNICIPAL DE SALUD COMUNITARIA DE HORTALEZA;216;HORTALEZA;04;SALUD PÚBLICA;00;PROMOCIÓN DE LA SALUD Y AT. SANITARIA;;;;;;;0;7719,67;7719,67;0;0;7719,67;3559,43;3559,43;0;3559,43;
;;508;120;31100;62599;2025/000055;2025/110055;EQUIPAMIENTO CMSc CENTRO MUNICIPAL DE SALUD COMUNITARIA DE LATINA;210;LATINA;04;SALUD PÚBLICA;00;PROMOCIÓN DE LA SALUD Y AT. SANITARIA;;;;;;;0;1696,38;1696,38;0;0;1696,38;989,13;989,13;0;989,13;
;;508;120;31100;62599;2025/000055;2025/120055;EQUIPAMIENTO CMSc CENTRO MUNICIPAL DE SALUD COMUNITARIA PUENTE DE VALLECAS;213;PUENTE DE VALLECAS;04;SALUD PÚBLICA;00;PROMOCIÓN DE LA SALUD Y AT. SANITARIA;;;;;;;0;33773,81;33773,81;0;0;33773,81;21131,34;21131,34;0;21131,34;
;;508;120;31100;62599;2025/000055;2025/130055;EQUIPAMIENTO CMSc CENTRO MUNICIPAL DE SALUD COMUNITARIA DE SALAMANCA-RETIRO;204;SALAMANCA;04;SALUD PÚBLICA;00;PROMOCIÓN DE LA SALUD Y AT. SANITARIA;;;;;;;0;1969,01;1969,01;0;0;1969,01;339,14;339,14;0;339,14;
;;508;120;31100;62599;2025/000055;2025/140055;EQUIPAMIENTO CMSc CENTRO MUNICIPAL DE SALUD COMUNITARIA DE TETUÁN;206;TETUAN;04;SALUD PÚBLICA;00;PROMOCIÓN DE LA SALUD Y AT. SANITARIA;;;;;;;0;12180,61;12180,61;0;0;12180,61;8821,64;8821,64;0;8821,64;
;;508;120;31100;62599;2025/000055;2025/150055;EQUIPAMIENTO CMSc CENTRO MUNICIPAL DE SALUD COMUNITARIA DE USERA;212;USERA;04;SALUD PÚBLICA;00;PROMOCIÓN DE LA SALUD Y AT. SANITARIA;;;;;;;0;3754,37;3754,37;0;0;3754,37;1632,63;1632,63;0;1632,63;
;;508;120;31100;62599;2025/000055;2025/160055;EQUIPAMIENTO CENTRO MUNICIPAL DE SALUD COMUNITARIA VILLA DE VALLECAS;218;VILLA DE VALLECAS;04;SALUD PÚBLICA;00;PROMOCIÓN DE LA SALUD Y AT. SANITARIA;;;;;;;0;4721,77;4721,77;0;0;4721,77;4130,98;4130,98;0;4130,98;
;;508;120;31100;62599;2025/000055;2025/170055;EQUIPAMIENTO DEPARTAMENTO DE CONTROL DE VECTORES, CRTA. BARRIO DE LA FORTUNA,33;210;LATINA;04;SALUD PÚBLICA;02;HIGIENE;;;;;;;0;4629,29;4629,29;0;0;4629,29;3885,14;3885,14;0;3885,14;
;;508;120;31100;62599;2025/000055;2025/180055;EQUIPAMIENTO SECCIÓN DIAGNÓSTICO POR IMAGEN, C/MONTESA, 22. EDIFICIO A;204;SALAMANCA;04;SALUD PÚBLICA;00;PROMOCIÓN DE LA SALUD Y AT. SANITARIA;;;;;;;0;595,32;595,32;0;0;595,32;0;0;0;0;
;;508;120;31100;62599;2025/000055;2025/190055;EQUIPAMIENTO CENTRO DE ESPECIALIDADES MÉDICAS, C/ MONTESA, 22  EDIFICIO B;204;SALAMANCA;04;SALUD PÚBLICA;00;PROMOCIÓN DE LA SALUD Y AT. SANITARIA;;;;;;;0;10400,27;10400,27;0;0;10400,27;7135,69;7135,69;0;7135,69;
;;508;120;31100;62599;2025/000055;2025/200055;EQUIPAMIENTO DEPARTAMENTO DE INSPECCIÓN CENTRAL Y AGUAS DE CONSUMO;216;HORTALEZA;04;SALUD PÚBLICA;02;HIGIENE;;;;;;;0;3128,23;3128,23;0;0;3128,23;1601,81;1601,81;0;1601,81;
;;508;120;31100;62599;2025/000055;2025/210055;EQUIPAMIENTO LABORATORIO DE SALUD PÚBLICA, C/EMIGRANTES, 20;216;HORTALEZA;04;SALUD PÚBLICA;02;HIGIENE;;;;;;;0;20969,22;20969,22;0;0;20969,22;12719,96;9826,24;0;9826,24;
;;508;120;31100;62599;2025/000055;2025/220055;EQUIPAMIENTO DEPARTAMENTO DE INSPECCIÓN DE MERCAMADRID;218;VILLA DE VALLECAS;04;SALUD PÚBLICA;02;HIGIENE;;;;;;;0;864,43;864,43;0;0;864,43;355,62;355,62;0;355,62;
;;508;120;31100;62599;2025/000055;2025/230055;EQUIPAMIENTO CENTRO ATENCIÓN A LAS ADICCIONES (CAD) LATINA, C/ CAMARENA,10;210;LATINA;04;SALUD PÚBLICA;03;DROGODEPENDECIAS;;;;;;;0;403,49;403,49;0;0;403,49;403,49;403,49;0;403,49;
;;508;120;31100;62599;2025/000055;2025/240055;EQUIPAMIENTO CENTRO REDUCCIÓN DEL DAÑO PARA PERSONAS CON ADICCIÓNES CAÑADA REAL;218;VILLA DE VALLECAS;04;SALUD PÚBLICA;03;DROGODEPENDECIAS;;;;;;;0;2021,02;2021,02;0;0;2021,02;2021,02;2021,02;0;2021,02;
;;508;120;31100;62599;2025/000055;2025/250055;EQUIPAMIENTO CENTRO DE APOYO A LA SEGURIDAD, CRTA. DEHESA DE LA VILLA, 1;209;MONCLOA-ARAVACA;04;SALUD PÚBLICA;00;PROMOCIÓN DE LA SALUD Y AT. SANITARIA;;;;;;;0;978,55;978,55;0;0;978,55;978,55;978,55;0;978,55;
;;508;120;31100;62599;2025/000055;2025/260055;EQUIPAMIENTO CENTRO PREVENCIÓN DETERIORO COGNITIVO,C/MONTESA,22 EDIFICIO D;204;SALAMANCA;04;SALUD PÚBLICA;00;PROMOCIÓN DE LA SALUD Y AT. SANITARIA;;;;;;;0;262,39;262,39;0;0;262,39;262,39;262,39;0;262,39;
;;508;120;31100;62599;2025/000055;2025/270055;EQUIPAMIENTO CENTRO JOVEN DE MADRID SALUD, C/NAVAS DE TOLOSA,10;201;CENTRO;04;SALUD PÚBLICA;00;PROMOCIÓN DE LA SALUD Y AT. SANITARIA;;;;;;;0;528,67;528,67;0;0;528,67;528,67;528,67;0;528,67;
;;508;120;31100;62599;2025/000055;2025/280055;EQUIPAMIENTO CENTRO SALUD INTERNACIONAL, C/MONTESA, 22 EDIFICIO C;204;SALAMANCA;04;SALUD PÚBLICA;00;PROMOCIÓN DE LA SALUD Y AT. SANITARIA;;;;;;;0;6885,97;6885,97;0;0;6885,97;6885,97;6885,97;0;6885,97;
;;508;120;31100;62599;2025/000055;2025/290055;EQUIPAMIENTO CMSc CENTRO MUNICIPAL DE SALUD COMUNITARIA DE ARGANZUELA;202;ARGANZUELA;04;SALUD PÚBLICA;00;PROMOCIÓN DE LA SALUD Y AT. SANITARIA;;;;;;;0;201,74;201,74;0;0;201,74;201,74;201,74;0;201,74;
;;508;120;31100;62599;2025/000055;2025/300055;EQUIPAMIENTO CMSc CENTRO MUNICIPAL DE SALUD COMUNITARIA DE SAN BLAS;220;SAN BLAS-CANILLEJAS;04;SALUD PÚBLICA;00;PROMOCIÓN DE LA SALUD Y AT. SANITARIA;;;;;;;0;508,51;508,51;0;0;508,51;508,51;508,51;0;508,51;
;;508;120;31100;62599;2025/000055;2025/310055;EQUIPAMIENTO CMSc CENTRO MUNICIPAL DE SALUD COMUNITARIA DE VICÁLVARO;219;VICALVARO;04;SALUD PÚBLICA;00;PROMOCIÓN DE LA SALUD Y AT. SANITARIA;;;;;;;0;777,94;777,94;0;0;777,94;777,94;777,94;0;777,94;
;;508;120;31100;62599;2025/000055;2025/320055;EQUIPAMIENTO CMSc CENTRO MUNICIPAL DE SALUD COMUNITARIA DE VILLAVERDE;217;VILLAVERDE;04;SALUD PÚBLICA;00;PROMOCIÓN DE LA SALUD Y AT. SANITARIA;;;;;;;0;2806,06;2806,06;0;0;2806,06;2806,06;2806,06;0;2806,06;
;;508;120;31100;62599;2025/000055;2025/330055;EQUIPAMIENTO LABORATORIO DE ANÁLISIS CLÍNICOS, C/ MONTESA, 22 EDIFICIO C;204;SALAMANCA;04;SALUD PÚBLICA;00;PROMOCIÓN DE LA SALUD Y AT. SANITARIA;;;;;;;0;4627,03;4627,03;0;0;4627,03;4627,03;4627,03;0;4627,03;
;;508;120;31100;62599;2025/000055;2025/340055;EQUIPAMIENTO DEPARTAMENTO DE SALUD LABORAL DE LA MUJER,;204;SALAMANCA;04;SALUD PÚBLICA;00;PROMOCIÓN DE LA SALUD Y AT. SANITARIA;;;;;;;0;3934,91;3934,91;0;0;3934,91;3934,91;3934,91;0;3934,91;
;;508;120;31100;62599;2025/000055;2025/350055;EQUIPAMIENTO CENTRO DE PROTECCIÓN ANIMAL, CRTA.Bº.DE LA FORTUNA,33;210;LATINA;04;SALUD PÚBLICA;04;SERVICIOS VETERINARIOS;;;;;;;0;2481,47;2481,47;0;0;2481,47;2481,47;245,39;0;245,39;
;;508;120;31100;62901;2025/000059;2025/000059;SEÑALIZACION CENTROS MADRID SALUD;998;VARIOS DISTRITOS;04;SALUD PÚBLICA;00;PROMOCIÓN DE LA SALUD Y AT. SANITARIA;;;;;;;60000;-39553;20447;2460,35;0;17986,65;17986,65;17986,65;0;17986,65;
;;508;120;31100;63200;2024/000007;2024/000007;OBRAS DE REFORMAS EN VARIOS CENTROS DE MADRID SALUD;998;VARIOS DISTRITOS;04;SALUD PÚBLICA;00;PROMOCIÓN DE LA SALUD Y AT. SANITARIA;;;;;;;0;583,66;583,66;583,66;0;0;0;0;0;0;
;;508;120;31100;63200;2024/000007;2024/020007;CENTRO MUNICIPAL SALUD COMUNITARIA CENTRO Y CENTRO JOVEN CENTRO. REFORMA;201;CENTRO;04;SALUD PÚBLICA;00;PROMOCIÓN DE LA SALUD Y AT. SANITARIA;;;;;;;0;135098,05;135098,05;0;0;135098,05;135098,05;134082,22;0;134082,22;
;;508;120;31100;63200;2025/000056;2025/000056;OBRAS DE REFORMAS PARA CENTROS DE MADRID SALUD;998;VARIOS DISTRITOS;04;SALUD PÚBLICA;00;PROMOCIÓN DE LA SALUD Y AT. SANITARIA;;;;;;;417144;-413729,63;3414,37;3414,37;0;0;0;0;0;0;
;;508;120;31100;63200;2025/000056;2025/020056;CENTRO MUNICIPAL DE SALUD COMUNITARIA VILLA DE VALLECAS. OBRAS DE REFORMA;218;VILLA DE VALLECAS;04;SALUD PÚBLICA;00;PROMOCIÓN DE LA SALUD Y AT. SANITARIA;;;;;;;0;45917,55;45917,55;0;0;45917,55;45917,55;45164,67;0;45164,67;
;;508;120;31100;63200;2025/000056;2025/030056;CENTRO MUNICIPAL DE SALUD COMUNITARIA DE PUENTE DE VALLECAS. OBRAS DE REFORMA;213;PUENTE DE VALLECAS;04;SALUD PÚBLICA;00;PROMOCIÓN DE LA SALUD Y AT. SANITARIA;;;;;;;0;32258,38;32258,38;0;0;32258,38;32258,38;31505,5;0;31505,5;
;;508;120;31100;63200;2025/000056;2025/040056;LABORATORIO DE SALUD PÚBLICA, C/EMIGRANTES, 20. OBRAS DE REFORMA;216;HORTALEZA;04;SALUD PÚBLICA;02;HIGIENE;;;;;;;0;49039,56;49039,56;0;0;49039,56;49039,56;48286,68;0;48286,68;
;;508;120;31100;63200;2025/000056;2025/050056;CENTRO DE DIAGNÓSTICO MÉDICO COMPLEJO MONTESA. OBRAS DE REFORMA;204;SALAMANCA;04;SALUD PÚBLICA;00;PROMOCIÓN DE LA SALUD Y AT. SANITARIA;;;;;;;0;17681,07;17681,07;0;0;17681,07;17681,07;0;0;0;
;;508;120;31100;63200;2025/000056;2025/060056;CENTRO CONCERTADO DE ATENCIÓN DE ADICCIONES PABELLÓN III CRUZ ROJA CASA DE CAMPO. OBRAS DE REFORMA;209;MONCLOA-ARAVACA;04;SALUD PÚBLICA;02;HIGIENE;;;;;;;0;46732,47;46732,47;0;0;46732,47;46732,47;45979,59;0;45979,59;
;;508;120;31100;63200;2025/000056;2025/070056;CENTRO DE ATENCIÓN A LAS ADICCIONES (CAD) LATINA. OBRAS DE REFORMA;210;LATINA;04;SALUD PÚBLICA;03;DROGODEPENDECIAS;;;;;;;0;752,88;752,88;0;0;752,88;752,88;0;0;0;
;;508;120;31100;63200;2025/000056;2025/080056;CMSc CENTRO MUNICIPAL DE SALUD COMUNITARIA DE CENTRO. OBRAS DE REFORMA;201;CENTRO;04;SALUD PÚBLICA;00;PROMOCIÓN DE LA SALUD Y AT. SANITARIA;;;;;;;0;27111,31;27111,31;0;0;27111,31;27111,31;0;0;0;
;;508;120;31100;63200;2025/000056;2025/090056;CENTRO DE PROTECCIÓN ANIMAL, CRTA.Bº.DE LA FORTUNA,33. OBRAS DE REFORMA;210;LATINA;04;SALUD PÚBLICA;04;SERVICIOS VETERINARIOS;;;;;;;0;18107,46;18107,46;0;0;18107,46;18107,46;12852,55;0;12852,55;
;;508;120;31100;62300;2024/000002;2024/020002;LABORATORIO DE SALUD PÚBLICA, C/EMIGRANTES, 20. ADQUISICIÓN MAQUINARIA;216;HORTALEZA;04;SALUD PÚBLICA;02;HIGIENE;;;;;;;0;8158,06;8158,06;0;0;8158,06;8158,06;8158,06;0;8158,06;
;;508;120;31100;62300;2024/000002;2024/180002;CENTRO MUNICIPAL DE SALUD COMUNITARIA DE SALAMANCA-RETIRO. MAQUINARIA;204;SALAMANCA;04;SALUD PÚBLICA;00;PROMOCIÓN DE LA SALUD Y AT. SANITARIA;;;;;;;0;127,32;127,32;0;0;127,32;127,32;127,32;0;127,32;
;;508;120;31100;62300;2025/000002;2025/000002;MAQUINARIA PARA CENTROS DE MADRID SALUD;998;VARIOS DISTRITOS;04;SALUD PÚBLICA;00;PROMOCIÓN DE LA SALUD Y AT. SANITARIA;;;;;;;1117260;-1073970,79;43289,21;43289,21;0;0;0;0;0;0;
;;508;120;31100;62300;2025/000002;2025/010002;CENTRO DE ATENCIÓN A LAS ADICCIONES (CAD) ARGANZUELA. ADQUISICIÓN MAQUINARIA;202;ARGANZUELA;04;SALUD PÚBLICA;03;DROGODEPENDECIAS;;;;;;;0;1137,04;1137,04;0;0;1137,04;1137,04;0;0;0;
;;508;120;31100;62300;2025/000002;2025/020002;CENTRO DE ATENCIÓN A LAS ADICCIONES (CAD) DE HORTALEZA, C/MINAYA,7. MAQUINARIA;216;HORTALEZA;04;SALUD PÚBLICA;03;DROGODEPENDECIAS;;;;;;;0;1137,04;1137,04;0;0;1137,04;1137,04;0;0;0;
;;508;120;31100;62300;2025/000002;2025/030002;CENTRO ATENCIÓN A LAS ADICCIONES (CAD) LATINA. C/ CAMARENA,10. MAQUINARIA;210;LATINA;04;SALUD PÚBLICA;03;DROGODEPENDECIAS;;;;;;;0;1137,04;1137,04;0;0;1137,04;1137,04;0;0;0;
;;508;120;31100;62300;2025/000002;2025/040002;CENTRO ATENCIÓN A LAS ADICCIONES (CAD) SAN BLAS, C/ALCALÁ, 527. MAQUINARIA;220;SAN BLAS-CANILLEJAS;04;SALUD PÚBLICA;03;DROGODEPENDECIAS;;;;;;;0;1137,04;1137,04;0;0;1137,04;1137,04;0;0;0;
;;508;120;31100;62300;2025/000002;2025/050002;CENTRO DE ATENCIÓN A LAS ADICCIONES (CAD) DE VALLECAS. INSTALACIONES TÉCNICAS;213;PUENTE DE VALLECAS;04;SALUD PÚBLICA;03;DROGODEPENDECIAS;;;;;;;0;4106,38;4106,38;0;0;4106,38;4106,38;0;0;0;
;;508;120;31100;62300;2025/000002;2025/060002;CENTRO DE ATENCIÓN A LAS ADICCIONES (CAD) DE VILLAVERDE. ADQUISICIÓN MAQUINARIA;217;VILLAVERDE;04;SALUD PÚBLICA;03;DROGODEPENDECIAS;;;;;;;0;1137,04;1137,04;0;0;1137,04;1137,04;0;0;0;
;;508;120;31100;62300;2025/000002;2025/070002;SUBDIRECCIÓN GENERAL DE ADICCIONES, AV. DEL MEDITERRÁNEO, 62. MAQUINARIA;203;RETIRO;04;SALUD PÚBLICA;03;DROGODEPENDECIAS;;;;;;;0;397,95;397,95;0;0;397,95;397,95;0;0;0;
;;508;120;31100;62300;2025/000002;2025/080002;CMSc CENTRO MUNICIPAL DE SALUD COMUNITARIA CARABANCHEL. MAQUINARIA;211;CARABANCHEL;04;SALUD PÚBLICA;00;PROMOCIÓN DE LA SALUD Y AT. SANITARIA;;;;;;;0;16577;16577;0;0;16577;16577;16577;0;0;
;;508;120;31100;62300;2025/000002;2025/090002;CENTRO MUNICIPAL DE SALUD COMUNITARIA DE HORTALEZA. ADQUISICIÓN DE MAQUINARIA;216;HORTALEZA;04;SALUD PÚBLICA;00;PROMOCIÓN DE LA SALUD Y AT. SANITARIA;;;;;;;0;16577;16577;0;0;16577;16577;16577;0;0;
;;508;120;31100;62300;2025/000002;2025/100002;SECCIÓN DIAGNÓSTICO POR IMAGEN, C/MONTESA, 22. EDIFICIO A. ADQUISICIÓN MAQUINARIA;204;SALAMANCA;04;SALUD PÚBLICA;00;PROMOCIÓN DE LA SALUD Y AT. SANITARIA;;;;;;;0;342201,54;342201,54;0;0;342201,54;342201,54;0;0;0;
;;508;120;31100;62300;2025/000002;2025/110002;CENTRO DE ESPECIALIDADES MÉDICAS, C/ MONTESA, 22  EDIFICIO B. MAQUINARIA;204;SALAMANCA;04;SALUD PÚBLICA;00;PROMOCIÓN DE LA SALUD Y AT. SANITARIA;;;;;;;0;76191,89;76191,89;0;0;76191,89;76191,89;0;0;0;
;;508;120;31100;62300;2025/000002;2025/120002;DEPARTAMENTO SALUD LABORAL DEL INSTITUTO FABIOLA DE MORA Y ARAGÓN. MAQUINARIA;209;MONCLOA-ARAVACA;04;SALUD PÚBLICA;00;PROMOCIÓN DE LA SALUD Y AT. SANITARIA;;;;;;;0;56188,61;56188,61;0;0;56188,61;56188,61;56187,56;0;15743,31;
;;508;120;31100;62300;2025/000002;2025/130002;LABORATORIO DE SALUD PÚBLICA, C/EMIGRANTES, 20. ADQUISICIÓN MAQUINARIA;216;HORTALEZA;04;SALUD PÚBLICA;02;HIGIENE;;;;;;;0;536911,29;536911,29;0;0;536911,29;536911,29;29597,97;0;29597,97;
;;508;120;31100;62300;2025/000002;2025/140002;DEPARTAMENTO DE FARMACIA, C/ MONTESA, 22 EDIFICIO A. ADQUISICIÓN MAQUINARIA;204;SALAMANCA;04;SALUD PÚBLICA;00;PROMOCIÓN DE LA SALUD Y AT. SANITARIA;;;;;;;0;52410,74;52410,74;0;0;52410,74;52410,74;23761,55;0;23761,55;
;;508;120;31100;62300;2025/000002;2025/160002;DEPARTAMENTO DE INSPECCIÓN CENTRAL Y AGUAS DE CONSUMO. ADQUISICIÓN MAQUINARIA;216;HORTALEZA;04;SALUD PÚBLICA;02;HIGIENE;;;;;;;0;721,16;721,16;0;0;721,16;721,16;721,16;0;721,16;
;;508;120;31100;62300;2025/000002;2025/170002;DEPARTAMENTO DE INSPECCIÓN DE MERCAMADRID. ADQUISICIÓN MAQUINARIA;218;VILLA DE VALLECAS;04;SALUD PÚBLICA;02;HIGIENE;;;;;;;0;4629,46;4629,46;0;0;4629,46;4629,46;4629,46;0;4629,46;
;;508;120;31100;62300;2025/000002;2025/180002;CENTRO DE PROTECCIÓN ANIMAL, CRTA.Bº.DE LA FORTUNA,33. ADQUISICIÓN MAQUINARIA;210;LATINA;04;SALUD PÚBLICA;04;SERVICIOS VETERINARIOS;;;;;;;0;1197,6;1197,6;0;0;1197,6;1197,6;1197,6;0;1197,6;
;;508;120;31100;62300;2025/000002;2025/190002;DEPARTAMENTO DE SEGURIDAD ALIMENTARIA, AV.DEL MEDITERRÁNEO, 62. ADQUISICIÓN DE MAQUINARIA;203;RETIRO;04;SALUD PÚBLICA;00;PROMOCIÓN DE LA SALUD Y AT. SANITARIA;;;;;;;0;227,36;227,36;0;0;227,36;227,36;227,36;0;227,36;
;;508;120;31100;62300;2025/000002;2025/210002;LABORATORIO ANÁLISIS CLÍNICOS, C/ MONTESA, 22. EDIFICIO D. ADQUISICIÓN MAQUINARIA;204;SALAMANCA;04;SALUD PÚBLICA;00;PROMOCIÓN DE LA SALUD Y AT. SANITARIA;;;;;;;0;978,89;978,89;0;0;978,89;978,89;978,89;0;978,89;
;;508;120;31100;62300;2025/000002;2025/230002;CENTRO MUNICIPAL DE SALUD COMUNITARIA DE SALAMANCA-RETIRO. MAQUINARIA;204;SALAMANCA;04;SALUD PÚBLICA;00;PROMOCIÓN DE LA SALUD Y AT. SANITARIA;;;;;;;0;1517,34;1517,34;0;0;1517,34;1517,34;1517,34;0;0;
;;508;120;31100;62301;2024/000003;2024/000003;INSTALACIONES TECNICAS PARA LOS CENTROS DE MADRID SALUD;998;VARIOS DISTRITOS;04;SALUD PÚBLICA;00;PROMOCIÓN DE LA SALUD Y AT. SANITARIA;;;;;;;0;0,25;0,25;0,25;0;0;0;0;0;0;
;;508;120;31100;62301;2024/000003;2024/010003;CENTRO DE ATENCIÓN A LAS ADICCIONES (CAD) TETUÁN. INSTALACIONES TÉCNICAS;206;TETUAN;04;SALUD PÚBLICA;03;DROGODEPENDECIAS;;;;;;;0;1350,11;1350,11;0;0;1350,11;1350,11;1350,11;0;1350,11;
;;508;120;31100;62301;2024/000003;2024/030003;CENTRO DE ATENCIÓN A LAS ADICCIONES (CAD) DE VILLAVERDE. INSTALACIONES TÉCNICAS;217;VILLAVERDE;04;SALUD PÚBLICA;03;DROGODEPENDECIAS;;;;;;;0;1350,11;1350,11;0;0;1350,11;1350,11;1350,11;0;1350,11;
;;508;120;31100;62301;2024/000003;2024/040003;EDIFICIO SEDE MADRID SALUD, AV.DEL MEDITERRÁNEO, 62. INSTALACIONES TÉCNICAS;999;NO DISTRITALIZABLE;00;INVERSIONES DE CARÁCTER GENERAL;01;SERVICIOS ADMINISTRATIVOS CENTRALES;;;;;;;0;1350,11;1350,11;0;0;1350,11;1350,11;1350,11;0;1350,11;
;;508;120;31100;62301;2024/000003;2024/050003;CENTRO MUNICIPAL DE SALUD COMUNITARIA TETUÁN. INSTALACIONES TÉCNICAS;206;TETUAN;04;SALUD PÚBLICA;00;PROMOCIÓN DE LA SALUD Y AT. SANITARIA;;;;;;;0;1350,11;1350,11;0;0;1350,11;1350,11;1350,11;0;1350,11;
;;508;120;31100;62301;2024/000003;2024/060003;CENTRO MUNICIPAL DE SALUD COMUNITARIA SAN BLAS. INSTALACIONES TÉCNICAS;220;SAN BLAS-CANILLEJAS;04;SALUD PÚBLICA;00;PROMOCIÓN DE LA SALUD Y AT. SANITARIA;;;;;;;0;1350,11;1350,11;0;0;1350,11;1350,11;1350,11;0;1350,11;
;;508;120;31100;62301;2024/000003;2024/080003;CENTRO MUNICIPAL DE SALUD COMUNITARIA CHAMBERÍ. INSTALACIONES TÉCNICAS;207;CHAMBERI;04;SALUD PÚBLICA;00;PROMOCIÓN DE LA SALUD Y AT. SANITARIA;;;;;;;0;1350,11;1350,11;0;0;1350,11;1350,11;1350,11;0;1350,11;
;;508;120;31100;62301;2024/000003;2024/090003;CMSc CENTRO MUNICIPAL DE SALUD COMUNITARIA DE VICÁLVARO. INSTALACIONES TÉCNICAS;219;VICALVARO;04;SALUD PÚBLICA;00;PROMOCIÓN DE LA SALUD Y AT. SANITARIA;;;;;;;0;1350,11;1350,11;0;0;1350,11;1350,11;1350,11;0;1350,11;
;;508;120;31100;62301;2024/000003;2024/100003;CMSc CENTRO MUNICIPPAL DE SALUD COMUNITARIA VILLA DE VALLECAS. INSTALACIONES TÉCNICAS;218;VILLA DE VALLECAS;04;SALUD PÚBLICA;00;PROMOCIÓN DE LA SALUD Y AT. SANITARIA;;;;;;;0;1350,11;1350,11;0;0;1350,11;1350,11;1350,11;0;1350,11;
;;508;120;31100;62301;2024/000003;2024/120003;CENTRO ATENCIÓN A LAS ADICCIONES (CAD) LATINA. INSTALACIONES TÉCNICAS;210;LATINA;04;SALUD PÚBLICA;03;DROGODEPENDECIAS;;;;;;;0;1350;1350;0;0;1350;1350;1350;0;1350;
;;508;120;31100;62301;2024/000003;2024/140003;CENTRO MUNICIPAL DE SALUD COMUNITARIA DE PUENTE DE VALLECAS. INSTALACIONES TÉCNICAS;213;PUENTE DE VALLECAS;04;SALUD PÚBLICA;00;PROMOCIÓN DE LA SALUD Y AT. SANITARIA;;;;;;;0;1350,11;1350,11;0;0;1350,11;1350,11;1350,11;0;1350,11;
;;508;120;31100;62301;2024/000003;2024/150003;CMSc CENTRO MUNICIPAL DE SALUD COMUNITARIA DE FUENCARRAL. INSTALACIONES TÉCNICAS;208;FUENCARRAL-EL PARDO;04;SALUD PÚBLICA;00;PROMOCIÓN DE LA SALUD Y AT. SANITARIA;;;;;;;0;1350,11;1350,11;0;0;1350,11;1350,11;1350,11;0;1350,11;
;;508;120;31100;62301;2024/000003;2024/160003;CENTRO DE SALUD BUCODENTAL, AV.FELICIDAD, 17. INSTALACIONES TÉCNICAS;217;VILLAVERDE;04;SALUD PÚBLICA;00;PROMOCIÓN DE LA SALUD Y AT. SANITARIA;;;;;;;0;1350,11;1350,11;0;0;1350,11;1350,11;1350,11;0;1350,11;
;;508;120;31100;62301;2024/000003;2024/170003; CENTRO JOVEN DE MADRID SALUD, C/NAVAS DE TOLOSA,10. INSTALACIONES TÉCNICAS;201;CENTRO;04;SALUD PÚBLICA;00;PROMOCIÓN DE LA SALUD Y AT. SANITARIA;;;;;;;0;1350,11;1350,11;0;0;1350,11;1350,11;1350,11;0;1350,11;
;;508;120;31100;62301;2024/000003;2024/180003;CMSc CENTRO MUNICIPAL DE SALUD COMUNITARIA DE ARGANZUELA. INSTALACIONES TÉCNICAS;202;ARGANZUELA;04;SALUD PÚBLICA;00;PROMOCIÓN DE LA SALUD Y AT. SANITARIA;;;;;;;0;1350,11;1350,11;0;0;1350,11;1350,11;1350,11;0;1350,11;
;;508;120;31100;62301;2024/000003;2024/190003;CMSc CENTRO MUNICIPAL DE SALUD COMUNITARIA CARABANCHEL. INSTALACIONES TÉCNICAS;211;CARABANCHEL;04;SALUD PÚBLICA;00;PROMOCIÓN DE LA SALUD Y AT. SANITARIA;;;;;;;0;1350,11;1350,11;0;0;1350,11;1350,11;1350,11;0;1350,11;
;;508;120;31100;62301;2024/000003;2024/200003;CMSc CENTRO MUNICIPAL DE SALUD COMUNITARIA DE CENTRO. INSTALACIONES TÉCNICAS;201;CENTRO;04;SALUD PÚBLICA;00;PROMOCIÓN DE LA SALUD Y AT. SANITARIA;;;;;;;0;1350,11;1350,11;0;0;1350,11;1350,11;1350,11;0;1350,11;
;;508;120;31100;62301;2024/000003;2024/210003;CMSc CENTRO MUNICIPAL DE SALUD COMUNITARIA CIUDAD LINEAL. INSTALACIONES TÉCNICAS;215;CIUDAD LINEAL;04;SALUD PÚBLICA;00;PROMOCIÓN DE LA SALUD Y AT. SANITARIA;;;;;;;0;1350,11;1350,11;0;0;1350,11;1350,11;1350,11;0;1350,11;
;;508;120;31100;62301;2024/000003;2024/220003;CMSc CENTRO MUNICIPAL DE SALUD COMUNITARIA DE HORTALEZA. INSTALACIONES TÉCNICAS;216;HORTALEZA;04;SALUD PÚBLICA;00;PROMOCIÓN DE LA SALUD Y AT. SANITARIA;;;;;;;0;1350,11;1350,11;0;0;1350,11;1350,11;1350,11;0;1350,11;
;;508;120;31100;62301;2024/000003;2024/230003;CMSc CENTRO MUNICIPAL DE SALUD COMUNITARIA LATINA. INSTALACIONES TÉCNICAS;210;LATINA;04;SALUD PÚBLICA;00;PROMOCIÓN DE LA SALUD Y AT. SANITARIA;;;;;;;0;1350,11;1350,11;0;0;1350,11;1350,11;1350,11;0;1350,11;
;;508;120;31100;62301;2024/000003;2024/240003;CMSc CENTRO MUNICIPAL DE SALUD COMUNITARIA DE SALAMANCA-RETIRO. INSTALACIONES TÉCNICAS;204;SALAMANCA;04;SALUD PÚBLICA;00;PROMOCIÓN DE LA SALUD Y AT. SANITARIA;;;;;;;0;1350,11;1350,11;0;0;1350,11;1350,11;1350,11;0;1350,11;
;;508;120;31100;62301;2024/000003;2024/250003;CMSc CENTRO MUNICIPAL DE SALUD COMUNITARIA DE USERA. INSTALACIONES TÉCNICAS;212;USERA;04;SALUD PÚBLICA;00;PROMOCIÓN DE LA SALUD Y AT. SANITARIA;;;;;;;0;1350,11;1350,11;0;0;1350,11;1350,11;1350,11;0;1350,11;
;;508;120;31100;62301;2024/000003;2024/260003;CMSc CENTRO MUNICIPAL DE SALUD COMUNITARIA DE VILLAVERDE. INSTALACIONES TÉCNICAS;217;VILLAVERDE;04;SALUD PÚBLICA;00;PROMOCIÓN DE LA SALUD Y AT. SANITARIA;;;;;;;0;1350,11;1350,11;0;0;1350,11;1350,11;1350,11;0;1350,11;
;;508;120;31100;62301;2024/000003;2024/270003;CENTRO DE ATENCIÓN A LAS ADICCIONES (CAD) DE ARGANZUELA. INSTALACIONES TÉCNICAS;202;ARGANZUELA;04;SALUD PÚBLICA;03;DROGODEPENDECIAS;;;;;;;0;1350,11;1350,11;0;0;1350,11;1350,11;1350,11;0;1350,11;
;;508;120;31100;62301;2024/000003;2024/280003;CENTRO DE ATENCIÓN A LAS ADICCIONES (CAD) DE HORTALEZA. INSTALACIONES TÉCNICAS;216;HORTALEZA;04;SALUD PÚBLICA;03;DROGODEPENDECIAS;;;;;;;0;1350,11;1350,11;0;0;1350,11;1350,11;1350,11;0;1350,11;
;;508;120;31100;62301;2024/000003;2024/290003;CENTRO ATENCIÓN A LAS ADICCIONES (CAD) SAN BLAS, C/ ALCALÁ, 527. INSTALACIONES TÉCNICAS;220;SAN BLAS-CANILLEJAS;04;SALUD PÚBLICA;03;DROGODEPENDECIAS;;;;;;;0;1350,11;1350,11;0;0;1350,11;1350,11;1350,11;0;1350,11;
;;508;120;31100;62301;2024/000003;2024/300003;CENTRO DE ATENCIÓN A LAS ADICCIONES (CAD) DE VALLECAS. INSTALACIONES TÉCNICAS;213;PUENTE DE VALLECAS;04;SALUD PÚBLICA;03;DROGODEPENDECIAS;;;;;;;0;1350,11;1350,11;0;0;1350,11;1350,11;1350,11;0;1350,11;
;;508;120;31100;62301;2025/000053;2025/000053;INSTALACIONES TECNICAS PARA CENTROS DE MADRID SALUD;998;VARIOS DISTRITOS;04;SALUD PÚBLICA;00;PROMOCIÓN DE LA SALUD Y AT. SANITARIA;;;;;;;68150;-57494,08;10655,92;10655,92;0;0;0;0;0;0;
;;508;120;31100;62301;2025/000053;2025/010053;LABORATORIO DE SALUD PÚBLICA, C/EMIGRANTES, 20. INSTALACIONES TÉCNICAS;216;HORTALEZA;04;SALUD PÚBLICA;02;HIGIENE;;;;;;;0;5808;5808;0;0;5808;5808;5808;0;5808;
;;508;120;31100;62301;2025/000053;2025/020053;CENTRO DE ATENCIÓN A LAS ADICCIONES (CAD) DE VILLAVERDE. INSTALACIONES TÉCNICAS;217;VILLAVERDE;04;SALUD PÚBLICA;03;DROGODEPENDECIAS;;;;;;;0;5597,45;5597,45;0;0;5597,45;5597,45;5597,45;0;5597,45;
;;508;120;31100;62301;2025/000053;2025/040053;CMSc CENTRO MUNICIPAL DE SALUD COMUNITARIA DE VILLAVERDE. INSTALACIONES TÉCNICAS;217;VILLAVERDE;04;SALUD PÚBLICA;00;PROMOCIÓN DE LA SALUD Y AT. SANITARIA;;;;;;;0;3615,56;3615,56;0;0;3615,56;3615,56;0;0;0;
;;508;120;31100;62301;2025/000053;2025/050053;CENTRO DE ATENCIÓN A LAS ADICCIONES (CAD) DE ARGANZUELA. INSTALACIONES TÉCNICAS;202;ARGANZUELA;04;SALUD PÚBLICA;03;DROGODEPENDECIAS;;;;;;;0;3615,55;3615,55;0;0;3615,55;3615,55;0;0;0;
;;508;120;31100;62301;2025/000053;2025/060053;CENTRO ATENCIÓN A LAS ADICCIONES (CAD) LATINA. INSTALACIONES TÉCNICAS;210;LATINA;04;SALUD PÚBLICA;03;DROGODEPENDECIAS;;;;;;;0;3615,55;3615,55;0;0;3615,55;3615,55;0;0;0;
;;508;120;31100;62301;2025/000053;2025/070053;CENTRO ATENCIÓN A LAS ADICCIONES (CAD) SAN BLAS, C/ ALCALÁ, 527. INSTALACIONES TÉCNICAS;220;SAN BLAS-CANILLEJAS;04;SALUD PÚBLICA;03;DROGODEPENDECIAS;;;;;;;0;3615,55;3615,55;0;0;3615,55;3615,55;0;0;0;
;;508;120;31100;62301;2025/000053;2025/080053;CENTRO DE ATENCIÓN A LAS ADICCIONES (CAD) TETUÁN. INSTALACIONES TÉCNICAS;206;TETUAN;04;SALUD PÚBLICA;03;DROGODEPENDECIAS;;;;;;;0;3615,55;3615,55;0;0;3615,55;3615,55;0;0;0;
;;508;120;31100;62301;2025/000053;2025/090053;CENTRO DE ATENCIÓN A LAS ADICCIONES (CAD) DE HORTALEZA. INSTALACIONES TÉCNICAS;216;HORTALEZA;04;SALUD PÚBLICA;03;DROGODEPENDECIAS;;;;;;;0;9885,07;9885,07;0;0;9885,07;9885,07;0;0;0;
;;508;120;31100;62301;2025/000053;2025/140053;EDIFICIO SEDE MADRID SALUD, AV.DEL MEDITERRÁNEO, 62. INSTALACIONES TÉCNICAS;999;NO DISTRITALIZABLE;00;INVERSIONES DE CARÁCTER GENERAL;01;SERVICIOS ADMINISTRATIVOS CENTRALES;;;;;;;0;2660,22;2660,22;0;0;2660,22;2660,22;0;0;0;
;;508;120;31100;62301;2025/000053;2025/150053;CMSc CENTRO MUNICIPAL DE SALUD COMUNITARIA CARABANCHEL. INSTALACIONES TÉCNICAS;211;CARABANCHEL;04;SALUD PÚBLICA;00;PROMOCIÓN DE LA SALUD Y AT. SANITARIA;;;;;;;0;6402,68;6402,68;0;0;6402,68;6402,68;0;0;0;
;;508;120;31100;62301;2025/000053;2025/160053;CMSc CENTRO MUNICIPAL DE SALUD COMUNITARIA CIUDAD LINEAL. INSTALACIONES TÉCNICAS;215;CIUDAD LINEAL;04;SALUD PÚBLICA;00;PROMOCIÓN DE LA SALUD Y AT. SANITARIA;;;;;;;0;6402,68;6402,68;0;0;6402,68;6402,68;0;0;0;
;;508;120;31100;63200;2025/000056;2025/100056;EDIFICIO SEDE MADRID SALUD, AV.DEL MEDITERRÁNEO, 62. OBRAS DE REFORMA;203;RETIRO;00;INVERSIONES DE CARÁCTER GENERAL;01;SERVICIOS ADMINISTRATIVOS CENTRALES;;;;;;;0;42065,66;42065,66;0;0;42065,66;42065,66;41312,78;0;33359,62;
;;508;120;31100;63200;2025/000056;2025/110056;CMSc CENTRO MUNICIPAL DE SALUD COMUNITARIA DE TETUÁN. OBRAS DE REFORMA;206;TETUAN;04;SALUD PÚBLICA;00;PROMOCIÓN DE LA SALUD Y AT. SANITARIA;;;;;;;0;48381,58;48381,58;0;0;48381,58;48381,58;48381,58;0;48381,58;
;;508;120;31100;63301;2025/000053;2025/000053;INSTALACIONES TECNICAS PARA CENTROS DE MADRID SALUD;998;VARIOS DISTRITOS;04;SALUD PÚBLICA;00;PROMOCIÓN DE LA SALUD Y AT. SANITARIA;;;;;;;80000;-50144,56;29855,44;29855,44;0;0;0;0;0;0;
;;508;120;31100;63301;2025/000053;2025/010053;LABORATORIO DE SALUD PÚBLICA, C/EMIGRANTES, 20. INSTALACIONES TÉCNICAS;216;HORTALEZA;04;SALUD PÚBLICA;02;HIGIENE;;;;;;;0;5687;5687;0;0;5687;5687;5687;0;0;
;;508;120;31100;63301;2025/000053;2025/030053;CENTRO DE PROTECCIÓN ANIMAL. INSTALACIONES TÉCNICAS;210;LATINA;04;SALUD PÚBLICA;04;SERVICIOS VETERINARIOS;;;;;;;0;31576,08;31576,08;0;0;31576,08;31576,08;14587,68;0;14587,68;
;;508;120;31100;63301;2025/000053;2025/040053;CMSc CENTRO MUNICIPAL DE SALUD COMUNITARIA DE VILLAVERDE. INSTALACIONES TÉCNICAS;217;VILLAVERDE;04;SALUD PÚBLICA;00;PROMOCIÓN DE LA SALUD Y AT. SANITARIA;;;;;;;0;9059,27;9059,27;0;0;9059,27;9059,27;9059,27;0;9059,27;
;;508;120;31100;63301;2025/000053;2025/090053;CENTRO DE ATENCIÓN A LAS ADICCIONES (CAD) DE HORTALEZA. INSTALACIONES TÉCNICAS;216;HORTALEZA;04;SALUD PÚBLICA;03;DROGODEPENDECIAS;;;;;;;0;10454,4;10454,4;0;0;10454,4;10454,4;10454,4;0;10454,4;
;;508;120;31100;63301;2025/000053;2025/100053;EDIFICIO A COMPLEJO SANITARIO MONTESA. INSTALACIONES TÉCNICAS;204;SALAMANCA;04;SALUD PÚBLICA;00;PROMOCIÓN DE LA SALUD Y AT. SANITARIA;;;;;;;0;18119,7;18119,7;0;0;18119,7;18119,7;0;0;0;
;;508;120;31100;63301;2025/000053;2025/110053;CENTRO MUNICIPAL DE GESTIÓN DE COLONIAS FELINAS DE LA CASA DE CAMPO. INSTALACIONES TÉCNICAS;209;MONCLOA-ARAVACA;04;SALUD PÚBLICA;04;SERVICIOS VETERINARIOS;;;;;;;0;7845,51;7845,51;0;0;7845,51;7845,51;7845,51;0;7845,51;
;;508;120;31100;63301;2025/000053;2025/120053;CMSc CENTRO MUNICIPAL DE SALUD COMUNITARIA DE SAN BLAS.INSTALACIONES TÉCNICAS;220;SAN BLAS-CANILLEJAS;04;SALUD PÚBLICA;00;PROMOCIÓN DE LA SALUD Y AT. SANITARIA;;;;;;;0;16740,35;16740,35;0;0;16740,35;16740,35;0;0;0;
;;508;120;31100;63301;2025/000053;2025/130053; INSTITUTO FABIOLA DE MORA Y ARAGÓN. INSTALACIONES TÉCNICAS;209;MONCLOA-ARAVACA;04;SALUD PÚBLICA;00;PROMOCIÓN DE LA SALUD Y AT. SANITARIA;;;;;;;0;17169,9;17169,9;0;0;17169,9;17169,9;17169,9;0;0;
;;508;120;31100;63301;2025/000053;2025/160053;CMSc CENTRO MUNICIPAL DE SALUD COMUNITARIA CIUDAD LINEAL. INSTALACIONES TÉCNICAS;215;CIUDAD LINEAL;04;SALUD PÚBLICA;00;PROMOCIÓN DE LA SALUD Y AT. SANITARIA;;;;;;;0;18119,75;18119,75;0;0;18119,75;18119,75;0;0;0;
;;508;120;31100;64001;2025/000058;2025/000058;LICENCIAS PLATAFORMA CINEFORUM CMScs;998;VARIOS DISTRITOS;04;SALUD PÚBLICA;00;PROMOCIÓN DE LA SALUD Y AT. SANITARIA;;;;;;;0;7100;7100;21,5;0;7078,5;7078,5;0;0;0;
;;508;120;31100;64100;2025/000057;2025/000057;APLICACIONES INFORMATICAS MADRID SALUD;999;NO DISTRITALIZABLE;04;SALUD PÚBLICA;00;PROMOCIÓN DE LA SALUD Y AT. SANITARIA;;;;;;;68548;-7100;61448;7317,44;0;54130,56;54130,56;46706;0;39548,85;
;;509;150;15109;62302;2025/000395;2025/000395;ADQUISICIÓN DE ÚTILES Y HERRAMIENTAS PARA LA AGENCIA DE ACTIVIDADES;999;NO DISTRITALIZABLE;00;INVERSIONES DE CARÁCTER GENERAL;01;SERVICIOS ADMINISTRATIVOS CENTRALES;;;;;;;0;1565,37;1565,37;0;0;1565,37;1565,37;1565,37;0;1565,37;
;;509;150;15109;62500;2025/000064;2025/000064;EQUIPAMIENTO PARA AGENCIA DE ACTIVIDADES;999;NO DISTRITALIZABLE;00;INVERSIONES DE CARÁCTER GENERAL;01;SERVICIOS ADMINISTRATIVOS CENTRALES;;;;;;;7835;435,17;8270,17;0;0;8270,17;8270,17;0;0;0;
;;509;150;15109;62599;2025/000401;2025/000401;ADQUISICIÓN DE ROLL UP FORMATO ABIERTO. SEDE AGENCIA DE ACTIVIDADES;999;NO DISTRITALIZABLE;00;INVERSIONES DE CARÁCTER GENERAL;01;SERVICIOS ADMINISTRATIVOS CENTRALES;;;;;;;0;102,6;102,6;0;0;102,6;102,6;102,6;0;102,6;
;;509;150;15109;63500;2025/000064;2025/000064;EQUIPAMIENTO PARA AGENCIA DE ACTIVIDADES;999;NO DISTRITALIZABLE;00;INVERSIONES DE CARÁCTER GENERAL;01;SERVICIOS ADMINISTRATIVOS CENTRALES;;;;;;;0;5336,1;5336,1;0;0;5336,1;5336,1;0;0;0;
;;;;;;;;;;;;;;;;;;;;;;;;;;;;;;;
